home_team,away_team,home_score,away_score,status,date,netsport_id,matchday,season,match_id,result
Golden Arrows,Chippa United,0,0,FINISHED,2026-08-01,21920138,Matchday 1,2026-2027,21920138,D
Stellenbosch,AmaZulu,0,1,FINISHED,2026-08-01,21920135,Matchday 1,2026-2027,21920135,A
Orlando Pirates,Milford FC,2,0,FINISHED,2026-08-01,21920061,Matchday 1,2026-2027,21920061,H
Sekhukhune United,Durban City,1,0,FINISHED,2026-08-01,21920101,Matchday 1,2026-2027,21920101,H
Kruger United,Kaizer Chiefs,1,3,FINISHED,2026-08-01,21920046,Matchday 1,2026-2027,21920046,A
Richards Bay,Polokwane City,1,2,FINISHED,2026-08-02,21920230,Matchday 1,2026-2027,21920230,A
Siwelele,TS Galaxy,2,2,FINISHED,2026-08-02,21920097,Matchday 1,2026-2027,21920097,D
Mamelodi Sundowns,Marumo Gallants,2,0,FINISHED,2026-08-19,21920171,Matchday 1,2026-2027,21920171,H
TS Galaxy,Mamelodi Sundowns,2,3,FINISHED,2026-08-11,21920224,Matchday 2,2026-2027,21920224,A
Polokwane City,Stellenbosch,3,3,FINISHED,2026-08-11,21920174,Matchday 2,2026-2027,21920174,D
Marumo Gallants,Kruger United,0,0,FINISHED,2026-08-11,21920141,Matchday 2,2026-2027,21920141,D
Chippa United,Richards Bay,1,1,FINISHED,2026-08-11,21920100,Matchday 2,2026-2027,21920100,D
Milford FC,Siwelele,1,0,FINISHED,2026-08-12,21920225,Matchday 2,2026-2027,21920225,H
Kaizer Chiefs,Sekhukhune United,2,0,FINISHED,2026-08-12,21920052,Matchday 2,2026-2027,21920052,H
AmaZulu,Orlando Pirates,1,1,FINISHED,2026-08-12,21920117,Matchday 2,2026-2027,21920117,D
Durban City,Golden Arrows,0,0,FINISHED,2026-08-12,21920080,Matchday 2,2026-2027,21920080,D
Stellenbosch,Marumo Gallants,3,1,FINISHED,2026-08-14,21920036,Matchday 3,2026-2027,21920036,H
Kaizer Chiefs,Mamelodi Sundowns,1,1,FINISHED,2026-08-15,21920192,Matchday 3,2026-2027,21920192,D
AmaZulu,Siwelele,2,0,FINISHED,2026-08-15,21920126,Matchday 3,2026-2027,21920126,H
Sekhukhune United,Polokwane City,2,0,FINISHED,2026-08-15,21920153,Matchday 3,2026-2027,21920153,H
Durban City,Richards Bay,1,1,FINISHED,2026-08-15,21920034,Matchday 3,2026-2027,21920034,D
Milford FC,Kruger United,2,1,FINISHED,2026-08-15,21920115,Matchday 3,2026-2027,21920115,H
Chippa United,Orlando Pirates,0,3,FINISHED,2026-08-16,21920109,Matchday 3,2026-2027,21920109,A
TS Galaxy,Golden Arrows,0,0,FINISHED,2026-08-16,21920201,Matchday 3,2026-2027,21920201,D
Siwelele,Chippa United,1,1,FINISHED,2026-08-25,21920151,Matchday 4,2026-2027,21920151,D
Kruger United,Durban City,0,2,FINISHED,2026-08-25,21920047,Matchday 4,2026-2027,21920047,A
Marumo Gallants,TS Galaxy,2,3,FINISHED,2026-08-25,21920067,Matchday 4,2026-2027,21920067,A
Orlando Pirates,Sekhukhune United,2,0,FINISHED,2026-08-25,21920203,Matchday 4,2026-2027,21920203,H
Polokwane City,Milford FC,0,0,FINISHED,2026-08-26,21920159,Matchday 4,2026-2027,21920159,D
Golden Arrows,Stellenbosch,1,0,FINISHED,2026-08-26,21920228,Matchday 4,2026-2027,21920228,H
Mamelodi Sundowns,AmaZulu,5,2,FINISHED,2026-08-26,21920122,Matchday 4,2026-2027,21920122,H
Richards Bay,Kaizer Chiefs,2,2,FINISHED,2026-08-26,21920164,Matchday 4,2026-2027,21920164,D
Durban City,Stellenbosch,0,0,FINISHED,2026-09-01,21920186,Matchday 5,2026-2027,21920186,D
Kruger United,Orlando Pirates,0,4,FINISHED,2026-09-01,21920079,Matchday 5,2026-2027,21920079,A
Richards Bay,AmaZulu,1,2,FINISHED,2026-09-04,21920148,Matchday 5,2026-2027,21920148,A
Marumo Gallants,Polokwane City,2,2,FINISHED,2026-09-04,21920180,Matchday 5,2026-2027,21920180,D
Chippa United,Milford FC,0,0,FINISHED,2026-09-05,21920200,Matchday 5,2026-2027,21920200,D
Sekhukhune United,TS Galaxy,0,0,FINISHED,2026-09-05,21920193,Matchday 5,2026-2027,21920193,D
Golden Arrows,Mamelodi Sundowns,1,2,FINISHED,2026-09-06,21920120,Matchday 5,2026-2027,21920120,A
Kaizer Chiefs,Siwelele,3,2,FINISHED,2026-09-06,21920202,Matchday 5,2026-2027,21920202,H
Stellenbosch,Sekhukhune United,1,1,FINISHED,2026-09-11,21920185,Matchday 6,2026-2027,21920185,D
AmaZulu,Marumo Gallants,1,0,FINISHED,2026-09-12,21920146,Matchday 6,2026-2027,21920146,H
Polokwane City,Kaizer Chiefs,1,1,FINISHED,2026-09-12,21920215,Matchday 6,2026-2027,21920215,D
Chippa United,Mamelodi Sundowns,1,1,FINISHED,2026-09-12,21920188,Matchday 6,2026-2027,21920188,D
Siwelele,Golden Arrows,1,1,FINISHED,2026-09-13,21920116,Matchday 6,2026-2027,21920116,D
Milford FC,Richards Bay,5,1,FINISHED,2026-09-13,21920084,Matchday 6,2026-2027,21920084,H
TS Galaxy,Kruger United,0,1,FINISHED,2026-09-13,21920156,Matchday 6,2026-2027,21920156,A
Orlando Pirates,Durban City,,,UPCOMING,2026-09-17,21920112,Matchday 6,2026-2027,21920112,
Mamelodi Sundowns,Siwelele,3,0,FINISHED,2026-09-09,21920012,Matchday 7,2026-2027,21920012,H
Richards Bay,Sekhukhune United,,,UPCOMING,2026-09-19,21920165,Matchday 7,2026-2027,21920165,
Polokwane City,AmaZulu,,,UPCOMING,2026-09-19,21920050,Matchday 7,2026-2027,21920050,
Kruger United,Stellenbosch,,,UPCOMING,2026-09-19,21920195,Matchday 7,2026-2027,21920195,
Golden Arrows,Kaizer Chiefs,,,UPCOMING,2026-09-20,21920199,Matchday 7,2026-2027,21920199,
Milford FC,Durban City,,,UPCOMING,2026-09-20,21920145,Matchday 7,2026-2027,21920145,
Marumo Gallants,Orlando Pirates,,,UPCOMING,2026-09-20,21920170,Matchday 7,2026-2027,21920170,
TS Galaxy,Chippa United,,,UPCOMING,2026-09-20,21920088,Matchday 7,2026-2027,21920088,
Durban City,AmaZulu,,,UPCOMING,2026-10-13,21920123,Matchday 8,2026-2027,21920123,
Golden Arrows,Milford FC,,,UPCOMING,2026-10-17,21920024,Matchday 8,2026-2027,21920024,
Chippa United,Kruger United,,,UPCOMING,2026-10-17,21920176,Matchday 8,2026-2027,21920176,
Kaizer Chiefs,Stellenbosch,,,UPCOMING,2026-10-17,21920173,Matchday 8,2026-2027,21920173,
Sekhukhune United,Marumo Gallants,,,UPCOMING,2026-10-17,21920196,Matchday 8,2026-2027,21920196,
Richards Bay,Mamelodi Sundowns,,,UPCOMING,2026-10-17,21920223,Matchday 8,2026-2027,21920223,
Siwelele,Polokwane City,,,UPCOMING,2026-10-18,21920099,Matchday 8,2026-2027,21920099,
Orlando Pirates,TS Galaxy,,,UPCOMING,2026-10-18,21920191,Matchday 8,2026-2027,21920191,
Marumo Gallants,Siwelele,,,UPCOMING,2026-10-30,21920054,Matchday 9,2026-2027,21920054,
Stellenbosch,Chippa United,,,UPCOMING,2026-10-30,21920007,Matchday 9,2026-2027,21920007,
Orlando Pirates,Kaizer Chiefs,,,UPCOMING,2026-10-31,21920178,Matchday 9,2026-2027,21920178,
AmaZulu,Golden Arrows,,,UPCOMING,2026-10-31,21920063,Matchday 9,2026-2027,21920063,
Polokwane City,TS Galaxy,,,UPCOMING,2026-10-31,21920114,Matchday 9,2026-2027,21920114,
Kruger United,Richards Bay,,,UPCOMING,2026-10-31,21920071,Matchday 9,2026-2027,21920071,
Mamelodi Sundowns,Durban City,,,UPCOMING,2026-11-01,21920118,Matchday 9,2026-2027,21920118,
Milford FC,Sekhukhune United,,,UPCOMING,2026-11-01,21920217,Matchday 9,2026-2027,21920217,
Mamelodi Sundowns,Milford FC,2,0,FINISHED,2026-09-02,21920095,Matchday 10,2026-2027,21920095,H
Siwelele,Orlando Pirates,,,UPCOMING,2026-11-04,21920214,Matchday 10,2026-2027,21920214,
Chippa United,Sekhukhune United,,,UPCOMING,2026-11-04,21920043,Matchday 10,2026-2027,21920043,
Polokwane City,Kruger United,,,UPCOMING,2026-11-04,21920212,Matchday 10,2026-2027,21920212,
Golden Arrows,Marumo Gallants,,,UPCOMING,2026-11-04,21920098,Matchday 10,2026-2027,21920098,
Kaizer Chiefs,AmaZulu,,,UPCOMING,2026-11-04,21920086,Matchday 10,2026-2027,21920086,
TS Galaxy,Durban City,,,UPCOMING,2026-11-04,21920065,Matchday 10,2026-2027,21920065,
Richards Bay,Stellenbosch,,,UPCOMING,2026-11-04,21920019,Matchday 10,2026-2027,21920019,
Stellenbosch,TS Galaxy,,,UPCOMING,2026-11-27,21920030,Matchday 11,2026-2027,21920030,
Durban City,Polokwane City,,,UPCOMING,2026-11-27,21920022,Matchday 11,2026-2027,21920022,
Chippa United,Kaizer Chiefs,,,UPCOMING,2026-11-28,21920083,Matchday 11,2026-2027,21920083,
AmaZulu,Milford FC,,,UPCOMING,2026-11-28,21920237,Matchday 11,2026-2027,21920237,
Orlando Pirates,Golden Arrows,,,UPCOMING,2026-11-28,21920110,Matchday 11,2026-2027,21920110,
Kruger United,Mamelodi Sundowns,,,UPCOMING,2026-11-28,21920053,Matchday 11,2026-2027,21920053,
Marumo Gallants,Richards Bay,,,UPCOMING,2026-11-29,21920168,Matchday 11,2026-2027,21920168,
Sekhukhune United,Siwelele,,,UPCOMING,2026-11-29,21920010,Matchday 11,2026-2027,21920010,
Marumo Gallants,Chippa United,,,UPCOMING,2026-12-04,21920194,Matchday 12,2026-2027,21920194,
Golden Arrows,Kruger United,,,UPCOMING,2026-12-05,21920040,Matchday 12,2026-2027,21920040,
Orlando Pirates,Stellenbosch,,,UPCOMING,2026-12-05,21920127,Matchday 12,2026-2027,21920127,
Mamelodi Sundowns,Polokwane City,,,UPCOMING,2026-12-05,21920032,Matchday 12,2026-2027,21920032,
Sekhukhune United,AmaZulu,,,UPCOMING,2026-12-05,21920139,Matchday 12,2026-2027,21920139,
Milford FC,Kaizer Chiefs,,,UPCOMING,2026-12-05,21920129,Matchday 12,2026-2027,21920129,
Siwelele,Durban City,,,UPCOMING,2026-12-06,21920229,Matchday 12,2026-2027,21920229,
TS Galaxy,Richards Bay,,,UPCOMING,2026-12-06,21920073,Matchday 12,2026-2027,21920073,
Stellenbosch,Milford FC,,,UPCOMING,2026-12-15,21920060,Matchday 13,2026-2027,21920060,
Chippa United,AmaZulu,,,UPCOMING,2026-12-15,21920169,Matchday 13,2026-2027,21920169,
Kruger United,Siwelele,,,UPCOMING,2026-12-15,21920008,Matchday 13,2026-2027,21920008,
Kaizer Chiefs,TS Galaxy,,,UPCOMING,2026-12-15,21920119,Matchday 13,2026-2027,21920119,
Mamelodi Sundowns,Sekhukhune United,,,UPCOMING,2026-12-15,21920014,Matchday 13,2026-2027,21920014,
Durban City,Marumo Gallants,,,UPCOMING,2026-12-15,21920049,Matchday 13,2026-2027,21920049,
Richards Bay,Orlando Pirates,,,UPCOMING,2026-12-16,21920069,Matchday 13,2026-2027,21920069,
Polokwane City,Golden Arrows,,,UPCOMING,2026-12-16,21920204,Matchday 13,2026-2027,21920204,
Stellenbosch,Mamelodi Sundowns,,,UPCOMING,2026-12-18,21920189,Matchday 14,2026-2027,21920189,
Marumo Gallants,Kaizer Chiefs,,,UPCOMING,2026-12-19,21920070,Matchday 14,2026-2027,21920070,
Sekhukhune United,Golden Arrows,,,UPCOMING,2026-12-19,21920207,Matchday 14,2026-2027,21920207,
AmaZulu,Kruger United,,,UPCOMING,2026-12-19,21920011,Matchday 14,2026-2027,21920011,
Orlando Pirates,Polokwane City,,,UPCOMING,2026-12-19,21920157,Matchday 14,2026-2027,21920157,
TS Galaxy,Milford FC,,,UPCOMING,2026-12-20,21920150,Matchday 14,2026-2027,21920150,
Richards Bay,Siwelele,,,UPCOMING,2026-12-20,21920243,Matchday 14,2026-2027,21920243,
Durban City,Chippa United,,,UPCOMING,2026-12-20,21920137,Matchday 14,2026-2027,21920137,
Siwelele,Stellenbosch,,,UPCOMING,2027-01-08,21920057,Matchday 15,2026-2027,21920057,
Polokwane City,Chippa United,,,UPCOMING,2027-01-09,21920038,Matchday 15,2026-2027,21920038,
AmaZulu,TS Galaxy,,,UPCOMING,2027-01-09,21920108,Matchday 15,2026-2027,21920108,
Golden Arrows,Richards Bay,,,UPCOMING,2027-01-09,21920134,Matchday 15,2026-2027,21920134,
Mamelodi Sundowns,Orlando Pirates,,,UPCOMING,2027-01-09,21920062,Matchday 15,2026-2027,21920062,
Milford FC,Marumo Gallants,,,UPCOMING,2027-01-10,21920091,Matchday 15,2026-2027,21920091,
Kruger United,Sekhukhune United,,,UPCOMING,2027-01-10,21920042,Matchday 15,2026-2027,21920042,
Kaizer Chiefs,Durban City,,,UPCOMING,2027-01-10,21920041,Matchday 15,2026-2027,21920041,
Richards Bay,Durban City,,,UPCOMING,2027-01-15,21920020,Matchday 16,2026-2027,21920020,
Stellenbosch,Polokwane City,,,UPCOMING,2027-01-16,21920056,Matchday 16,2026-2027,21920056,
Kruger United,Marumo Gallants,,,UPCOMING,2027-01-16,21920033,Matchday 16,2026-2027,21920033,
Orlando Pirates,AmaZulu,,,UPCOMING,2027-01-16,21920103,Matchday 16,2026-2027,21920103,
Milford FC,Mamelodi Sundowns,,,UPCOMING,2027-01-16,21920218,Matchday 16,2026-2027,21920218,
Sekhukhune United,Kaizer Chiefs,,,UPCOMING,2027-01-16,21920210,Matchday 16,2026-2027,21920210,
TS Galaxy,Siwelele,,,UPCOMING,2027-01-17,21920078,Matchday 16,2026-2027,21920078,
Chippa United,Golden Arrows,,,UPCOMING,2027-01-17,21920240,Matchday 16,2026-2027,21920240,
AmaZulu,Stellenbosch,,,UPCOMING,2027-01-22,21920003,Matchday 17,2026-2027,21920003,
Orlando Pirates,Kruger United,,,UPCOMING,2027-01-22,21920152,Matchday 17,2026-2027,21920152,
Golden Arrows,Siwelele,,,UPCOMING,2027-01-23,21920075,Matchday 17,2026-2027,21920075,
Mamelodi Sundowns,Richards Bay,,,UPCOMING,2027-01-23,21920068,Matchday 17,2026-2027,21920068,
Kaizer Chiefs,Chippa United,,,UPCOMING,2027-01-23,21920016,Matchday 17,2026-2027,21920016,
TS Galaxy,Polokwane City,,,UPCOMING,2027-01-23,21920136,Matchday 17,2026-2027,21920136,
Durban City,Milford FC,,,UPCOMING,2027-01-23,21920037,Matchday 17,2026-2027,21920037,
Marumo Gallants,Sekhukhune United,,,UPCOMING,2027-01-24,21920015,Matchday 17,2026-2027,21920015,
Milford FC,AmaZulu,,,UPCOMING,2027-02-05,21920198,Matchday 18,2026-2027,21920198,
Siwelele,Sekhukhune United,,,UPCOMING,2027-02-06,21920018,Matchday 18,2026-2027,21920018,
Stellenbosch,Kruger United,,,UPCOMING,2027-02-06,21920035,Matchday 18,2026-2027,21920035,
Polokwane City,Marumo Gallants,,,UPCOMING,2027-02-06,21920104,Matchday 18,2026-2027,21920104,
Golden Arrows,Orlando Pirates,,,UPCOMING,2027-02-06,21920155,Matchday 18,2026-2027,21920155,
Richards Bay,Chippa United,,,UPCOMING,2027-02-07,21920004,Matchday 18,2026-2027,21920004,
Mamelodi Sundowns,Kaizer Chiefs,,,UPCOMING,2027-02-07,21920090,Matchday 18,2026-2027,21920090,
Durban City,TS Galaxy,,,UPCOMING,2027-02-07,21920017,Matchday 18,2026-2027,21920017,
Chippa United,TS Galaxy,,,UPCOMING,2027-02-12,21920239,Matchday 19,2026-2027,21920239,
Milford FC,Golden Arrows,,,UPCOMING,2027-02-13,21920055,Matchday 19,2026-2027,21920055,
AmaZulu,Kaizer Chiefs,,,UPCOMING,2027-02-13,21920064,Matchday 19,2026-2027,21920064,
Stellenbosch,Richards Bay,,,UPCOMING,2027-02-13,21920162,Matchday 19,2026-2027,21920162,
Orlando Pirates,Siwelele,,,UPCOMING,2027-02-13,21920092,Matchday 19,2026-2027,21920092,
Marumo Gallants,Durban City,,,UPCOMING,2027-02-13,21920005,Matchday 19,2026-2027,21920005,
Sekhukhune United,Mamelodi Sundowns,,,UPCOMING,2027-02-14,21920226,Matchday 19,2026-2027,21920226,
Kruger United,Polokwane City,,,UPCOMING,2027-02-14,21920144,Matchday 19,2026-2027,21920144,
Mamelodi Sundowns,Stellenbosch,,,UPCOMING,2027-02-26,21920072,Matchday 20,2026-2027,21920072,
Durban City,Orlando Pirates,,,UPCOMING,2027-02-26,21920058,Matchday 20,2026-2027,21920058,
TS Galaxy,Marumo Gallants,,,UPCOMING,2027-02-27,21920013,Matchday 20,2026-2027,21920013,
Kaizer Chiefs,Polokwane City,,,UPCOMING,2027-02-27,21920093,Matchday 20,2026-2027,21920093,
Siwelele,Milford FC,,,UPCOMING,2027-02-27,21920023,Matchday 20,2026-2027,21920023,
Sekhukhune United,Chippa United,,,UPCOMING,2027-02-27,21920059,Matchday 20,2026-2027,21920059,
Golden Arrows,AmaZulu,,,UPCOMING,2027-02-28,21920085,Matchday 20,2026-2027,21920085,
Richards Bay,Kruger United,,,UPCOMING,2027-02-28,21920044,Matchday 20,2026-2027,21920044,
Mamelodi Sundowns,Golden Arrows,,,UPCOMING,2027-03-05,21920026,Matchday 21,2026-2027,21920026,
AmaZulu,Durban City,,,UPCOMING,2027-03-06,21920048,Matchday 21,2026-2027,21920048,
Orlando Pirates,Chippa United,,,UPCOMING,2027-03-06,21920160,Matchday 21,2026-2027,21920160,
Richards Bay,Marumo Gallants,,,UPCOMING,2027-03-06,21920082,Matchday 21,2026-2027,21920082,
Kruger United,Milford FC,,,UPCOMING,2027-03-06,21920096,Matchday 21,2026-2027,21920096,
Stellenbosch,Siwelele,,,UPCOMING,2027-03-06,21920107,Matchday 21,2026-2027,21920107,
TS Galaxy,Kaizer Chiefs,,,UPCOMING,2027-03-07,21920028,Matchday 21,2026-2027,21920028,
Polokwane City,Sekhukhune United,,,UPCOMING,2027-03-07,21920029,Matchday 21,2026-2027,21920029,
AmaZulu,Polokwane City,,,UPCOMING,2027-03-12,21920009,Matchday 22,2026-2027,21920009,
Siwelele,Richards Bay,,,UPCOMING,2027-03-13,21920021,Matchday 22,2026-2027,21920021,
Milford FC,TS Galaxy,,,UPCOMING,2027-03-13,21920111,Matchday 22,2026-2027,21920111,
Kruger United,Golden Arrows,,,UPCOMING,2027-03-13,21920094,Matchday 22,2026-2027,21920094,
Sekhukhune United,Stellenbosch,,,UPCOMING,2027-03-13,21920089,Matchday 22,2026-2027,21920089,
Chippa United,Durban City,,,UPCOMING,2027-03-13,21920039,Matchday 22,2026-2027,21920039,
Kaizer Chiefs,Orlando Pirates,,,UPCOMING,2027-03-14,21920027,Matchday 22,2026-2027,21920027,
Marumo Gallants,Mamelodi Sundowns,,,UPCOMING,2027-03-14,21920031,Matchday 22,2026-2027,21920031,
Golden Arrows,TS Galaxy,,,UPCOMING,2027-03-16,21920142,Matchday 23,2026-2027,21920142,
Durban City,Mamelodi Sundowns,,,UPCOMING,2027-03-16,21920087,Matchday 23,2026-2027,21920087,
Chippa United,Marumo Gallants,,,UPCOMING,2027-03-16,21920077,Matchday 23,2026-2027,21920077,
Sekhukhune United,Kruger United,,,UPCOMING,2027-03-17,21920006,Matchday 23,2026-2027,21920006,
Stellenbosch,Kaizer Chiefs,,,UPCOMING,2027-03-17,21920025,Matchday 23,2026-2027,21920025,
Siwelele,AmaZulu,,,UPCOMING,2027-03-17,21920154,Matchday 23,2026-2027,21920154,
Milford FC,Polokwane City,,,UPCOMING,2027-03-17,21920149,Matchday 23,2026-2027,21920149,
Orlando Pirates,Richards Bay,,,UPCOMING,2027-03-17,21920232,Matchday 23,2026-2027,21920232,
Polokwane City,Siwelele,,,UPCOMING,2027-04-09,21920175,Matchday 24,2026-2027,21920175,
Mamelodi Sundowns,Kruger United,,,UPCOMING,2027-04-10,21920209,Matchday 24,2026-2027,21920209,
Kaizer Chiefs,Milford FC,,,UPCOMING,2027-04-10,21920106,Matchday 24,2026-2027,21920106,
Marumo Gallants,Stellenbosch,,,UPCOMING,2027-04-10,21920179,Matchday 24,2026-2027,21920179,
AmaZulu,Chippa United,,,UPCOMING,2027-04-10,21920143,Matchday 24,2026-2027,21920143,
Durban City,Sekhukhune United,,,UPCOMING,2027-04-10,21920133,Matchday 24,2026-2027,21920133,
Richards Bay,Golden Arrows,,,UPCOMING,2027-04-11,21920066,Matchday 24,2026-2027,21920066,
TS Galaxy,Orlando Pirates,,,UPCOMING,2027-04-11,21920242,Matchday 24,2026-2027,21920242,
Polokwane City,Durban City,,,UPCOMING,2027-04-16,21920131,Matchday 25,2026-2027,21920131,
Sekhukhune United,Orlando Pirates,,,UPCOMING,2027-04-17,21920220,Matchday 25,2026-2027,21920220,
Milford FC,Chippa United,,,UPCOMING,2027-04-17,21920132,Matchday 25,2026-2027,21920132,
Kaizer Chiefs,Marumo Gallants,,,UPCOMING,2027-04-17,21920206,Matchday 25,2026-2027,21920206,
Stellenbosch,Golden Arrows,,,UPCOMING,2027-04-17,21920221,Matchday 25,2026-2027,21920221,
Siwelele,Mamelodi Sundowns,,,UPCOMING,2027-04-17,21920081,Matchday 25,2026-2027,21920081,
Kruger United,TS Galaxy,,,UPCOMING,2027-04-18,21920184,Matchday 25,2026-2027,21920184,
AmaZulu,Richards Bay,,,UPCOMING,2027-04-18,21920183,Matchday 25,2026-2027,21920183,
Orlando Pirates,Mamelodi Sundowns,,,UPCOMING,2027-04-23,21920128,Matchday 26,2026-2027,21920128,
Chippa United,Polokwane City,,,UPCOMING,2027-04-24,21920045,Matchday 26,2026-2027,21920045,
Golden Arrows,Sekhukhune United,,,UPCOMING,2027-04-24,21920235,Matchday 26,2026-2027,21920235,
TS Galaxy,Stellenbosch,,,UPCOMING,2027-04-24,21920234,Matchday 26,2026-2027,21920234,
Marumo Gallants,AmaZulu,,,UPCOMING,2027-04-24,21920147,Matchday 26,2026-2027,21920147,
Richards Bay,Milford FC,,,UPCOMING,2027-04-24,21920161,Matchday 26,2026-2027,21920161,
Siwelele,Kruger United,,,UPCOMING,2027-04-24,21920216,Matchday 26,2026-2027,21920216,
Durban City,Kaizer Chiefs,,,UPCOMING,2027-04-25,21920140,Matchday 26,2026-2027,21920140,
Kaizer Chiefs,Golden Arrows,,,UPCOMING,2027-04-27,21920197,Matchday 27,2026-2027,21920197,
Stellenbosch,Orlando Pirates,,,UPCOMING,2027-04-27,21920233,Matchday 27,2026-2027,21920233,
Marumo Gallants,Milford FC,,,UPCOMING,2027-04-27,21920125,Matchday 27,2026-2027,21920125,
Mamelodi Sundowns,TS Galaxy,,,UPCOMING,2027-04-28,21920236,Matchday 27,2026-2027,21920236,
Kruger United,Chippa United,,,UPCOMING,2027-04-28,21920211,Matchday 27,2026-2027,21920211,
Polokwane City,Richards Bay,,,UPCOMING,2027-04-28,21920051,Matchday 27,2026-2027,21920051,
AmaZulu,Sekhukhune United,,,UPCOMING,2027-04-28,21920076,Matchday 27,2026-2027,21920076,
Durban City,Siwelele,,,UPCOMING,2027-04-28,21920182,Matchday 27,2026-2027,21920182,
Chippa United,Stellenbosch,,,UPCOMING,2027-05-08,21920158,Matchday 28,2026-2027,21920158,
Polokwane City,Mamelodi Sundowns,,,UPCOMING,2027-05-08,21920167,Matchday 28,2026-2027,21920167,
Kaizer Chiefs,Kruger United,,,UPCOMING,2027-05-08,21920124,Matchday 28,2026-2027,21920124,
Milford FC,Orlando Pirates,,,UPCOMING,2027-05-08,21920227,Matchday 28,2026-2027,21920227,
Sekhukhune United,Richards Bay,,,UPCOMING,2027-05-08,21920205,Matchday 28,2026-2027,21920205,
Siwelele,Marumo Gallants,,,UPCOMING,2027-05-09,21920181,Matchday 28,2026-2027,21920181,
TS Galaxy,AmaZulu,,,UPCOMING,2027-05-09,21920208,Matchday 28,2026-2027,21920208,
Golden Arrows,Durban City,,,UPCOMING,2027-05-09,21920130,Matchday 28,2026-2027,21920130,
Kruger United,AmaZulu,,,UPCOMING,2027-05-15,21920074,Matchday 29,2026-2027,21920074,
Siwelele,Kaizer Chiefs,,,UPCOMING,2027-05-15,21920166,Matchday 29,2026-2027,21920166,
Stellenbosch,Durban City,,,UPCOMING,2027-05-15,21920241,Matchday 29,2026-2027,21920241,
Richards Bay,TS Galaxy,,,UPCOMING,2027-05-15,21920163,Matchday 29,2026-2027,21920163,
Sekhukhune United,Milford FC,,,UPCOMING,2027-05-15,21920213,Matchday 29,2026-2027,21920213,
Orlando Pirates,Marumo Gallants,,,UPCOMING,2027-05-15,21920121,Matchday 29,2026-2027,21920121,
Mamelodi Sundowns,Chippa United,,,UPCOMING,2027-05-15,21920172,Matchday 29,2026-2027,21920172,
Golden Arrows,Polokwane City,,,UPCOMING,2027-05-15,21920222,Matchday 29,2026-2027,21920222,
AmaZulu,Mamelodi Sundowns,,,UPCOMING,2027-05-22,21920187,Matchday 30,2026-2027,21920187,
Polokwane City,Orlando Pirates,,,UPCOMING,2027-05-22,21920219,Matchday 30,2026-2027,21920219,
TS Galaxy,Sekhukhune United,,,UPCOMING,2027-05-22,21920102,Matchday 30,2026-2027,21920102,
Marumo Gallants,Golden Arrows,,,UPCOMING,2027-05-22,21920238,Matchday 30,2026-2027,21920238,
Milford FC,Stellenbosch,,,UPCOMING,2027-05-22,21920190,Matchday 30,2026-2027,21920190,
Durban City,Kruger United,,,UPCOMING,2027-05-22,21920105,Matchday 30,2026-2027,21920105,
Kaizer Chiefs,Richards Bay,,,UPCOMING,2027-05-22,21920177,Matchday 30,2026-2027,21920177,
Chippa United,Siwelele,,,UPCOMING,2027-05-22,21920231,Matchday 30,2026-2027,21920231,
AmaZulu,Orbit College,1,0,FINISHED,2025-08-09,1634268,Matchday 1,2025-2026,1634268,H
Richards Bay,Marumo Gallants,1,2,FINISHED,2025-08-09,1634280,Matchday 1,2025-2026,1634280,A
Polokwane City,Magesi,0,0,FINISHED,2025-08-09,1634281,Matchday 1,2025-2026,1634281,D
Chippa United,Mamelodi Sundowns,1,1,FINISHED,2025-08-09,1634254,Matchday 1,2025-2026,1634254,D
Orlando Pirates,Sekhukhune United,0,1,FINISHED,2025-08-09,1634279,Matchday 1,2025-2026,1634279,A
Siwelele,Golden Arrows,3,1,FINISHED,2025-08-09,1634278,Matchday 1,2025-2026,1634278,H
TS Galaxy,Durban City,0,2,FINISHED,2025-08-10,1634277,Matchday 1,2025-2026,1634277,A
Stellenbosch,Kaizer Chiefs,0,2,FINISHED,2025-08-10,1634276,Matchday 1,2025-2026,1634276,A
Mamelodi Sundowns,AmaZulu,2,0,FINISHED,2025-08-12,1634275,Matchday 2,2025-2026,1634275,H
Marumo Gallants,Orlando Pirates,2,1,FINISHED,2025-08-12,1634274,Matchday 2,2025-2026,1634274,H
Orbit College,Siwelele,1,0,FINISHED,2025-08-12,1634273,Matchday 2,2025-2026,1634273,H
Magesi,Stellenbosch,1,1,FINISHED,2025-08-13,1634269,Matchday 2,2025-2026,1634269,D
Golden Arrows,Richards Bay,1,0,FINISHED,2025-08-13,1634271,Matchday 2,2025-2026,1634271,H
Kaizer Chiefs,Polokwane City,1,0,FINISHED,2025-08-13,1634283,Matchday 2,2025-2026,1634283,H
Durban City,Chippa United,1,0,FINISHED,2025-08-13,1634272,Matchday 2,2025-2026,1634272,H
Sekhukhune United,TS Galaxy,1,0,FINISHED,2025-08-13,1634284,Matchday 2,2025-2026,1634284,H
Siwelele,Polokwane City,0,1,FINISHED,2025-08-19,1634263,Matchday 3,2025-2026,1634263,A
Orbit College,Sekhukhune United,0,3,FINISHED,2025-08-19,1634264,Matchday 3,2025-2026,1634264,A
Kaizer Chiefs,Richards Bay,1,0,FINISHED,2025-08-19,1634265,Matchday 3,2025-2026,1634265,H
Chippa United,TS Galaxy,1,4,FINISHED,2025-08-19,1634267,Matchday 3,2025-2026,1634267,A
Durban City,Golden Arrows,1,1,FINISHED,2025-08-19,1634266,Matchday 3,2025-2026,1634266,D
AmaZulu,Marumo Gallants,1,0,FINISHED,2025-08-20,1634262,Matchday 3,2025-2026,1634262,H
Orlando Pirates,Stellenbosch,1,0,FINISHED,2025-08-20,1634260,Matchday 3,2025-2026,1634260,H
Magesi,Mamelodi Sundowns,0,2,FINISHED,2025-08-20,1634261,Matchday 3,2025-2026,1634261,A
TS Galaxy,Siwelele,2,0,FINISHED,2025-08-26,1634313,Matchday 4,2025-2026,1634313,H
Stellenbosch,Marumo Gallants,1,0,FINISHED,2025-08-26,1634256,Matchday 4,2025-2026,1634256,H
Orlando Pirates,Orbit College,1,0,FINISHED,2025-08-26,1634259,Matchday 4,2025-2026,1634259,H
Polokwane City,Durban City,0,0,FINISHED,2025-08-26,1634258,Matchday 4,2025-2026,1634258,D
Richards Bay,Chippa United,1,0,FINISHED,2025-08-26,1634257,Matchday 4,2025-2026,1634257,H
Sekhukhune United,AmaZulu,1,1,FINISHED,2025-08-27,1634194,Matchday 4,2025-2026,1634194,D
Golden Arrows,Magesi,2,1,FINISHED,2025-08-27,1634270,Matchday 4,2025-2026,1634270,H
Kaizer Chiefs,Mamelodi Sundowns,0,0,FINISHED,2025-08-27,1634298,Matchday 4,2025-2026,1634298,D
Siwelele,Richards Bay,0,0,FINISHED,2025-08-29,1634311,Matchday 5,2025-2026,1634311,D
Stellenbosch,Mamelodi Sundowns,0,1,FINISHED,2025-08-30,1634309,Matchday 5,2025-2026,1634309,A
Magesi,AmaZulu,1,1,FINISHED,2025-08-30,1634310,Matchday 5,2025-2026,1634310,D
Sekhukhune United,Durban City,2,0,FINISHED,2025-08-30,1634307,Matchday 5,2025-2026,1634307,H
Golden Arrows,Kaizer Chiefs,0,1,FINISHED,2025-08-30,1634308,Matchday 5,2025-2026,1634308,A
Orbit College,TS Galaxy,1,3,FINISHED,2025-08-30,1634306,Matchday 5,2025-2026,1634306,A
Chippa United,Orlando Pirates,0,3,FINISHED,2025-08-31,1634305,Matchday 5,2025-2026,1634305,A
Marumo Gallants,Polokwane City,1,1,FINISHED,2025-08-31,1634304,Matchday 5,2025-2026,1634304,D
Chippa United,Orbit College,2,1,FINISHED,2025-09-16,1634303,Matchday 6,2025-2026,1634303,H
Durban City,Siwelele,2,0,FINISHED,2025-09-16,1634302,Matchday 6,2025-2026,1634302,H
Kaizer Chiefs,Sekhukhune United,1,3,FINISHED,2025-09-16,1634282,Matchday 6,2025-2026,1634282,A
Marumo Gallants,Mamelodi Sundowns,1,1,FINISHED,2025-09-17,1634299,Matchday 6,2025-2026,1634299,D
AmaZulu,Stellenbosch,2,1,FINISHED,2025-09-17,1634301,Matchday 6,2025-2026,1634301,H
Polokwane City,Golden Arrows,2,1,FINISHED,2025-09-17,1634297,Matchday 6,2025-2026,1634297,H
Richards Bay,TS Galaxy,1,1,FINISHED,2025-09-17,1634296,Matchday 6,2025-2026,1634296,D
Orlando Pirates,Magesi,2,0,FINISHED,2026-01-31,1634253,Matchday 6,2025-2026,1634253,H
Sekhukhune United,Golden Arrows,1,0,FINISHED,2025-09-20,1634293,Matchday 7,2025-2026,1634293,H
Magesi,Siwelele,2,0,FINISHED,2025-09-20,1634294,Matchday 7,2025-2026,1634294,H
Stellenbosch,Richards Bay,0,1,FINISHED,2025-09-20,1634290,Matchday 7,2025-2026,1634290,A
Orbit College,Marumo Gallants,1,1,FINISHED,2025-09-20,1634291,Matchday 7,2025-2026,1634291,D
Mamelodi Sundowns,Durban City,3,1,FINISHED,2025-09-20,1634292,Matchday 7,2025-2026,1634292,H
Polokwane City,Chippa United,2,1,FINISHED,2025-09-21,1634289,Matchday 7,2025-2026,1634289,H
TS Galaxy,Kaizer Chiefs,0,0,FINISHED,2025-12-07,1634288,Matchday 7,2025-2026,1634288,D
AmaZulu,Orlando Pirates,0,2,FINISHED,2026-02-03,1634295,Matchday 7,2025-2026,1634295,A
Siwelele,Orlando Pirates,0,1,FINISHED,2025-09-23,1634287,Matchday 8,2025-2026,1634287,A
Golden Arrows,Mamelodi Sundowns,1,0,FINISHED,2025-09-24,1634286,Matchday 8,2025-2026,1634286,H
Kaizer Chiefs,Marumo Gallants,1,1,FINISHED,2025-09-24,1634285,Matchday 8,2025-2026,1634285,D
TS Galaxy,AmaZulu,3,1,FINISHED,2025-09-24,1634220,Matchday 8,2025-2026,1634220,H
Orbit College,Polokwane City,1,0,FINISHED,2025-09-24,1634300,Matchday 8,2025-2026,1634300,H
Richards Bay,Magesi,1,0,FINISHED,2025-09-24,1634208,Matchday 8,2025-2026,1634208,H
Stellenbosch,Durban City,0,0,FINISHED,2025-09-24,1634221,Matchday 8,2025-2026,1634221,D
Sekhukhune United,Chippa United,1,1,FINISHED,2025-09-24,1634255,Matchday 8,2025-2026,1634255,D
Golden Arrows,Orbit College,3,0,FINISHED,2025-09-27,1634219,Matchday 9,2025-2026,1634219,H
Polokwane City,Sekhukhune United,1,0,FINISHED,2025-09-27,1634218,Matchday 9,2025-2026,1634218,H
Mamelodi Sundowns,Richards Bay,4,1,FINISHED,2025-09-27,1634216,Matchday 9,2025-2026,1634216,H
Durban City,Magesi,3,1,FINISHED,2025-09-27,1634215,Matchday 9,2025-2026,1634215,H
Siwelele,Marumo Gallants,1,0,FINISHED,2025-09-28,1634213,Matchday 9,2025-2026,1634213,H
Chippa United,Stellenbosch,0,0,FINISHED,2025-09-28,1634212,Matchday 9,2025-2026,1634212,D
Orlando Pirates,TS Galaxy,2,0,FINISHED,2025-09-30,1634214,Matchday 9,2025-2026,1634214,H
Kaizer Chiefs,AmaZulu,1,1,FINISHED,2025-10-01,1634217,Matchday 9,2025-2026,1634217,D
Richards Bay,Orbit College,1,2,FINISHED,2025-10-17,1634211,Matchday 10,2025-2026,1634211,A
AmaZulu,Durban City,1,0,FINISHED,2025-10-18,1634223,Matchday 10,2025-2026,1634223,H
Magesi,TS Galaxy,2,1,FINISHED,2025-10-18,1634224,Matchday 10,2025-2026,1634224,H
Marumo Gallants,Chippa United,2,1,FINISHED,2025-10-19,1634205,Matchday 10,2025-2026,1634205,H
Kaizer Chiefs,Siwelele,0,0,FINISHED,2025-10-22,1634204,Matchday 10,2025-2026,1634204,D
Orlando Pirates,Polokwane City,1,0,FINISHED,2025-10-22,1634209,Matchday 10,2025-2026,1634209,H
Stellenbosch,Golden Arrows,4,3,FINISHED,2025-10-22,1634206,Matchday 10,2025-2026,1634206,H
Sekhukhune United,Mamelodi Sundowns,0,2,FINISHED,2026-01-27,1634207,Matchday 10,2025-2026,1634207,A
Durban City,Kaizer Chiefs,0,1,FINISHED,2025-10-31,1634203,Matchday 11,2025-2026,1634203,A
Siwelele,Sekhukhune United,1,0,FINISHED,2025-10-31,1634202,Matchday 11,2025-2026,1634202,H
Orbit College,Magesi,3,1,FINISHED,2025-11-01,1634200,Matchday 11,2025-2026,1634200,H
Mamelodi Sundowns,Orlando Pirates,1,1,FINISHED,2025-11-01,1634201,Matchday 11,2025-2026,1634201,D
Polokwane City,Richards Bay,1,1,FINISHED,2025-11-01,1634199,Matchday 11,2025-2026,1634199,D
Chippa United,AmaZulu,0,3,FINISHED,2025-11-01,1634198,Matchday 11,2025-2026,1634198,A
TS Galaxy,Stellenbosch,2,0,FINISHED,2025-11-02,1634197,Matchday 11,2025-2026,1634197,H
Golden Arrows,Marumo Gallants,4,0,FINISHED,2025-11-02,1634196,Matchday 11,2025-2026,1634196,H
Chippa United,Magesi,0,0,FINISHED,2025-11-04,1634210,Matchday 12,2025-2026,1634210,D
AmaZulu,Polokwane City,0,1,FINISHED,2025-11-04,1634195,Matchday 12,2025-2026,1634195,A
Kaizer Chiefs,Orbit College,4,1,FINISHED,2025-11-04,1634238,Matchday 12,2025-2026,1634238,H
Sekhukhune United,Richards Bay,1,1,FINISHED,2025-11-04,1634252,Matchday 12,2025-2026,1634252,D
Mamelodi Sundowns,TS Galaxy,1,0,FINISHED,2025-11-05,1634249,Matchday 12,2025-2026,1634249,H
Golden Arrows,Orlando Pirates,1,3,FINISHED,2025-11-05,1634250,Matchday 12,2025-2026,1634250,A
Durban City,Marumo Gallants,1,0,FINISHED,2025-11-05,1634251,Matchday 12,2025-2026,1634251,H
Stellenbosch,Siwelele,0,2,FINISHED,2025-11-05,1634248,Matchday 12,2025-2026,1634248,A
AmaZulu,Siwelele,2,0,FINISHED,2025-11-22,1634247,Matchday 13,2025-2026,1634247,H
Marumo Gallants,Sekhukhune United,1,1,FINISHED,2025-11-22,1634244,Matchday 13,2025-2026,1634244,D
TS Galaxy,Golden Arrows,2,1,FINISHED,2025-11-23,1634241,Matchday 13,2025-2026,1634241,H
Richards Bay,Durban City,0,0,FINISHED,2025-11-23,1634222,Matchday 13,2025-2026,1634222,D
Orlando Pirates,Chippa United,2,0,FINISHED,2025-11-25,1634246,Matchday 13,2025-2026,1634246,H
Orbit College,Stellenbosch,1,2,FINISHED,2025-11-26,1634243,Matchday 13,2025-2026,1634243,A
Magesi,Kaizer Chiefs,1,4,FINISHED,2026-04-15,1634245,Matchday 13,2025-2026,1634245,A
Polokwane City,Mamelodi Sundowns,0,1,FINISHED,2026-04-29,1634242,Matchday 13,2025-2026,1634242,A
Richards Bay,AmaZulu,2,0,FINISHED,2025-11-28,1634239,Matchday 14,2025-2026,1634239,H
Durban City,Orlando Pirates,0,2,FINISHED,2025-11-29,1634314,Matchday 14,2025-2026,1634314,A
Polokwane City,TS Galaxy,0,0,FINISHED,2025-11-29,1634237,Matchday 14,2025-2026,1634237,D
Siwelele,Chippa United,0,0,FINISHED,2025-11-29,1634236,Matchday 14,2025-2026,1634236,D
Marumo Gallants,Magesi,1,1,FINISHED,2025-11-30,1634234,Matchday 14,2025-2026,1634234,D
Mamelodi Sundowns,Orbit College,2,0,FINISHED,2026-01-19,1634235,Matchday 14,2025-2026,1634235,H
Kaizer Chiefs,Golden Arrows,1,0,FINISHED,2026-01-20,1634232,Matchday 14,2025-2026,1634232,H
Sekhukhune United,Stellenbosch,0,1,FINISHED,2026-01-20,1634233,Matchday 14,2025-2026,1634233,A
Golden Arrows,AmaZulu,0,1,FINISHED,2025-12-02,1634228,Matchday 15,2025-2026,1634228,A
Magesi,Sekhukhune United,0,1,FINISHED,2025-12-03,1634227,Matchday 15,2025-2026,1634227,A
Siwelele,Mamelodi Sundowns,1,1,FINISHED,2025-12-03,1634230,Matchday 15,2025-2026,1634230,D
Chippa United,Kaizer Chiefs,0,0,FINISHED,2025-12-03,1634229,Matchday 15,2025-2026,1634229,D
Orbit College,Durban City,0,3,FINISHED,2025-12-03,1634226,Matchday 15,2025-2026,1634226,A
Stellenbosch,Polokwane City,1,2,FINISHED,2025-12-03,1634225,Matchday 15,2025-2026,1634225,A
TS Galaxy,Marumo Gallants,2,0,FINISHED,2026-01-21,1634240,Matchday 15,2025-2026,1634240,H
Orlando Pirates,Richards Bay,2,0,FINISHED,2026-03-11,1634231,Matchday 15,2025-2026,1634231,H
Mamelodi Sundowns,Magesi,3,0,FINISHED,2025-09-14,1634398,Matchday 16,2025-2026,1634398,H
Richards Bay,Siwelele,1,1,FINISHED,2026-01-23,1634388,Matchday 16,2025-2026,1634388,D
Orbit College,Chippa United,0,1,FINISHED,2026-01-24,1634374,Matchday 16,2025-2026,1634374,A
Sekhukhune United,Orlando Pirates,0,0,FINISHED,2026-01-24,1634401,Matchday 16,2025-2026,1634401,D
AmaZulu,TS Galaxy,3,2,FINISHED,2026-01-25,1634397,Matchday 16,2025-2026,1634397,H
Durban City,Polokwane City,1,0,FINISHED,2026-01-25,1634396,Matchday 16,2025-2026,1634396,H
Marumo Gallants,Kaizer Chiefs,0,1,FINISHED,2026-01-28,1634399,Matchday 16,2025-2026,1634399,A
Golden Arrows,Stellenbosch,1,1,FINISHED,2026-03-18,1634400,Matchday 16,2025-2026,1634400,D
Richards Bay,Golden Arrows,2,2,FINISHED,2026-01-30,1634395,Matchday 17,2025-2026,1634395,D
Marumo Gallants,AmaZulu,0,1,FINISHED,2026-01-31,1634393,Matchday 17,2025-2026,1634393,A
Chippa United,Durban City,2,0,FINISHED,2026-01-31,1634403,Matchday 17,2025-2026,1634403,H
Polokwane City,Orbit College,2,2,FINISHED,2026-01-31,1634391,Matchday 17,2025-2026,1634391,D
TS Galaxy,Sekhukhune United,0,1,FINISHED,2026-02-01,1634389,Matchday 17,2025-2026,1634389,A
Stellenbosch,Magesi,1,1,FINISHED,2026-02-18,1634394,Matchday 17,2025-2026,1634394,D
Orlando Pirates,Mamelodi Sundowns,1,2,FINISHED,2026-02-18,1634392,Matchday 17,2025-2026,1634392,A
Siwelele,Kaizer Chiefs,2,0,FINISHED,2026-04-29,1634404,Matchday 17,2025-2026,1634404,H
Magesi,Golden Arrows,0,2,FINISHED,2026-02-13,1634386,Matchday 18,2025-2026,1634386,A
Durban City,TS Galaxy,2,0,FINISHED,2026-02-13,1634387,Matchday 18,2025-2026,1634387,H
Orlando Pirates,Marumo Gallants,3,0,FINISHED,2026-02-14,1634381,Matchday 18,2025-2026,1634381,H
Polokwane City,Siwelele,0,0,FINISHED,2026-02-14,1634384,Matchday 18,2025-2026,1634384,D
Chippa United,Richards Bay,3,0,FINISHED,2026-02-14,1634382,Matchday 18,2025-2026,1634382,H
Sekhukhune United,Orbit College,2,0,FINISHED,2026-02-15,1634380,Matchday 18,2025-2026,1634380,H
Kaizer Chiefs,Stellenbosch,1,2,FINISHED,2026-02-24,1634383,Matchday 18,2025-2026,1634383,A
AmaZulu,Mamelodi Sundowns,0,1,FINISHED,2026-02-24,1634385,Matchday 18,2025-2026,1634385,A
Magesi,Polokwane City,0,2,FINISHED,2026-02-27,1634379,Matchday 19,2025-2026,1634379,A
Stellenbosch,AmaZulu,1,0,FINISHED,2026-02-27,1634378,Matchday 19,2025-2026,1634378,H
Kaizer Chiefs,Orlando Pirates,0,3,FINISHED,2026-02-28,1634377,Matchday 19,2025-2026,1634377,A
Siwelele,TS Galaxy,1,0,FINISHED,2026-02-28,1634312,Matchday 19,2025-2026,1634312,H
Golden Arrows,Chippa United,0,0,FINISHED,2026-02-28,1634376,Matchday 19,2025-2026,1634376,D
Orbit College,Richards Bay,0,0,FINISHED,2026-02-28,1634390,Matchday 19,2025-2026,1634390,D
Mamelodi Sundowns,Sekhukhune United,3,1,FINISHED,2026-03-01,1634418,Matchday 19,2025-2026,1634418,H
Marumo Gallants,Durban City,0,1,FINISHED,2026-03-01,1634432,Matchday 19,2025-2026,1634432,A
TS Galaxy,Orbit College,1,2,FINISHED,2026-03-03,1634429,Matchday 20,2025-2026,1634429,A
Richards Bay,Kaizer Chiefs,1,0,FINISHED,2026-03-03,1634431,Matchday 20,2025-2026,1634431,H
Siwelele,Stellenbosch,0,0,FINISHED,2026-03-03,1634430,Matchday 20,2025-2026,1634430,D
Chippa United,Marumo Gallants,1,3,FINISHED,2026-03-04,1634427,Matchday 20,2025-2026,1634427,A
Mamelodi Sundowns,Golden Arrows,2,1,FINISHED,2026-03-04,1634425,Matchday 20,2025-2026,1634425,H
Polokwane City,Orlando Pirates,1,2,FINISHED,2026-03-04,1634424,Matchday 20,2025-2026,1634424,A
Durban City,Sekhukhune United,1,1,FINISHED,2026-03-04,1634426,Matchday 20,2025-2026,1634426,D
AmaZulu,Magesi,0,0,FINISHED,2026-03-04,1634428,Matchday 20,2025-2026,1634428,D
Orbit College,Mamelodi Sundowns,0,2,FINISHED,2026-03-10,1634373,Matchday 21,2025-2026,1634373,A
Stellenbosch,TS Galaxy,1,1,FINISHED,2026-03-13,1634422,Matchday 21,2025-2026,1634422,D
Marumo Gallants,Golden Arrows,1,2,FINISHED,2026-03-14,1634416,Matchday 21,2025-2026,1634416,A
Orlando Pirates,Siwelele,1,1,FINISHED,2026-03-14,1634402,Matchday 21,2025-2026,1634402,D
Magesi,Chippa United,2,2,FINISHED,2026-03-14,1634423,Matchday 21,2025-2026,1634423,D
AmaZulu,Richards Bay,2,1,FINISHED,2026-03-14,1634421,Matchday 21,2025-2026,1634421,H
Sekhukhune United,Polokwane City,0,0,FINISHED,2026-03-14,1634419,Matchday 21,2025-2026,1634419,D
Kaizer Chiefs,Durban City,1,0,FINISHED,2026-03-15,1634417,Matchday 21,2025-2026,1634417,H
Mamelodi Sundowns,Marumo Gallants,3,1,FINISHED,2026-03-17,1634410,Matchday 22,2025-2026,1634410,H
Stellenbosch,Chippa United,2,1,FINISHED,2026-03-21,1634413,Matchday 22,2025-2026,1634413,H
Polokwane City,AmaZulu,0,1,FINISHED,2026-03-21,1634414,Matchday 22,2025-2026,1634414,A
Kaizer Chiefs,Magesi,2,0,FINISHED,2026-03-21,1634411,Matchday 22,2025-2026,1634411,H
TS Galaxy,Orlando Pirates,0,6,FINISHED,2026-03-22,1634409,Matchday 22,2025-2026,1634409,A
Golden Arrows,Sekhukhune United,1,0,FINISHED,2026-03-22,1634412,Matchday 22,2025-2026,1634412,H
Siwelele,Orbit College,1,0,FINISHED,2026-03-22,1634415,Matchday 22,2025-2026,1634415,H
Durban City,Richards Bay,1,0,FINISHED,2026-03-22,1634408,Matchday 22,2025-2026,1634408,H
Orbit College,Kaizer Chiefs,1,3,FINISHED,2026-04-06,1634328,Matchday 23,2025-2026,1634328,A
AmaZulu,Sekhukhune United,2,2,FINISHED,2026-04-06,1634407,Matchday 23,2025-2026,1634407,D
Richards Bay,Stellenbosch,2,1,FINISHED,2026-04-07,1634341,Matchday 23,2025-2026,1634341,H
Orlando Pirates,Golden Arrows,5,0,FINISHED,2026-04-07,1634375,Matchday 23,2025-2026,1634375,H
Chippa United,Siwelele,1,0,FINISHED,2026-04-07,1634406,Matchday 23,2025-2026,1634406,H
Magesi,Marumo Gallants,3,0,FINISHED,2026-04-07,1634420,Matchday 23,2025-2026,1634420,H
Durban City,Mamelodi Sundowns,0,1,FINISHED,2026-04-07,1634405,Matchday 23,2025-2026,1634405,A
TS Galaxy,Polokwane City,1,2,FINISHED,2026-04-08,1634340,Matchday 23,2025-2026,1634340,A
Richards Bay,Orlando Pirates,2,2,FINISHED,2026-04-10,1634339,Matchday 24,2025-2026,1634339,D
Golden Arrows,Durban City,1,0,FINISHED,2026-04-11,1634338,Matchday 24,2025-2026,1634338,H
Siwelele,AmaZulu,1,1,FINISHED,2026-04-11,1634337,Matchday 24,2025-2026,1634337,D
Sekhukhune United,Magesi,1,0,FINISHED,2026-04-11,1634335,Matchday 24,2025-2026,1634335,H
Chippa United,Polokwane City,1,1,FINISHED,2026-04-11,1634334,Matchday 24,2025-2026,1634334,D
Kaizer Chiefs,TS Galaxy,2,0,FINISHED,2026-04-12,1634333,Matchday 24,2025-2026,1634333,H
Marumo Gallants,Orbit College,0,0,FINISHED,2026-04-12,1634332,Matchday 24,2025-2026,1634332,D
Mamelodi Sundowns,Stellenbosch,1,1,FINISHED,2026-04-22,1634336,Matchday 24,2025-2026,1634336,D
Mamelodi Sundowns,Chippa United,4,1,FINISHED,2026-04-03,1634327,Matchday 25,2025-2026,1634327,H
Stellenbosch,Sekhukhune United,3,1,FINISHED,2026-04-17,1634331,Matchday 25,2025-2026,1634331,H
Orbit College,Golden Arrows,1,2,FINISHED,2026-04-18,1634329,Matchday 25,2025-2026,1634329,A
Marumo Gallants,Siwelele,0,0,FINISHED,2026-04-18,1634343,Matchday 25,2025-2026,1634343,D
Orlando Pirates,AmaZulu,3,0,FINISHED,2026-04-18,1634344,Matchday 25,2025-2026,1634344,H
Polokwane City,Kaizer Chiefs,0,0,FINISHED,2026-04-18,1634326,Matchday 25,2025-2026,1634326,D
TS Galaxy,Richards Bay,0,1,FINISHED,2026-04-19,1634325,Matchday 25,2025-2026,1634325,A
Magesi,Durban City,5,2,FINISHED,2026-04-19,1634324,Matchday 25,2025-2026,1634324,H
Durban City,Orbit College,1,1,FINISHED,2026-04-24,1634323,Matchday 26,2025-2026,1634323,D
Golden Arrows,Siwelele,0,0,FINISHED,2026-04-24,1634322,Matchday 26,2025-2026,1634322,D
AmaZulu,Chippa United,5,1,FINISHED,2026-04-25,1634318,Matchday 26,2025-2026,1634318,H
Sekhukhune United,Marumo Gallants,1,1,FINISHED,2026-04-25,1634319,Matchday 26,2025-2026,1634319,D
Polokwane City,Stellenbosch,1,0,FINISHED,2026-04-26,1634317,Matchday 26,2025-2026,1634317,H
TS Galaxy,Magesi,0,0,FINISHED,2026-04-26,1634316,Matchday 26,2025-2026,1634316,D
Orlando Pirates,Kaizer Chiefs,1,1,FINISHED,2026-04-26,1634321,Matchday 26,2025-2026,1634321,D
Richards Bay,Mamelodi Sundowns,0,0,FINISHED,2026-04-26,1634320,Matchday 26,2025-2026,1634320,D
Stellenbosch,Orlando Pirates,0,2,FINISHED,2026-05-05,1634372,Matchday 27,2025-2026,1634372,A
Siwelele,Durban City,2,2,FINISHED,2026-05-05,1634358,Matchday 27,2025-2026,1634358,D
Magesi,Orbit College,1,2,FINISHED,2026-05-05,1634330,Matchday 27,2025-2026,1634330,A
Chippa United,Sekhukhune United,1,3,FINISHED,2026-05-06,1634315,Matchday 27,2025-2026,1634315,A
Mamelodi Sundowns,Kaizer Chiefs,1,1,FINISHED,2026-05-06,1634370,Matchday 27,2025-2026,1634370,D
AmaZulu,Golden Arrows,1,1,FINISHED,2026-05-06,1634371,Matchday 27,2025-2026,1634371,D
Richards Bay,Polokwane City,0,0,FINISHED,2026-05-06,1634368,Matchday 27,2025-2026,1634368,D
Marumo Gallants,TS Galaxy,1,1,FINISHED,2026-05-06,1634369,Matchday 27,2025-2026,1634369,D
Durban City,Stellenbosch,0,0,FINISHED,2026-05-08,1634367,Matchday 28,2025-2026,1634367,D
Marumo Gallants,Richards Bay,1,1,FINISHED,2026-05-09,1634366,Matchday 28,2025-2026,1634366,D
TS Galaxy,Chippa United,1,1,FINISHED,2026-05-09,1634361,Matchday 28,2025-2026,1634361,D
Golden Arrows,Polokwane City,0,0,FINISHED,2026-05-09,1634364,Matchday 28,2025-2026,1634364,D
Orbit College,AmaZulu,0,0,FINISHED,2026-05-09,1634365,Matchday 28,2025-2026,1634365,D
Mamelodi Sundowns,Siwelele,7,4,FINISHED,2026-05-09,1634363,Matchday 28,2025-2026,1634363,H
Magesi,Orlando Pirates,0,3,FINISHED,2026-05-09,1634362,Matchday 28,2025-2026,1634362,A
Sekhukhune United,Kaizer Chiefs,0,2,FINISHED,2026-05-10,1634342,Matchday 28,2025-2026,1634342,A
TS Galaxy,Mamelodi Sundowns,3,2,FINISHED,2026-05-12,1634353,Matchday 29,2025-2026,1634353,H
Siwelele,Magesi,1,0,FINISHED,2026-05-16,1634355,Matchday 29,2025-2026,1634355,H
Orlando Pirates,Durban City,0,0,FINISHED,2026-05-16,1634357,Matchday 29,2025-2026,1634357,D
Stellenbosch,Orbit College,2,0,FINISHED,2026-05-16,1634354,Matchday 29,2025-2026,1634354,H
Polokwane City,Marumo Gallants,1,1,FINISHED,2026-05-16,1634352,Matchday 29,2025-2026,1634352,D
Richards Bay,Sekhukhune United,1,1,FINISHED,2026-05-16,1634356,Matchday 29,2025-2026,1634356,D
Chippa United,Golden Arrows,0,2,FINISHED,2026-05-16,1634433,Matchday 29,2025-2026,1634433,A
AmaZulu,Kaizer Chiefs,0,1,FINISHED,2026-05-16,1634359,Matchday 29,2025-2026,1634359,A
Mamelodi Sundowns,Polokwane City,3,0,FINISHED,2026-05-03,1634347,Matchday 30,2025-2026,1634347,H
Magesi,Richards Bay,1,0,FINISHED,2026-05-23,1634348,Matchday 30,2025-2026,1634348,H
Durban City,AmaZulu,0,1,FINISHED,2026-05-23,1634351,Matchday 30,2025-2026,1634351,A
Kaizer Chiefs,Chippa United,0,1,FINISHED,2026-05-23,1634349,Matchday 30,2025-2026,1634349,A
Golden Arrows,TS Galaxy,0,0,FINISHED,2026-05-23,1634350,Matchday 30,2025-2026,1634350,D
Orbit College,Orlando Pirates,0,2,FINISHED,2026-05-23,1634345,Matchday 30,2025-2026,1634345,A
Marumo Gallants,Stellenbosch,0,0,FINISHED,2026-05-23,1634346,Matchday 30,2025-2026,1634346,D
Sekhukhune United,Siwelele,2,2,FINISHED,2026-05-23,1634360,Matchday 30,2025-2026,1634360,D
Royal AM,Cape Town City,1,1,FINISHED,2024-09-14,1557198,Matchday 1,2024-2025,1557198,D
Marumo Gallants,Kaizer Chiefs,1,2,FINISHED,2024-09-14,1557225,Matchday 1,2024-2025,1557225,A
Polokwane City,AmaZulu,2,1,FINISHED,2024-09-14,1557223,Matchday 1,2024-2025,1557223,H
Richards Bay,TS Galaxy,1,0,FINISHED,2024-09-15,1557221,Matchday 1,2024-2025,1557221,H
Mamelodi Sundowns,Siwelele,2,0,FINISHED,2024-09-17,1557212,Matchday 1,2024-2025,1557212,H
Sekhukhune United,Magesi,1,0,FINISHED,2024-09-18,1557222,Matchday 1,2024-2025,1557222,H
Stellenbosch,Golden Arrows,0,2,FINISHED,2024-09-18,1557220,Matchday 1,2024-2025,1557220,A
Orlando Pirates,Chippa United,2,1,FINISHED,2024-09-18,1557224,Matchday 1,2024-2025,1557224,H
Magesi,Polokwane City,0,2,FINISHED,2024-09-21,1557216,Matchday 2,2024-2025,1557216,A
Golden Arrows,Marumo Gallants,2,0,FINISHED,2024-09-21,1557217,Matchday 2,2024-2025,1557217,H
Siwelele,Royal AM,0,0,FINISHED,2024-09-21,1557215,Matchday 2,2024-2025,1557215,D
Chippa United,Richards Bay,1,0,FINISHED,2024-09-21,1557227,Matchday 2,2024-2025,1557227,H
Cape Town City,Orlando Pirates,1,0,FINISHED,2025-01-08,1557218,Matchday 2,2024-2025,1557218,H
Kaizer Chiefs,Stellenbosch,2,1,FINISHED,2025-01-08,1557213,Matchday 2,2024-2025,1557213,H
AmaZulu,Sekhukhune United,0,2,FINISHED,2025-01-08,1557228,Matchday 2,2024-2025,1557228,A
TS Galaxy,Mamelodi Sundowns,1,0,FINISHED,2025-02-11,1557219,Matchday 2,2024-2025,1557219,H
Orlando Pirates,Polokwane City,3,0,FINISHED,2024-09-24,1557211,Matchday 3,2024-2025,1557211,H
Mamelodi Sundowns,Marumo Gallants,4,1,FINISHED,2024-09-24,1557210,Matchday 3,2024-2025,1557210,H
Royal AM,Richards Bay,0,0,FINISHED,2024-09-24,1557209,Matchday 3,2024-2025,1557209,D
Siwelele,TS Galaxy,1,0,FINISHED,2024-09-25,1557206,Matchday 3,2024-2025,1557206,H
Stellenbosch,Cape Town City,3,0,FINISHED,2024-09-25,1557205,Matchday 3,2024-2025,1557205,H
Sekhukhune United,Chippa United,1,1,FINISHED,2024-09-25,1557207,Matchday 3,2024-2025,1557207,D
AmaZulu,Kaizer Chiefs,1,3,FINISHED,2024-09-25,1557204,Matchday 3,2024-2025,1557204,A
Golden Arrows,Magesi,0,1,FINISHED,2024-09-26,1557208,Matchday 3,2024-2025,1557208,A
Sekhukhune United,Golden Arrows,2,0,FINISHED,2024-09-28,1557203,Matchday 4,2024-2025,1557203,H
Kaizer Chiefs,Mamelodi Sundowns,1,2,FINISHED,2024-09-28,1557202,Matchday 4,2024-2025,1557202,A
Magesi,Royal AM,0,0,FINISHED,2024-09-28,1557201,Matchday 4,2024-2025,1557201,D
Cape Town City,Siwelele,1,0,FINISHED,2024-09-28,1557200,Matchday 4,2024-2025,1557200,H
Marumo Gallants,AmaZulu,1,0,FINISHED,2024-09-28,1557257,Matchday 4,2024-2025,1557257,H
Chippa United,TS Galaxy,2,1,FINISHED,2024-09-29,1557242,Matchday 4,2024-2025,1557242,H
Richards Bay,Orlando Pirates,0,1,FINISHED,2024-09-29,1557214,Matchday 4,2024-2025,1557214,A
Polokwane City,Stellenbosch,1,1,FINISHED,2024-09-29,1557138,Matchday 4,2024-2025,1557138,D
Orlando Pirates,AmaZulu,2,1,FINISHED,2024-10-25,1557255,Matchday 5,2024-2025,1557255,H
Royal AM,Sekhukhune United,2,0,FINISHED,2024-10-26,1557250,Matchday 5,2024-2025,1557250,H
Richards Bay,Stellenbosch,0,0,FINISHED,2024-10-26,1557254,Matchday 5,2024-2025,1557254,D
Marumo Gallants,TS Galaxy,1,1,FINISHED,2024-10-26,1557253,Matchday 5,2024-2025,1557253,D
Siwelele,Kaizer Chiefs,1,0,FINISHED,2024-10-26,1557252,Matchday 5,2024-2025,1557252,H
Chippa United,Golden Arrows,2,0,FINISHED,2024-10-26,1557251,Matchday 5,2024-2025,1557251,H
Cape Town City,Magesi,0,0,FINISHED,2024-10-27,1557249,Matchday 5,2024-2025,1557249,D
Polokwane City,Mamelodi Sundowns,1,0,FINISHED,2024-10-27,1557248,Matchday 5,2024-2025,1557248,H
AmaZulu,Chippa United,2,0,FINISHED,2024-10-29,1557247,Matchday 6,2024-2025,1557247,H
Sekhukhune United,Richards Bay,2,0,FINISHED,2024-10-29,1557246,Matchday 6,2024-2025,1557246,H
TS Galaxy,Orlando Pirates,0,2,FINISHED,2024-10-29,1557245,Matchday 6,2024-2025,1557245,A
Mamelodi Sundowns,Cape Town City,3,0,FINISHED,2024-10-30,1557197,Matchday 6,2024-2025,1557197,H
Golden Arrows,Siwelele,0,0,FINISHED,2024-10-30,1557226,Matchday 6,2024-2025,1557226,D
Royal AM,Polokwane City,0,1,FINISHED,2024-10-30,1557240,Matchday 6,2024-2025,1557240,A
Magesi,Kaizer Chiefs,2,2,FINISHED,2024-10-30,1557241,Matchday 6,2024-2025,1557241,D
Stellenbosch,Marumo Gallants,1,0,FINISHED,2024-10-31,1557243,Matchday 6,2024-2025,1557243,H
Siwelele,Marumo Gallants,0,1,FINISHED,2024-11-29,1557232,Matchday 7,2024-2025,1557232,A
Richards Bay,AmaZulu,1,3,FINISHED,2024-11-30,1557239,Matchday 7,2024-2025,1557239,A
Kaizer Chiefs,Royal AM,2,2,FINISHED,2024-11-30,1557236,Matchday 7,2024-2025,1557236,D
Mamelodi Sundowns,Sekhukhune United,3,0,FINISHED,2024-11-30,1557237,Matchday 7,2024-2025,1557237,H
Chippa United,Magesi,2,0,FINISHED,2024-11-30,1557234,Matchday 7,2024-2025,1557234,H
Orlando Pirates,Stellenbosch,0,1,FINISHED,2024-12-01,1557233,Matchday 7,2024-2025,1557233,A
Golden Arrows,Cape Town City,3,2,FINISHED,2024-12-01,1557238,Matchday 7,2024-2025,1557238,H
Polokwane City,TS Galaxy,1,1,FINISHED,2024-12-01,1557235,Matchday 7,2024-2025,1557235,D
Sekhukhune United,TS Galaxy,1,3,FINISHED,2024-11-26,1557244,Matchday 8,2024-2025,1557244,A
Chippa United,Siwelele,0,0,FINISHED,2024-11-26,1557231,Matchday 8,2024-2025,1557231,D
Royal AM,Golden Arrows,2,3,FINISHED,2024-11-26,1557229,Matchday 8,2024-2025,1557229,A
Kaizer Chiefs,Richards Bay,2,1,FINISHED,2024-11-27,1557164,Matchday 8,2024-2025,1557164,H
Cape Town City,Polokwane City,1,0,FINISHED,2024-11-27,1557199,Matchday 8,2024-2025,1557199,H
AmaZulu,Mamelodi Sundowns,0,1,FINISHED,2024-12-24,1557165,Matchday 8,2024-2025,1557165,A
Marumo Gallants,Orlando Pirates,2,0,FINISHED,2025-03-01,1557230,Matchday 8,2024-2025,1557230,H
Magesi,Stellenbosch,1,0,FINISHED,2025-03-29,1557152,Matchday 8,2024-2025,1557152,H
Richards Bay,Siwelele,0,1,FINISHED,2024-12-06,1557161,Matchday 9,2024-2025,1557161,A
TS Galaxy,AmaZulu,1,0,FINISHED,2024-12-07,1557159,Matchday 9,2024-2025,1557159,H
Marumo Gallants,Magesi,3,1,FINISHED,2024-12-07,1557160,Matchday 9,2024-2025,1557160,H
Stellenbosch,Royal AM,,,UPCOMING,2024-12-07,1557163,Matchday 9,2024-2025,1557163,
Sekhukhune United,Cape Town City,1,0,FINISHED,2024-12-07,1557158,Matchday 9,2024-2025,1557158,H
Polokwane City,Kaizer Chiefs,2,0,FINISHED,2024-12-08,1557156,Matchday 9,2024-2025,1557156,H
Mamelodi Sundowns,Chippa United,3,0,FINISHED,2025-05-07,1557157,Matchday 9,2024-2025,1557157,H
Orlando Pirates,Golden Arrows,3,0,FINISHED,2025-05-13,1557162,Matchday 9,2024-2025,1557162,H
AmaZulu,Royal AM,2,1,FINISHED,2024-12-13,1557155,Matchday 10,2024-2025,1557155,H
Golden Arrows,Richards Bay,0,1,FINISHED,2024-12-14,1557153,Matchday 10,2024-2025,1557153,A
Chippa United,Cape Town City,0,1,FINISHED,2024-12-14,1557168,Matchday 10,2024-2025,1557168,A
Siwelele,Magesi,1,0,FINISHED,2024-12-14,1557150,Matchday 10,2024-2025,1557150,H
Polokwane City,Marumo Gallants,1,0,FINISHED,2024-12-15,1557149,Matchday 10,2024-2025,1557149,H
TS Galaxy,Kaizer Chiefs,1,1,FINISHED,2024-12-16,1557148,Matchday 10,2024-2025,1557148,D
Stellenbosch,Mamelodi Sundowns,0,1,FINISHED,2024-12-18,1557151,Matchday 10,2024-2025,1557151,A
Orlando Pirates,Sekhukhune United,0,1,FINISHED,2025-04-30,1557167,Matchday 10,2024-2025,1557167,A
Golden Arrows,Polokwane City,0,0,FINISHED,2024-12-28,1557146,Matchday 11,2024-2025,1557146,D
Richards Bay,Mamelodi Sundowns,0,2,FINISHED,2024-12-28,1557147,Matchday 11,2024-2025,1557147,A
Sekhukhune United,Marumo Gallants,1,0,FINISHED,2024-12-28,1557145,Matchday 11,2024-2025,1557145,H
Siwelele,Stellenbosch,1,1,FINISHED,2024-12-28,1557144,Matchday 11,2024-2025,1557144,D
Royal AM,TS Galaxy,1,3,FINISHED,2024-12-29,1557143,Matchday 11,2024-2025,1557143,A
Magesi,Orlando Pirates,0,1,FINISHED,2024-12-29,1557142,Matchday 11,2024-2025,1557142,A
Cape Town City,AmaZulu,0,1,FINISHED,2024-12-29,1557141,Matchday 11,2024-2025,1557141,A
Kaizer Chiefs,Chippa United,1,0,FINISHED,2024-12-29,1557140,Matchday 11,2024-2025,1557140,H
Orlando Pirates,Siwelele,2,0,FINISHED,2024-10-22,1557139,Matchday 12,2024-2025,1557139,H
Chippa United,Stellenbosch,0,2,FINISHED,2024-10-23,1557314,Matchday 12,2024-2025,1557314,A
Mamelodi Sundowns,Royal AM,2,1,FINISHED,2024-10-23,1557195,Matchday 12,2024-2025,1557195,H
AmaZulu,Golden Arrows,0,0,FINISHED,2025-01-04,1557196,Matchday 12,2024-2025,1557196,D
TS Galaxy,Magesi,0,0,FINISHED,2025-01-04,1557182,Matchday 12,2024-2025,1557182,D
Marumo Gallants,Richards Bay,0,0,FINISHED,2025-01-04,1557194,Matchday 12,2024-2025,1557194,D
Polokwane City,Sekhukhune United,1,1,FINISHED,2025-01-05,1557193,Matchday 12,2024-2025,1557193,D
Cape Town City,Kaizer Chiefs,1,0,FINISHED,2025-01-05,1557192,Matchday 12,2024-2025,1557192,H
Stellenbosch,TS Galaxy,1,1,FINISHED,2024-11-06,1557186,Matchday 13,2024-2025,1557186,D
Magesi,AmaZulu,0,1,FINISHED,2025-01-11,1557190,Matchday 13,2024-2025,1557190,A
Marumo Gallants,Cape Town City,1,0,FINISHED,2025-01-11,1557188,Matchday 13,2024-2025,1557188,H
Chippa United,Royal AM,,,UPCOMING,2025-01-11,1557187,Matchday 13,2024-2025,1557187,
Kaizer Chiefs,Golden Arrows,0,1,FINISHED,2025-01-12,1557185,Matchday 13,2024-2025,1557185,A
Siwelele,Sekhukhune United,0,3,FINISHED,2025-01-12,1557166,Matchday 13,2024-2025,1557166,A
Mamelodi Sundowns,Orlando Pirates,4,1,FINISHED,2025-02-08,1557189,Matchday 13,2024-2025,1557189,H
Richards Bay,Polokwane City,2,0,FINISHED,2025-02-08,1557191,Matchday 13,2024-2025,1557191,H
Cape Town City,Richards Bay,2,1,FINISHED,2025-01-17,1557181,Matchday 14,2024-2025,1557181,H
Siwelele,Polokwane City,0,1,FINISHED,2025-01-17,1557258,Matchday 14,2024-2025,1557258,A
Golden Arrows,TS Galaxy,1,1,FINISHED,2025-01-18,1557180,Matchday 14,2024-2025,1557180,D
Chippa United,Marumo Gallants,2,2,FINISHED,2025-01-18,1557178,Matchday 14,2024-2025,1557178,D
Kaizer Chiefs,Sekhukhune United,1,0,FINISHED,2025-01-19,1557177,Matchday 14,2024-2025,1557177,H
Magesi,Mamelodi Sundowns,1,2,FINISHED,2025-01-22,1557179,Matchday 14,2024-2025,1557179,A
AmaZulu,Stellenbosch,0,5,FINISHED,2025-01-23,1557176,Matchday 14,2024-2025,1557176,A
Royal AM,Orlando Pirates,,,UPCOMING,2025-01-23,1557183,Matchday 14,2024-2025,1557183,
Richards Bay,Magesi,0,0,FINISHED,2025-01-31,1557175,Matchday 15,2024-2025,1557175,D
Orlando Pirates,Kaizer Chiefs,1,0,FINISHED,2025-02-01,1557172,Matchday 15,2024-2025,1557172,H
Marumo Gallants,Royal AM,,,UPCOMING,2025-02-01,1557173,Matchday 15,2024-2025,1557173,
Stellenbosch,Sekhukhune United,1,1,FINISHED,2025-02-01,1557174,Matchday 15,2024-2025,1557174,D
Polokwane City,Chippa United,1,0,FINISHED,2025-02-01,1557171,Matchday 15,2024-2025,1557171,H
AmaZulu,Siwelele,2,1,FINISHED,2025-02-01,1557170,Matchday 15,2024-2025,1557170,H
TS Galaxy,Cape Town City,2,0,FINISHED,2025-02-02,1557169,Matchday 15,2024-2025,1557169,H
Mamelodi Sundowns,Golden Arrows,4,0,FINISHED,2025-02-02,1557184,Matchday 15,2024-2025,1557184,H
Royal AM,Stellenbosch,,,UPCOMING,2025-02-04,1557345,Matchday 16,2024-2025,1557345,
Richards Bay,Marumo Gallants,2,1,FINISHED,2025-02-04,1557332,Matchday 16,2024-2025,1557332,H
Kaizer Chiefs,AmaZulu,2,2,FINISHED,2025-02-04,1557344,Matchday 16,2024-2025,1557344,D
Magesi,Chippa United,1,4,FINISHED,2025-02-05,1557318,Matchday 16,2024-2025,1557318,A
Cape Town City,Golden Arrows,1,1,FINISHED,2025-02-05,1557343,Matchday 16,2024-2025,1557343,D
Siwelele,Mamelodi Sundowns,0,3,FINISHED,2025-02-05,1557341,Matchday 16,2024-2025,1557341,A
Sekhukhune United,Orlando Pirates,1,2,FINISHED,2025-02-05,1557342,Matchday 16,2024-2025,1557342,A
TS Galaxy,Polokwane City,0,0,FINISHED,2025-02-05,1557340,Matchday 16,2024-2025,1557340,D
Orlando Pirates,Richards Bay,1,0,FINISHED,2024-11-05,1557333,Matchday 17,2024-2025,1557333,H
Mamelodi Sundowns,Polokwane City,2,0,FINISHED,2024-11-06,1557336,Matchday 17,2024-2025,1557336,H
Stellenbosch,Kaizer Chiefs,0,1,FINISHED,2025-02-07,1557338,Matchday 17,2024-2025,1557338,A
AmaZulu,Marumo Gallants,2,0,FINISHED,2025-02-07,1557339,Matchday 17,2024-2025,1557339,H
Magesi,Cape Town City,2,0,FINISHED,2025-02-08,1557337,Matchday 17,2024-2025,1557337,H
TS Galaxy,Chippa United,1,0,FINISHED,2025-02-08,1557335,Matchday 17,2024-2025,1557335,H
Sekhukhune United,Siwelele,1,1,FINISHED,2025-02-09,1557348,Matchday 17,2024-2025,1557348,D
Golden Arrows,Royal AM,,,UPCOMING,2025-02-09,1557347,Matchday 17,2024-2025,1557347,
Richards Bay,Royal AM,,,UPCOMING,2025-02-18,1557328,Matchday 18,2024-2025,1557328,
Polokwane City,Magesi,0,1,FINISHED,2025-02-18,1557329,Matchday 18,2024-2025,1557329,A
Kaizer Chiefs,Siwelele,1,4,FINISHED,2025-02-18,1557331,Matchday 18,2024-2025,1557331,A
Cape Town City,Chippa United,0,2,FINISHED,2025-02-18,1557330,Matchday 18,2024-2025,1557330,A
TS Galaxy,Stellenbosch,2,3,FINISHED,2025-02-18,1557327,Matchday 18,2024-2025,1557327,A
Sekhukhune United,AmaZulu,4,2,FINISHED,2025-02-19,1557326,Matchday 18,2024-2025,1557326,H
Marumo Gallants,Mamelodi Sundowns,1,3,FINISHED,2025-02-19,1557325,Matchday 18,2024-2025,1557325,A
Golden Arrows,Orlando Pirates,1,2,FINISHED,2025-05-06,1557324,Matchday 18,2024-2025,1557324,A
Royal AM,Kaizer Chiefs,,,UPCOMING,2025-02-21,1557322,Matchday 19,2024-2025,1557322,
Stellenbosch,Richards Bay,1,1,FINISHED,2025-02-21,1557323,Matchday 19,2024-2025,1557323,D
Orlando Pirates,Cape Town City,2,1,FINISHED,2025-02-22,1557321,Matchday 19,2024-2025,1557321,H
Chippa United,Sekhukhune United,0,1,FINISHED,2025-02-22,1557320,Matchday 19,2024-2025,1557320,A
Mamelodi Sundowns,TS Galaxy,4,1,FINISHED,2025-02-22,1557256,Matchday 19,2024-2025,1557256,H
AmaZulu,Magesi,3,0,FINISHED,2025-02-22,1557334,Matchday 19,2024-2025,1557334,H
Marumo Gallants,Polokwane City,0,0,FINISHED,2025-02-23,1557362,Matchday 19,2024-2025,1557362,D
Siwelele,Golden Arrows,1,1,FINISHED,2025-05-29,1557376,Matchday 19,2024-2025,1557376,D
Orlando Pirates,Marumo Gallants,8,1,FINISHED,2024-12-24,1557375,Matchday 20,2024-2025,1557375,H
Stellenbosch,Polokwane City,1,1,FINISHED,2025-02-28,1557374,Matchday 20,2024-2025,1557374,D
Magesi,Siwelele,1,0,FINISHED,2025-03-01,1557373,Matchday 20,2024-2025,1557373,H
Mamelodi Sundowns,Kaizer Chiefs,1,0,FINISHED,2025-03-01,1557372,Matchday 20,2024-2025,1557372,H
TS Galaxy,Golden Arrows,2,0,FINISHED,2025-03-01,1557371,Matchday 20,2024-2025,1557371,H
Richards Bay,Chippa United,0,0,FINISHED,2025-03-01,1557370,Matchday 20,2024-2025,1557370,D
AmaZulu,Cape Town City,2,0,FINISHED,2025-03-02,1557368,Matchday 20,2024-2025,1557368,H
Sekhukhune United,Royal AM,,,UPCOMING,2025-03-02,1557369,Matchday 20,2024-2025,1557369,
Kaizer Chiefs,Magesi,1,0,FINISHED,2025-03-04,1557366,Matchday 21,2024-2025,1557366,H
Marumo Gallants,Stellenbosch,0,1,FINISHED,2025-03-04,1557367,Matchday 21,2024-2025,1557367,A
Polokwane City,Royal AM,,,UPCOMING,2025-03-05,1557363,Matchday 21,2024-2025,1557363,
Richards Bay,Sekhukhune United,2,1,FINISHED,2025-03-05,1557317,Matchday 21,2024-2025,1557317,H
Chippa United,Orlando Pirates,0,1,FINISHED,2025-03-05,1557361,Matchday 21,2024-2025,1557361,A
Siwelele,AmaZulu,0,0,FINISHED,2025-03-05,1557365,Matchday 21,2024-2025,1557365,D
Cape Town City,TS Galaxy,1,1,FINISHED,2025-03-05,1557360,Matchday 21,2024-2025,1557360,D
Golden Arrows,Mamelodi Sundowns,1,1,FINISHED,2025-03-05,1557346,Matchday 21,2024-2025,1557346,D
Royal AM,Chippa United,,,UPCOMING,2025-03-11,1557356,Matchday 22,2024-2025,1557356,
Stellenbosch,Orlando Pirates,0,0,FINISHED,2025-03-11,1557357,Matchday 22,2024-2025,1557357,D
Mamelodi Sundowns,AmaZulu,2,0,FINISHED,2025-03-11,1557358,Matchday 22,2024-2025,1557358,H
TS Galaxy,Siwelele,3,1,FINISHED,2025-03-11,1557359,Matchday 22,2024-2025,1557359,H
Magesi,Richards Bay,1,0,FINISHED,2025-03-11,1557355,Matchday 22,2024-2025,1557355,H
Kaizer Chiefs,Cape Town City,0,0,FINISHED,2025-03-12,1557354,Matchday 22,2024-2025,1557354,D
Polokwane City,Golden Arrows,0,1,FINISHED,2025-03-12,1557352,Matchday 22,2024-2025,1557352,A
Marumo Gallants,Sekhukhune United,1,2,FINISHED,2025-03-12,1557353,Matchday 22,2024-2025,1557353,A
Royal AM,Siwelele,,,UPCOMING,2025-03-14,1557351,Matchday 23,2024-2025,1557351,
AmaZulu,TS Galaxy,1,2,FINISHED,2025-03-14,1557350,Matchday 23,2024-2025,1557350,A
Magesi,Golden Arrows,1,0,FINISHED,2025-03-15,1557349,Matchday 23,2024-2025,1557349,H
Cape Town City,Marumo Gallants,0,1,FINISHED,2025-03-15,1557364,Matchday 23,2024-2025,1557364,A
Chippa United,Polokwane City,2,0,FINISHED,2025-03-15,1557319,Matchday 23,2024-2025,1557319,H
Richards Bay,Kaizer Chiefs,2,0,FINISHED,2025-03-16,1557285,Matchday 23,2024-2025,1557285,H
Orlando Pirates,Mamelodi Sundowns,2,1,FINISHED,2025-03-16,1557272,Matchday 23,2024-2025,1557272,H
Sekhukhune United,Stellenbosch,1,2,FINISHED,2025-03-16,1557284,Matchday 23,2024-2025,1557284,A
Stellenbosch,Magesi,2,1,FINISHED,2025-02-25,1557280,Matchday 24,2024-2025,1557280,H
Sekhukhune United,Mamelodi Sundowns,2,4,FINISHED,2025-02-26,1557281,Matchday 24,2024-2025,1557281,A
Golden Arrows,Kaizer Chiefs,2,1,FINISHED,2025-03-29,1557278,Matchday 24,2024-2025,1557278,H
Chippa United,AmaZulu,2,1,FINISHED,2025-03-29,1557283,Matchday 24,2024-2025,1557283,H
Orlando Pirates,Royal AM,,,UPCOMING,2025-03-29,1557282,Matchday 24,2024-2025,1557282,
Polokwane City,Richards Bay,3,1,FINISHED,2025-03-30,1557279,Matchday 24,2024-2025,1557279,H
TS Galaxy,Marumo Gallants,1,2,FINISHED,2025-03-30,1557276,Matchday 24,2024-2025,1557276,A
Siwelele,Cape Town City,0,0,FINISHED,2025-03-30,1557277,Matchday 24,2024-2025,1557277,D
AmaZulu,Richards Bay,1,0,FINISHED,2025-04-04,1557275,Matchday 25,2024-2025,1557275,H
Polokwane City,Orlando Pirates,0,1,FINISHED,2025-04-05,1557269,Matchday 25,2024-2025,1557269,A
Golden Arrows,Chippa United,0,0,FINISHED,2025-04-05,1557288,Matchday 25,2024-2025,1557288,D
Marumo Gallants,Siwelele,1,1,FINISHED,2025-04-05,1557273,Matchday 25,2024-2025,1557273,D
Kaizer Chiefs,TS Galaxy,1,1,FINISHED,2025-04-05,1557287,Matchday 25,2024-2025,1557287,D
Royal AM,Magesi,,,UPCOMING,2025-04-05,1557270,Matchday 25,2024-2025,1557270,
Cape Town City,Sekhukhune United,1,2,FINISHED,2025-04-06,1557268,Matchday 25,2024-2025,1557268,A
Mamelodi Sundowns,Stellenbosch,3,0,FINISHED,2025-05-11,1557271,Matchday 25,2024-2025,1557271,H
Stellenbosch,AmaZulu,1,0,FINISHED,2025-04-15,1557262,Matchday 26,2024-2025,1557262,H
Royal AM,Mamelodi Sundowns,,,UPCOMING,2025-04-18,1557267,Matchday 26,2024-2025,1557267,
Richards Bay,Cape Town City,1,0,FINISHED,2025-04-18,1557266,Matchday 26,2024-2025,1557266,H
Marumo Gallants,Golden Arrows,1,1,FINISHED,2025-04-19,1557265,Matchday 26,2024-2025,1557265,D
Chippa United,Kaizer Chiefs,0,0,FINISHED,2025-04-19,1557264,Matchday 26,2024-2025,1557264,D
Sekhukhune United,Polokwane City,2,0,FINISHED,2025-04-19,1557263,Matchday 26,2024-2025,1557263,H
Magesi,TS Galaxy,2,1,FINISHED,2025-04-20,1557261,Matchday 26,2024-2025,1557261,H
Siwelele,Orlando Pirates,0,1,FINISHED,2025-05-20,1557260,Matchday 26,2024-2025,1557260,A
Kaizer Chiefs,Marumo Gallants,1,2,FINISHED,2025-04-26,1557274,Matchday 27,2024-2025,1557274,A
Golden Arrows,AmaZulu,0,1,FINISHED,2025-04-26,1557313,Matchday 27,2024-2025,1557313,A
Polokwane City,Siwelele,1,1,FINISHED,2025-04-26,1557302,Matchday 27,2024-2025,1557302,D
Cape Town City,Royal AM,,,UPCOMING,2025-04-26,1557316,Matchday 27,2024-2025,1557316,
TS Galaxy,Sekhukhune United,1,1,FINISHED,2025-04-27,1557312,Matchday 27,2024-2025,1557312,D
Mamelodi Sundowns,Richards Bay,3,0,FINISHED,2025-04-30,1557315,Matchday 27,2024-2025,1557315,H
Stellenbosch,Chippa United,1,0,FINISHED,2025-04-30,1557154,Matchday 27,2024-2025,1557154,H
Orlando Pirates,Magesi,1,1,FINISHED,2025-05-28,1557259,Matchday 27,2024-2025,1557259,D
Royal AM,Marumo Gallants,,,UPCOMING,2025-05-02,1557311,Matchday 28,2024-2025,1557311,
AmaZulu,Polokwane City,1,1,FINISHED,2025-05-02,1557310,Matchday 28,2024-2025,1557310,D
Golden Arrows,Stellenbosch,0,3,FINISHED,2025-05-03,1557305,Matchday 28,2024-2025,1557305,A
Kaizer Chiefs,Orlando Pirates,1,2,FINISHED,2025-05-03,1557309,Matchday 28,2024-2025,1557309,A
Magesi,Sekhukhune United,1,1,FINISHED,2025-05-03,1557307,Matchday 28,2024-2025,1557307,D
Siwelele,Chippa United,2,0,FINISHED,2025-05-03,1557308,Matchday 28,2024-2025,1557308,H
Cape Town City,Mamelodi Sundowns,0,2,FINISHED,2025-05-03,1557286,Matchday 28,2024-2025,1557286,A
TS Galaxy,Richards Bay,0,1,FINISHED,2025-05-04,1557306,Matchday 28,2024-2025,1557306,A
Polokwane City,Cape Town City,0,2,FINISHED,2025-05-17,1557299,Matchday 29,2024-2025,1557299,A
Richards Bay,Golden Arrows,0,0,FINISHED,2025-05-17,1557298,Matchday 29,2024-2025,1557298,D
Marumo Gallants,Chippa United,1,1,FINISHED,2025-05-17,1557301,Matchday 29,2024-2025,1557301,D
Sekhukhune United,Kaizer Chiefs,1,1,FINISHED,2025-05-17,1557377,Matchday 29,2024-2025,1557377,D
Orlando Pirates,TS Galaxy,1,1,FINISHED,2025-05-17,1557300,Matchday 29,2024-2025,1557300,D
Stellenbosch,Siwelele,2,1,FINISHED,2025-05-17,1557297,Matchday 29,2024-2025,1557297,H
Royal AM,AmaZulu,,,UPCOMING,2025-05-17,1557303,Matchday 29,2024-2025,1557303,
Mamelodi Sundowns,Magesi,2,0,FINISHED,2025-05-18,1557296,Matchday 29,2024-2025,1557296,H
Chippa United,Mamelodi Sundowns,0,3,FINISHED,2025-05-14,1557292,Matchday 30,2024-2025,1557292,A
AmaZulu,Orlando Pirates,1,1,FINISHED,2025-05-24,1557304,Matchday 30,2024-2025,1557304,D
Siwelele,Richards Bay,0,2,FINISHED,2025-05-24,1557289,Matchday 30,2024-2025,1557289,A
Cape Town City,Stellenbosch,0,0,FINISHED,2025-05-24,1557294,Matchday 30,2024-2025,1557294,D
Golden Arrows,Sekhukhune United,3,2,FINISHED,2025-05-24,1557295,Matchday 30,2024-2025,1557295,H
Kaizer Chiefs,Polokwane City,0,0,FINISHED,2025-05-24,1557291,Matchday 30,2024-2025,1557291,D
Magesi,Marumo Gallants,1,1,FINISHED,2025-05-24,1557290,Matchday 30,2024-2025,1557290,D
TS Galaxy,Royal AM,,,UPCOMING,2025-05-24,1557293,Matchday 30,2024-2025,1557293,
Sekhukhune United,Mamelodi Sundowns,1,2,FINISHED,2023-08-04,1455696,Matchday 1,2023-2024,1455696,A
Siwelele,Richards Bay,2,0,FINISHED,2023-08-05,1455707,Matchday 1,2023-2024,1455707,H
Golden Arrows,Swallows FC,1,1,FINISHED,2023-08-05,1455682,Matchday 1,2023-2024,1455682,D
Royal AM,AmaZulu,0,0,FINISHED,2023-08-05,1455709,Matchday 1,2023-2024,1455709,D
Stellenbosch,Orlando Pirates,1,0,FINISHED,2023-08-05,1455708,Matchday 1,2023-2024,1455708,H
TS Galaxy,Cape Town Spurs,1,0,FINISHED,2023-08-06,1455705,Matchday 1,2023-2024,1455705,H
Kaizer Chiefs,Chippa United,0,0,FINISHED,2023-08-06,1455706,Matchday 1,2023-2024,1455706,D
Cape Town City,Polokwane City,1,0,FINISHED,2023-08-06,1455704,Matchday 1,2023-2024,1455704,H
Richards Bay,Golden Arrows,1,2,FINISHED,2023-08-08,1455703,Matchday 2,2023-2024,1455703,A
Orlando Pirates,Royal AM,4,2,FINISHED,2023-08-08,1455702,Matchday 2,2023-2024,1455702,H
Swallows FC,Cape Town City,0,1,FINISHED,2023-08-09,1455701,Matchday 2,2023-2024,1455701,A
Mamelodi Sundowns,Kaizer Chiefs,2,1,FINISHED,2023-08-09,1455700,Matchday 2,2023-2024,1455700,H
AmaZulu,Siwelele,0,0,FINISHED,2023-08-09,1455699,Matchday 2,2023-2024,1455699,D
Polokwane City,Stellenbosch,1,0,FINISHED,2023-08-09,1455697,Matchday 2,2023-2024,1455697,H
Cape Town Spurs,Sekhukhune United,0,2,FINISHED,2023-08-09,1455712,Matchday 2,2023-2024,1455712,A
Chippa United,TS Galaxy,0,0,FINISHED,2023-08-09,1455711,Matchday 2,2023-2024,1455711,D
Mamelodi Sundowns,Golden Arrows,4,0,FINISHED,2023-08-15,1455690,Matchday 3,2023-2024,1455690,H
Chippa United,Orlando Pirates,1,1,FINISHED,2023-08-15,1455691,Matchday 3,2023-2024,1455691,D
Sekhukhune United,Swallows FC,1,2,FINISHED,2023-08-16,1455688,Matchday 3,2023-2024,1455688,A
Siwelele,Cape Town City,1,0,FINISHED,2023-08-18,1455693,Matchday 3,2023-2024,1455693,H
Royal AM,Stellenbosch,1,3,FINISHED,2023-08-18,1455695,Matchday 3,2023-2024,1455695,A
Polokwane City,Cape Town Spurs,3,1,FINISHED,2023-08-19,1455694,Matchday 3,2023-2024,1455694,H
AmaZulu,Richards Bay,0,0,FINISHED,2023-08-19,1455692,Matchday 3,2023-2024,1455692,D
TS Galaxy,Kaizer Chiefs,1,0,FINISHED,2023-08-20,1455689,Matchday 3,2023-2024,1455689,H
Richards Bay,Mamelodi Sundowns,0,1,FINISHED,2023-08-23,1455741,Matchday 4,2023-2024,1455741,A
Cape Town City,Sekhukhune United,0,1,FINISHED,2023-08-23,1455685,Matchday 4,2023-2024,1455685,A
Cape Town Spurs,Chippa United,0,1,FINISHED,2023-08-25,1455687,Matchday 4,2023-2024,1455687,A
Golden Arrows,Polokwane City,3,2,FINISHED,2023-08-26,1455686,Matchday 4,2023-2024,1455686,H
Kaizer Chiefs,AmaZulu,3,0,FINISHED,2023-08-26,1455684,Matchday 4,2023-2024,1455684,H
Stellenbosch,Siwelele,1,2,FINISHED,2023-08-26,1455622,Matchday 4,2023-2024,1455622,A
Royal AM,TS Galaxy,1,0,FINISHED,2023-08-27,1455698,Matchday 4,2023-2024,1455698,H
Orlando Pirates,Swallows FC,2,0,FINISHED,2023-12-05,1455726,Matchday 4,2023-2024,1455726,H
Siwelele,Golden Arrows,0,3,FINISHED,2023-08-29,1455739,Matchday 5,2023-2024,1455739,A
Orlando Pirates,Cape Town City,2,0,FINISHED,2023-08-29,1455738,Matchday 5,2023-2024,1455738,H
Polokwane City,Mamelodi Sundowns,0,2,FINISHED,2023-08-30,1455736,Matchday 5,2023-2024,1455736,A
Stellenbosch,Kaizer Chiefs,0,2,FINISHED,2023-08-30,1455734,Matchday 5,2023-2024,1455734,A
Chippa United,Royal AM,2,3,FINISHED,2023-08-30,1455735,Matchday 5,2023-2024,1455735,A
AmaZulu,TS Galaxy,1,0,FINISHED,2023-08-30,1455732,Matchday 5,2023-2024,1455732,H
Richards Bay,Sekhukhune United,1,1,FINISHED,2023-08-30,1455737,Matchday 5,2023-2024,1455737,D
Swallows FC,Cape Town Spurs,3,1,FINISHED,2023-08-30,1455733,Matchday 5,2023-2024,1455733,H
Chippa United,Mamelodi Sundowns,0,2,FINISHED,2023-08-19,1455729,Matchday 6,2023-2024,1455729,A
Swallows FC,Richards Bay,0,1,FINISHED,2023-09-15,1455731,Matchday 6,2023-2024,1455731,A
Golden Arrows,Stellenbosch,0,0,FINISHED,2023-09-16,1455730,Matchday 6,2023-2024,1455730,D
Kaizer Chiefs,Royal AM,0,0,FINISHED,2023-09-16,1455681,Matchday 6,2023-2024,1455681,D
AmaZulu,Cape Town City,3,2,FINISHED,2023-09-17,1455724,Matchday 6,2023-2024,1455724,H
Sekhukhune United,Polokwane City,0,0,FINISHED,2023-10-08,1455725,Matchday 6,2023-2024,1455725,D
TS Galaxy,Siwelele,2,3,FINISHED,2023-11-01,1455710,Matchday 6,2023-2024,1455710,A
Cape Town Spurs,Orlando Pirates,2,1,FINISHED,2023-11-01,1455727,Matchday 6,2023-2024,1455727,H
Stellenbosch,Swallows FC,0,2,FINISHED,2023-09-19,1455720,Matchday 7,2023-2024,1455720,A
Richards Bay,Chippa United,1,2,FINISHED,2023-09-19,1455721,Matchday 7,2023-2024,1455721,A
Cape Town Spurs,Golden Arrows,1,2,FINISHED,2023-09-19,1455723,Matchday 7,2023-2024,1455723,A
Royal AM,Sekhukhune United,0,1,FINISHED,2023-09-20,1455718,Matchday 7,2023-2024,1455718,A
Siwelele,Kaizer Chiefs,1,0,FINISHED,2023-09-20,1455717,Matchday 7,2023-2024,1455717,H
Orlando Pirates,Mamelodi Sundowns,0,1,FINISHED,2023-09-20,1455722,Matchday 7,2023-2024,1455722,A
TS Galaxy,Cape Town City,0,0,FINISHED,2023-09-20,1455719,Matchday 7,2023-2024,1455719,D
Polokwane City,AmaZulu,0,0,FINISHED,2023-09-25,1455716,Matchday 7,2023-2024,1455716,D
Chippa United,Siwelele,1,0,FINISHED,2023-09-26,1455683,Matchday 8,2023-2024,1455683,H
Kaizer Chiefs,Sekhukhune United,2,1,FINISHED,2023-09-27,1455728,Matchday 8,2023-2024,1455728,H
Mamelodi Sundowns,Stellenbosch,3,1,FINISHED,2023-09-27,1455636,Matchday 8,2023-2024,1455636,H
Swallows FC,AmaZulu,2,1,FINISHED,2023-09-29,1455715,Matchday 8,2023-2024,1455715,H
Cape Town City,Cape Town Spurs,3,1,FINISHED,2023-09-30,1455714,Matchday 8,2023-2024,1455714,H
Polokwane City,Royal AM,1,0,FINISHED,2023-09-30,1455713,Matchday 8,2023-2024,1455713,H
TS Galaxy,Richards Bay,1,1,FINISHED,2023-10-01,1455648,Matchday 8,2023-2024,1455648,D
Golden Arrows,Orlando Pirates,1,2,FINISHED,2023-12-17,1455649,Matchday 8,2023-2024,1455649,A
Kaizer Chiefs,Cape Town City,0,1,FINISHED,2023-10-03,1455646,Matchday 9,2023-2024,1455646,A
Swallows FC,Chippa United,0,0,FINISHED,2023-10-04,1455645,Matchday 9,2023-2024,1455645,D
Cape Town Spurs,Siwelele,1,2,FINISHED,2023-10-04,1455643,Matchday 9,2023-2024,1455643,A
Richards Bay,Polokwane City,0,1,FINISHED,2023-10-04,1455642,Matchday 9,2023-2024,1455642,A
Stellenbosch,TS Galaxy,3,0,FINISHED,2023-10-04,1455640,Matchday 9,2023-2024,1455640,H
Sekhukhune United,Golden Arrows,0,1,FINISHED,2023-10-05,1455641,Matchday 9,2023-2024,1455641,A
AmaZulu,Orlando Pirates,0,0,FINISHED,2023-10-24,1455644,Matchday 9,2023-2024,1455644,D
Royal AM,Mamelodi Sundowns,0,2,FINISHED,2024-05-14,1455647,Matchday 9,2023-2024,1455647,A
Siwelele,Royal AM,3,1,FINISHED,2023-10-26,1455632,Matchday 10,2023-2024,1455632,H
Orlando Pirates,Polokwane City,1,1,FINISHED,2023-10-27,1455639,Matchday 10,2023-2024,1455639,D
Golden Arrows,Kaizer Chiefs,2,1,FINISHED,2023-10-28,1455652,Matchday 10,2023-2024,1455652,H
Chippa United,AmaZulu,1,1,FINISHED,2023-10-28,1455637,Matchday 10,2023-2024,1455637,D
TS Galaxy,Sekhukhune United,2,0,FINISHED,2023-10-29,1455633,Matchday 10,2023-2024,1455633,H
Richards Bay,Cape Town City,1,3,FINISHED,2023-10-29,1455634,Matchday 10,2023-2024,1455634,A
Cape Town Spurs,Stellenbosch,0,3,FINISHED,2023-11-28,1455651,Matchday 10,2023-2024,1455651,A
Mamelodi Sundowns,Swallows FC,3,0,FINISHED,2023-12-27,1455635,Matchday 10,2023-2024,1455635,H
Stellenbosch,Richards Bay,2,1,FINISHED,2023-11-07,1455628,Matchday 11,2023-2024,1455628,H
Orlando Pirates,Sekhukhune United,1,0,FINISHED,2023-11-07,1455630,Matchday 11,2023-2024,1455630,H
Cape Town City,Chippa United,2,1,FINISHED,2023-11-07,1455631,Matchday 11,2023-2024,1455631,H
Royal AM,Golden Arrows,1,0,FINISHED,2023-11-07,1455629,Matchday 11,2023-2024,1455629,H
Kaizer Chiefs,Cape Town Spurs,3,2,FINISHED,2023-11-08,1455626,Matchday 11,2023-2024,1455626,H
Polokwane City,Siwelele,1,1,FINISHED,2023-11-08,1455625,Matchday 11,2023-2024,1455625,D
Swallows FC,TS Galaxy,1,0,FINISHED,2023-11-08,1455624,Matchday 11,2023-2024,1455624,H
AmaZulu,Mamelodi Sundowns,0,1,FINISHED,2023-12-06,1455627,Matchday 11,2023-2024,1455627,A
Cape Town City,Royal AM,2,0,FINISHED,2023-11-10,1455623,Matchday 12,2023-2024,1455623,H
Kaizer Chiefs,Orlando Pirates,0,1,FINISHED,2023-11-11,1455638,Matchday 12,2023-2024,1455638,A
Polokwane City,Swallows FC,0,0,FINISHED,2023-11-11,1455666,Matchday 12,2023-2024,1455666,D
Chippa United,Stellenbosch,0,0,FINISHED,2023-11-11,1455680,Matchday 12,2023-2024,1455680,D
Golden Arrows,AmaZulu,1,3,FINISHED,2023-11-12,1455679,Matchday 12,2023-2024,1455679,A
Richards Bay,Cape Town Spurs,1,0,FINISHED,2023-11-12,1455678,Matchday 12,2023-2024,1455678,H
Sekhukhune United,Siwelele,2,1,FINISHED,2023-11-12,1455676,Matchday 12,2023-2024,1455676,H
Mamelodi Sundowns,TS Galaxy,3,0,FINISHED,2024-04-29,1455677,Matchday 12,2023-2024,1455677,H
Richards Bay,Orlando Pirates,0,0,FINISHED,2023-11-25,1455674,Matchday 13,2023-2024,1455674,D
AmaZulu,Stellenbosch,0,1,FINISHED,2023-11-25,1455675,Matchday 13,2023-2024,1455675,A
Cape Town Spurs,Royal AM,1,2,FINISHED,2023-11-25,1455673,Matchday 13,2023-2024,1455673,A
TS Galaxy,Polokwane City,3,0,FINISHED,2023-11-26,1455669,Matchday 13,2023-2024,1455669,H
Swallows FC,Kaizer Chiefs,0,1,FINISHED,2023-11-26,1455670,Matchday 13,2023-2024,1455670,A
Golden Arrows,Cape Town City,0,1,FINISHED,2023-11-26,1455650,Matchday 13,2023-2024,1455650,A
Siwelele,Mamelodi Sundowns,0,2,FINISHED,2023-11-29,1455671,Matchday 13,2023-2024,1455671,A
Sekhukhune United,Chippa United,2,0,FINISHED,2023-12-06,1455672,Matchday 13,2023-2024,1455672,H
Stellenbosch,Cape Town City,1,0,FINISHED,2023-12-08,1455667,Matchday 14,2023-2024,1455667,H
Polokwane City,Kaizer Chiefs,0,1,FINISHED,2023-12-09,1455742,Matchday 14,2023-2024,1455742,A
Chippa United,Golden Arrows,2,0,FINISHED,2023-12-09,1455663,Matchday 14,2023-2024,1455663,H
Orlando Pirates,TS Galaxy,1,0,FINISHED,2023-12-09,1455661,Matchday 14,2023-2024,1455661,H
Royal AM,Richards Bay,3,2,FINISHED,2023-12-10,1455660,Matchday 14,2023-2024,1455660,H
Mamelodi Sundowns,Cape Town Spurs,3,0,FINISHED,2023-12-13,1455662,Matchday 14,2023-2024,1455662,H
AmaZulu,Sekhukhune United,1,0,FINISHED,2023-12-13,1455664,Matchday 14,2023-2024,1455664,H
Swallows FC,Siwelele,1,2,FINISHED,2023-12-15,1455665,Matchday 14,2023-2024,1455665,A
AmaZulu,Cape Town Spurs,1,1,FINISHED,2023-12-22,1455658,Matchday 15,2023-2024,1455658,D
Chippa United,Polokwane City,1,2,FINISHED,2023-12-23,1455657,Matchday 15,2023-2024,1455657,A
Royal AM,Swallows FC,0,0,FINISHED,2023-12-23,1455654,Matchday 15,2023-2024,1455654,D
Golden Arrows,TS Galaxy,0,2,FINISHED,2023-12-23,1455656,Matchday 15,2023-2024,1455656,A
Kaizer Chiefs,Richards Bay,1,0,FINISHED,2023-12-23,1455655,Matchday 15,2023-2024,1455655,H
Siwelele,Orlando Pirates,3,1,FINISHED,2023-12-23,1455653,Matchday 15,2023-2024,1455653,H
Cape Town City,Mamelodi Sundowns,0,0,FINISHED,2023-12-24,1455668,Matchday 15,2023-2024,1455668,D
Sekhukhune United,Stellenbosch,1,1,FINISHED,2024-04-17,1455659,Matchday 15,2023-2024,1455659,D
AmaZulu,Royal AM,3,0,FINISHED,2023-12-29,1455802,Matchday 16,2023-2024,1455802,H
Orlando Pirates,Stellenbosch,2,3,FINISHED,2023-12-29,1455829,Matchday 16,2023-2024,1455829,A
Richards Bay,Siwelele,3,1,FINISHED,2023-12-30,1455827,Matchday 16,2023-2024,1455827,H
Swallows FC,Golden Arrows,0,3,FINISHED,2023-12-30,1455816,Matchday 16,2023-2024,1455816,A
TS Galaxy,Chippa United,2,0,FINISHED,2023-12-30,1455826,Matchday 16,2023-2024,1455826,H
Mamelodi Sundowns,Polokwane City,0,0,FINISHED,2023-12-30,1455825,Matchday 16,2023-2024,1455825,D
Sekhukhune United,Kaizer Chiefs,1,1,FINISHED,2023-12-30,1455824,Matchday 16,2023-2024,1455824,D
Cape Town Spurs,Cape Town City,0,2,FINISHED,2023-12-31,1455828,Matchday 16,2023-2024,1455828,A
Royal AM,Cape Town Spurs,0,1,FINISHED,2024-05-07,1455832,Matchday 17,2023-2024,1455832,A
Kaizer Chiefs,TS Galaxy,2,2,FINISHED,2024-05-07,1455822,Matchday 17,2023-2024,1455822,D
Cape Town City,Swallows FC,2,0,FINISHED,2024-05-07,1455823,Matchday 17,2023-2024,1455823,H
Siwelele,Sekhukhune United,1,1,FINISHED,2024-05-07,1455820,Matchday 17,2023-2024,1455820,D
Orlando Pirates,Chippa United,2,0,FINISHED,2024-05-08,1455831,Matchday 17,2023-2024,1455831,H
Polokwane City,Richards Bay,0,0,FINISHED,2024-05-08,1455817,Matchday 17,2023-2024,1455817,D
Stellenbosch,AmaZulu,0,0,FINISHED,2024-05-08,1455821,Matchday 17,2023-2024,1455821,D
Golden Arrows,Mamelodi Sundowns,0,0,FINISHED,2024-05-08,1455819,Matchday 17,2023-2024,1455819,D
Siwelele,Stellenbosch,1,1,FINISHED,2024-02-16,1455815,Matchday 18,2023-2024,1455815,D
Chippa United,Cape Town City,1,1,FINISHED,2024-02-17,1455814,Matchday 18,2023-2024,1455814,D
Swallows FC,Polokwane City,0,1,FINISHED,2024-02-17,1455813,Matchday 18,2023-2024,1455813,A
Sekhukhune United,Richards Bay,3,1,FINISHED,2024-02-17,1455811,Matchday 18,2023-2024,1455811,H
Cape Town Spurs,AmaZulu,3,1,FINISHED,2024-02-17,1455812,Matchday 18,2023-2024,1455812,H
Mamelodi Sundowns,Orlando Pirates,1,1,FINISHED,2024-02-17,1455810,Matchday 18,2023-2024,1455810,D
Royal AM,Kaizer Chiefs,0,0,FINISHED,2024-02-18,1455809,Matchday 18,2023-2024,1455809,D
TS Galaxy,Golden Arrows,3,1,FINISHED,2024-02-18,1455808,Matchday 18,2023-2024,1455808,H
Mamelodi Sundowns,AmaZulu,3,0,FINISHED,2024-02-27,1455818,Matchday 19,2023-2024,1455818,H
Cape Town City,Siwelele,1,1,FINISHED,2024-02-28,1455804,Matchday 19,2023-2024,1455804,D
Golden Arrows,Sekhukhune United,0,1,FINISHED,2024-02-28,1455806,Matchday 19,2023-2024,1455806,A
Stellenbosch,Chippa United,1,1,FINISHED,2024-03-01,1455807,Matchday 19,2023-2024,1455807,D
Polokwane City,Orlando Pirates,0,1,FINISHED,2024-03-02,1455805,Matchday 19,2023-2024,1455805,A
Kaizer Chiefs,Swallows FC,0,0,FINISHED,2024-03-02,1455740,Matchday 19,2023-2024,1455740,D
Richards Bay,Royal AM,1,2,FINISHED,2024-03-02,1455860,Matchday 19,2023-2024,1455860,A
Cape Town Spurs,TS Galaxy,2,0,FINISHED,2024-03-03,1455846,Matchday 19,2023-2024,1455846,H
Cape Town City,Stellenbosch,0,1,FINISHED,2024-03-05,1455858,Matchday 20,2023-2024,1455858,A
AmaZulu,Swallows FC,1,1,FINISHED,2024-03-05,1455859,Matchday 20,2023-2024,1455859,D
Kaizer Chiefs,Golden Arrows,1,0,FINISHED,2024-03-05,1455857,Matchday 20,2023-2024,1455857,H
Sekhukhune United,Royal AM,1,0,FINISHED,2024-03-06,1455854,Matchday 20,2023-2024,1455854,H
Chippa United,Richards Bay,3,0,FINISHED,2024-03-06,1455856,Matchday 20,2023-2024,1455856,H
Orlando Pirates,Cape Town Spurs,1,1,FINISHED,2024-03-06,1455855,Matchday 20,2023-2024,1455855,D
Siwelele,Polokwane City,1,1,FINISHED,2024-04-17,1455853,Matchday 20,2023-2024,1455853,D
TS Galaxy,Mamelodi Sundowns,1,1,FINISHED,2024-05-21,1455852,Matchday 20,2023-2024,1455852,D
Orlando Pirates,Kaizer Chiefs,3,2,FINISHED,2024-03-09,1455851,Matchday 21,2023-2024,1455851,H
Siwelele,AmaZulu,1,1,FINISHED,2024-03-09,1455830,Matchday 21,2023-2024,1455830,D
Stellenbosch,Cape Town Spurs,1,1,FINISHED,2024-03-09,1455849,Matchday 21,2023-2024,1455849,D
Swallows FC,Sekhukhune United,1,4,FINISHED,2024-03-09,1455847,Matchday 21,2023-2024,1455847,A
Mamelodi Sundowns,Chippa United,2,0,FINISHED,2024-03-09,1455850,Matchday 21,2023-2024,1455850,H
Richards Bay,TS Galaxy,0,0,FINISHED,2024-03-09,1455801,Matchday 21,2023-2024,1455801,D
Polokwane City,Golden Arrows,0,1,FINISHED,2024-03-10,1455845,Matchday 21,2023-2024,1455845,A
Royal AM,Cape Town City,2,0,FINISHED,2024-03-10,1455844,Matchday 21,2023-2024,1455844,H
Mamelodi Sundowns,Siwelele,1,1,FINISHED,2024-03-12,1455838,Matchday 22,2023-2024,1455838,D
Polokwane City,Chippa United,1,0,FINISHED,2024-03-30,1455842,Matchday 22,2023-2024,1455842,H
Stellenbosch,Royal AM,3,0,FINISHED,2024-03-30,1455841,Matchday 22,2023-2024,1455841,H
Cape Town City,Kaizer Chiefs,0,0,FINISHED,2024-03-30,1455843,Matchday 22,2023-2024,1455843,D
Golden Arrows,Richards Bay,2,1,FINISHED,2024-03-30,1455836,Matchday 22,2023-2024,1455836,H
TS Galaxy,AmaZulu,2,0,FINISHED,2024-03-30,1455840,Matchday 22,2023-2024,1455840,H
Sekhukhune United,Orlando Pirates,2,1,FINISHED,2024-03-30,1455839,Matchday 22,2023-2024,1455839,H
Cape Town Spurs,Swallows FC,0,1,FINISHED,2024-03-31,1455837,Matchday 22,2023-2024,1455837,A
Mamelodi Sundowns,Richards Bay,1,0,FINISHED,2024-04-02,1455803,Matchday 23,2023-2024,1455803,H
Kaizer Chiefs,Stellenbosch,0,1,FINISHED,2024-04-02,1455834,Matchday 23,2023-2024,1455834,A
Sekhukhune United,Cape Town City,2,2,FINISHED,2024-04-02,1455833,Matchday 23,2023-2024,1455833,D
AmaZulu,Polokwane City,0,0,FINISHED,2024-04-02,1455835,Matchday 23,2023-2024,1455835,D
TS Galaxy,Royal AM,3,0,FINISHED,2024-04-03,1455768,Matchday 23,2023-2024,1455768,H
Golden Arrows,Siwelele,2,2,FINISHED,2024-04-03,1455756,Matchday 23,2023-2024,1455756,D
Swallows FC,Orlando Pirates,1,1,FINISHED,2024-04-03,1455769,Matchday 23,2023-2024,1455769,D
Chippa United,Cape Town Spurs,2,0,FINISHED,2024-04-03,1455848,Matchday 23,2023-2024,1455848,H
Richards Bay,Swallows FC,1,0,FINISHED,2024-04-06,1455765,Matchday 24,2023-2024,1455765,H
Chippa United,Kaizer Chiefs,2,0,FINISHED,2024-04-06,1455766,Matchday 24,2023-2024,1455766,H
Stellenbosch,Sekhukhune United,0,0,FINISHED,2024-04-06,1455767,Matchday 24,2023-2024,1455767,D
Orlando Pirates,Golden Arrows,7,1,FINISHED,2024-04-06,1455764,Matchday 24,2023-2024,1455764,H
Siwelele,TS Galaxy,0,1,FINISHED,2024-04-06,1455763,Matchday 24,2023-2024,1455763,A
Cape Town City,AmaZulu,0,1,FINISHED,2024-04-07,1455760,Matchday 24,2023-2024,1455760,A
Royal AM,Polokwane City,3,2,FINISHED,2024-04-07,1455761,Matchday 24,2023-2024,1455761,H
Cape Town Spurs,Mamelodi Sundowns,0,1,FINISHED,2024-04-09,1455762,Matchday 24,2023-2024,1455762,A
Swallows FC,Mamelodi Sundowns,2,2,FINISHED,2024-04-15,1455757,Matchday 25,2023-2024,1455757,D
Golden Arrows,Royal AM,1,1,FINISHED,2024-04-20,1455759,Matchday 25,2023-2024,1455759,D
Sekhukhune United,Cape Town Spurs,1,0,FINISHED,2024-04-20,1455755,Matchday 25,2023-2024,1455755,H
Orlando Pirates,AmaZulu,1,0,FINISHED,2024-04-20,1455772,Matchday 25,2023-2024,1455772,H
Siwelele,Chippa United,0,2,FINISHED,2024-04-20,1455754,Matchday 25,2023-2024,1455754,A
Richards Bay,Kaizer Chiefs,1,0,FINISHED,2024-04-21,1455771,Matchday 25,2023-2024,1455771,H
Polokwane City,Cape Town City,2,2,FINISHED,2024-04-21,1455753,Matchday 25,2023-2024,1455753,D
TS Galaxy,Stellenbosch,1,2,FINISHED,2024-04-21,1455752,Matchday 25,2023-2024,1455752,A
Mamelodi Sundowns,Sekhukhune United,2,1,FINISHED,2024-04-23,1455751,Matchday 26,2023-2024,1455751,H
TS Galaxy,Swallows FC,2,1,FINISHED,2024-04-26,1455745,Matchday 26,2023-2024,1455745,H
Cape Town Spurs,Richards Bay,1,0,FINISHED,2024-04-26,1455747,Matchday 26,2023-2024,1455747,H
AmaZulu,Chippa United,2,1,FINISHED,2024-04-27,1455749,Matchday 26,2023-2024,1455749,H
Kaizer Chiefs,Siwelele,2,1,FINISHED,2024-04-27,1455748,Matchday 26,2023-2024,1455748,H
Stellenbosch,Polokwane City,5,0,FINISHED,2024-04-27,1455750,Matchday 26,2023-2024,1455750,H
Royal AM,Orlando Pirates,0,4,FINISHED,2024-04-28,1455746,Matchday 26,2023-2024,1455746,A
Cape Town City,Golden Arrows,1,1,FINISHED,2024-04-28,1455744,Matchday 26,2023-2024,1455744,D
Cape Town Spurs,Polokwane City,0,1,FINISHED,2024-04-30,1455743,Matchday 27,2023-2024,1455743,A
Richards Bay,AmaZulu,2,1,FINISHED,2024-04-30,1455786,Matchday 27,2023-2024,1455786,H
Cape Town City,Orlando Pirates,0,2,FINISHED,2024-05-01,1455800,Matchday 27,2023-2024,1455800,A
Chippa United,Swallows FC,1,2,FINISHED,2024-05-01,1455799,Matchday 27,2023-2024,1455799,A
Stellenbosch,Golden Arrows,3,0,FINISHED,2024-05-01,1455796,Matchday 27,2023-2024,1455796,H
Royal AM,Siwelele,0,1,FINISHED,2024-05-01,1455798,Matchday 27,2023-2024,1455798,A
Kaizer Chiefs,Mamelodi Sundowns,1,5,FINISHED,2024-05-02,1455758,Matchday 27,2023-2024,1455758,A
Sekhukhune United,TS Galaxy,0,0,FINISHED,2024-05-03,1455797,Matchday 27,2023-2024,1455797,D
Siwelele,Cape Town Spurs,0,0,FINISHED,2024-05-10,1455795,Matchday 28,2023-2024,1455795,D
Polokwane City,Sekhukhune United,0,0,FINISHED,2024-05-11,1455794,Matchday 28,2023-2024,1455794,D
Swallows FC,Stellenbosch,2,0,FINISHED,2024-05-11,1455793,Matchday 28,2023-2024,1455793,H
Mamelodi Sundowns,Royal AM,1,0,FINISHED,2024-05-11,1455791,Matchday 28,2023-2024,1455791,H
Orlando Pirates,Richards Bay,0,1,FINISHED,2024-05-11,1455790,Matchday 28,2023-2024,1455790,A
Cape Town City,TS Galaxy,1,1,FINISHED,2024-05-12,1455789,Matchday 28,2023-2024,1455789,D
Golden Arrows,Chippa United,1,1,FINISHED,2024-05-12,1455770,Matchday 28,2023-2024,1455770,D
AmaZulu,Kaizer Chiefs,1,1,FINISHED,2024-05-12,1455792,Matchday 28,2023-2024,1455792,D
Stellenbosch,Mamelodi Sundowns,0,1,FINISHED,2024-05-18,1455782,Matchday 29,2023-2024,1455782,A
Golden Arrows,Cape Town Spurs,1,1,FINISHED,2024-05-18,1455861,Matchday 29,2023-2024,1455861,D
Sekhukhune United,AmaZulu,0,1,FINISHED,2024-05-18,1455783,Matchday 29,2023-2024,1455783,A
Cape Town City,Richards Bay,3,1,FINISHED,2024-05-18,1455787,Matchday 29,2023-2024,1455787,H
Kaizer Chiefs,Polokwane City,0,0,FINISHED,2024-05-18,1455785,Matchday 29,2023-2024,1455785,D
TS Galaxy,Orlando Pirates,1,0,FINISHED,2024-05-18,1455780,Matchday 29,2023-2024,1455780,H
Royal AM,Chippa United,0,0,FINISHED,2024-05-18,1455784,Matchday 29,2023-2024,1455784,D
Siwelele,Swallows FC,2,0,FINISHED,2024-05-18,1455781,Matchday 29,2023-2024,1455781,H
Cape Town Spurs,Kaizer Chiefs,2,0,FINISHED,2024-05-25,1455778,Matchday 30,2023-2024,1455778,H
AmaZulu,Golden Arrows,1,3,FINISHED,2024-05-25,1455779,Matchday 30,2023-2024,1455779,A
Orlando Pirates,Siwelele,1,1,FINISHED,2024-05-25,1455775,Matchday 30,2023-2024,1455775,D
Chippa United,Sekhukhune United,0,1,FINISHED,2024-05-25,1455777,Matchday 30,2023-2024,1455777,A
Richards Bay,Stellenbosch,2,1,FINISHED,2024-05-25,1455773,Matchday 30,2023-2024,1455773,H
Mamelodi Sundowns,Cape Town City,0,1,FINISHED,2024-05-25,1455776,Matchday 30,2023-2024,1455776,A
Swallows FC,Royal AM,1,2,FINISHED,2024-05-25,1455788,Matchday 30,2023-2024,1455788,A
Polokwane City,TS Galaxy,1,0,FINISHED,2024-05-25,1455774,Matchday 30,2023-2024,1455774,H
Cape Town City,Mamelodi Sundowns,0,2,FINISHED,2022-08-05,1376401,Matchday 1,2022-2023,1376401,A
Golden Arrows,Richards Bay,0,2,FINISHED,2022-08-06,1376387,Matchday 1,2022-2023,1376387,A
Orlando Pirates,Swallows FC,1,0,FINISHED,2022-08-06,1376413,Matchday 1,2022-2023,1376413,H
Marumo Gallants,Stellenbosch,0,0,FINISHED,2022-08-06,1376414,Matchday 1,2022-2023,1376414,D
Royal AM,Kaizer Chiefs,1,0,FINISHED,2022-08-06,1376412,Matchday 1,2022-2023,1376412,H
Maritzburg United,Sekhukhune United,1,1,FINISHED,2022-08-06,1376411,Matchday 1,2022-2023,1376411,D
TS Galaxy,AmaZulu,0,0,FINISHED,2022-08-07,1376410,Matchday 1,2022-2023,1376410,D
Siwelele,Chippa United,1,1,FINISHED,2022-08-07,1376409,Matchday 1,2022-2023,1376409,D
Richards Bay,Marumo Gallants,0,0,FINISHED,2022-08-09,1376408,Matchday 2,2022-2023,1376408,D
Swallows FC,Cape Town City,3,2,FINISHED,2022-08-09,1376407,Matchday 2,2022-2023,1376407,H
Kaizer Chiefs,Maritzburg United,3,0,FINISHED,2022-08-09,1376406,Matchday 2,2022-2023,1376406,H
AmaZulu,Siwelele,2,1,FINISHED,2022-08-10,1376405,Matchday 2,2022-2023,1376405,H
Chippa United,Royal AM,1,3,FINISHED,2022-08-10,1376404,Matchday 2,2022-2023,1376404,A
Stellenbosch,Orlando Pirates,1,1,FINISHED,2022-08-10,1376417,Matchday 2,2022-2023,1376417,D
Mamelodi Sundowns,TS Galaxy,0,1,FINISHED,2022-08-10,1376416,Matchday 2,2022-2023,1376416,A
Sekhukhune United,Golden Arrows,1,0,FINISHED,2022-08-10,1376402,Matchday 2,2022-2023,1376402,H
Maritzburg United,Swallows FC,0,0,FINISHED,2022-08-12,1376400,Matchday 3,2022-2023,1376400,D
Marumo Gallants,Golden Arrows,1,1,FINISHED,2022-08-13,1376399,Matchday 3,2022-2023,1376399,D
Stellenbosch,Royal AM,3,1,FINISHED,2022-08-13,1376398,Matchday 3,2022-2023,1376398,H
Mamelodi Sundowns,Kaizer Chiefs,4,0,FINISHED,2022-08-13,1376397,Matchday 3,2022-2023,1376397,H
Richards Bay,Sekhukhune United,1,0,FINISHED,2022-08-13,1376396,Matchday 3,2022-2023,1376396,H
AmaZulu,Cape Town City,2,1,FINISHED,2022-08-13,1376395,Matchday 3,2022-2023,1376395,H
Orlando Pirates,Chippa United,0,1,FINISHED,2022-08-14,1376394,Matchday 3,2022-2023,1376394,A
TS Galaxy,Siwelele,2,0,FINISHED,2022-08-14,1376393,Matchday 3,2022-2023,1376393,H
Swallows FC,AmaZulu,2,3,FINISHED,2022-08-19,1376392,Matchday 4,2022-2023,1376392,A
Golden Arrows,TS Galaxy,0,0,FINISHED,2022-08-20,1376391,Matchday 4,2022-2023,1376391,D
Sekhukhune United,Mamelodi Sundowns,1,1,FINISHED,2022-08-20,1376390,Matchday 4,2022-2023,1376390,D
Cape Town City,Stellenbosch,1,1,FINISHED,2022-08-20,1376389,Matchday 4,2022-2023,1376389,D
Kaizer Chiefs,Richards Bay,1,0,FINISHED,2022-08-20,1376446,Matchday 4,2022-2023,1376446,H
Maritzburg United,Chippa United,2,1,FINISHED,2022-08-20,1376403,Matchday 4,2022-2023,1376403,H
Royal AM,Marumo Gallants,2,2,FINISHED,2022-08-21,1376431,Matchday 4,2022-2023,1376431,D
Siwelele,Orlando Pirates,0,0,FINISHED,2022-08-21,1376327,Matchday 4,2022-2023,1376327,D
Cape Town City,Kaizer Chiefs,2,0,FINISHED,2022-08-23,1376444,Matchday 5,2022-2023,1376444,H
Swallows FC,Sekhukhune United,2,1,FINISHED,2022-08-23,1376443,Matchday 5,2022-2023,1376443,H
Mamelodi Sundowns,Stellenbosch,3,0,FINISHED,2022-08-24,1376442,Matchday 5,2022-2023,1376442,H
Chippa United,TS Galaxy,0,0,FINISHED,2022-08-24,1376440,Matchday 5,2022-2023,1376440,D
Richards Bay,Siwelele,0,1,FINISHED,2022-08-24,1376438,Matchday 5,2022-2023,1376438,A
Orlando Pirates,Marumo Gallants,1,0,FINISHED,2022-08-24,1376439,Matchday 5,2022-2023,1376439,H
Royal AM,Maritzburg United,1,0,FINISHED,2022-08-24,1376437,Matchday 5,2022-2023,1376437,H
AmaZulu,Golden Arrows,0,1,FINISHED,2022-08-24,1376441,Matchday 5,2022-2023,1376441,A
Siwelele,Mamelodi Sundowns,2,1,FINISHED,2022-09-02,1376436,Matchday 6,2022-2023,1376436,H
Golden Arrows,Chippa United,3,2,FINISHED,2022-09-03,1376435,Matchday 6,2022-2023,1376435,H
Stellenbosch,Richards Bay,1,2,FINISHED,2022-09-03,1376434,Matchday 6,2022-2023,1376434,A
Kaizer Chiefs,AmaZulu,0,0,FINISHED,2022-09-03,1376415,Matchday 6,2022-2023,1376415,D
Sekhukhune United,Royal AM,1,2,FINISHED,2022-09-03,1376432,Matchday 6,2022-2023,1376432,A
TS Galaxy,Cape Town City,0,1,FINISHED,2022-09-03,1376386,Matchday 6,2022-2023,1376386,A
Marumo Gallants,Swallows FC,1,1,FINISHED,2022-09-04,1376430,Matchday 6,2022-2023,1376430,D
Maritzburg United,Orlando Pirates,1,0,FINISHED,2022-09-04,1376429,Matchday 6,2022-2023,1376429,H
Royal AM,Richards Bay,0,1,FINISHED,2022-09-06,1376421,Matchday 7,2022-2023,1376421,A
Cape Town City,Sekhukhune United,0,0,FINISHED,2022-09-06,1376424,Matchday 7,2022-2023,1376424,D
Maritzburg United,Siwelele,1,2,FINISHED,2022-09-09,1376428,Matchday 7,2022-2023,1376428,A
AmaZulu,Chippa United,1,2,FINISHED,2022-09-10,1376427,Matchday 7,2022-2023,1376427,A
Swallows FC,Stellenbosch,1,2,FINISHED,2022-09-10,1376426,Matchday 7,2022-2023,1376426,A
Orlando Pirates,TS Galaxy,2,0,FINISHED,2022-09-10,1376425,Matchday 7,2022-2023,1376425,H
Mamelodi Sundowns,Golden Arrows,2,1,FINISHED,2022-09-10,1376423,Matchday 7,2022-2023,1376423,H
Marumo Gallants,Kaizer Chiefs,1,1,FINISHED,2022-09-11,1376422,Matchday 7,2022-2023,1376422,D
Cape Town City,Maritzburg United,0,0,FINISHED,2022-08-16,1376420,Matchday 8,2022-2023,1376420,D
Royal AM,Orlando Pirates,0,1,FINISHED,2022-08-17,1376354,Matchday 8,2022-2023,1376354,A
Chippa United,Marumo Gallants,1,0,FINISHED,2022-09-17,1376419,Matchday 8,2022-2023,1376419,H
Golden Arrows,Swallows FC,4,0,FINISHED,2022-09-17,1376418,Matchday 8,2022-2023,1376418,H
Sekhukhune United,Stellenbosch,1,1,FINISHED,2022-09-17,1376341,Matchday 8,2022-2023,1376341,D
Kaizer Chiefs,Siwelele,2,1,FINISHED,2022-09-17,1376388,Matchday 8,2022-2023,1376388,H
Mamelodi Sundowns,AmaZulu,1,0,FINISHED,2022-09-18,1376433,Matchday 8,2022-2023,1376433,H
Richards Bay,TS Galaxy,0,0,FINISHED,2022-09-18,1376353,Matchday 8,2022-2023,1376353,D
Chippa United,Mamelodi Sundowns,0,1,FINISHED,2022-09-07,1376351,Matchday 9,2022-2023,1376351,A
Sekhukhune United,Orlando Pirates,2,0,FINISHED,2022-10-04,1376352,Matchday 9,2022-2023,1376352,H
Siwelele,Royal AM,3,1,FINISHED,2022-10-04,1376348,Matchday 9,2022-2023,1376348,H
TS Galaxy,Marumo Gallants,0,1,FINISHED,2022-10-04,1376347,Matchday 9,2022-2023,1376347,A
Golden Arrows,Cape Town City,1,1,FINISHED,2022-10-04,1376350,Matchday 9,2022-2023,1376350,D
Stellenbosch,Maritzburg United,3,0,FINISHED,2022-10-04,1376349,Matchday 9,2022-2023,1376349,H
AmaZulu,Richards Bay,0,1,FINISHED,2022-10-05,1376346,Matchday 9,2022-2023,1376346,A
Swallows FC,Kaizer Chiefs,1,2,FINISHED,2022-10-05,1376345,Matchday 9,2022-2023,1376345,A
Siwelele,Sekhukhune United,3,1,FINISHED,2022-10-07,1376344,Matchday 10,2022-2023,1376344,H
TS Galaxy,Swallows FC,0,0,FINISHED,2022-10-08,1376338,Matchday 10,2022-2023,1376338,D
Orlando Pirates,Richards Bay,0,0,FINISHED,2022-10-08,1376342,Matchday 10,2022-2023,1376342,D
Stellenbosch,Kaizer Chiefs,1,3,FINISHED,2022-10-09,1376339,Matchday 10,2022-2023,1376339,A
Royal AM,Golden Arrows,3,1,FINISHED,2022-10-25,1376357,Matchday 10,2022-2023,1376357,H
Cape Town City,Chippa United,2,1,FINISHED,2022-10-25,1376337,Matchday 10,2022-2023,1376337,H
Maritzburg United,Mamelodi Sundowns,0,5,FINISHED,2022-10-25,1376340,Matchday 10,2022-2023,1376340,A
Marumo Gallants,AmaZulu,0,0,FINISHED,2022-10-26,1376356,Matchday 10,2022-2023,1376356,D
Golden Arrows,Stellenbosch,1,1,FINISHED,2022-10-14,1376335,Matchday 11,2022-2023,1376335,D
Orlando Pirates,AmaZulu,1,1,FINISHED,2022-10-14,1376336,Matchday 11,2022-2023,1376336,D
Richards Bay,Maritzburg United,0,0,FINISHED,2022-10-15,1376334,Matchday 11,2022-2023,1376334,D
Kaizer Chiefs,Chippa United,1,2,FINISHED,2022-10-15,1376333,Matchday 11,2022-2023,1376333,A
Cape Town City,Siwelele,0,1,FINISHED,2023-01-03,1376332,Matchday 11,2022-2023,1376332,A
Mamelodi Sundowns,Swallows FC,2,0,FINISHED,2023-01-03,1376329,Matchday 11,2022-2023,1376329,H
Royal AM,TS Galaxy,0,0,FINISHED,2023-01-03,1376330,Matchday 11,2022-2023,1376330,D
Sekhukhune United,Marumo Gallants,3,2,FINISHED,2023-01-03,1376331,Matchday 11,2022-2023,1376331,H
Chippa United,Sekhukhune United,1,0,FINISHED,2022-10-18,1376328,Matchday 12,2022-2023,1376328,H
Stellenbosch,Siwelele,0,2,FINISHED,2022-10-18,1376371,Matchday 12,2022-2023,1376371,A
Golden Arrows,Orlando Pirates,0,2,FINISHED,2022-10-18,1376343,Matchday 12,2022-2023,1376343,A
AmaZulu,Maritzburg United,1,1,FINISHED,2022-10-19,1376385,Matchday 12,2022-2023,1376385,D
Kaizer Chiefs,TS Galaxy,2,2,FINISHED,2022-10-19,1376383,Matchday 12,2022-2023,1376383,D
Richards Bay,Cape Town City,1,0,FINISHED,2022-10-19,1376382,Matchday 12,2022-2023,1376382,H
Mamelodi Sundowns,Marumo Gallants,1,0,FINISHED,2022-10-19,1376384,Matchday 12,2022-2023,1376384,H
Swallows FC,Royal AM,2,0,FINISHED,2022-10-19,1376381,Matchday 12,2022-2023,1376381,H
Maritzburg United,Golden Arrows,0,2,FINISHED,2022-10-28,1376380,Matchday 13,2022-2023,1376380,A
Orlando Pirates,Kaizer Chiefs,0,1,FINISHED,2022-10-29,1376379,Matchday 13,2022-2023,1376379,A
Marumo Gallants,Cape Town City,2,1,FINISHED,2022-10-29,1376378,Matchday 13,2022-2023,1376378,H
Royal AM,Mamelodi Sundowns,0,3,FINISHED,2022-10-29,1376377,Matchday 13,2022-2023,1376377,A
Chippa United,Richards Bay,3,3,FINISHED,2022-10-30,1376375,Matchday 13,2022-2023,1376375,D
AmaZulu,Stellenbosch,1,0,FINISHED,2022-10-30,1376376,Matchday 13,2022-2023,1376376,H
TS Galaxy,Sekhukhune United,1,1,FINISHED,2022-10-30,1376374,Matchday 13,2022-2023,1376374,D
Siwelele,Swallows FC,1,1,FINISHED,2022-10-30,1376355,Matchday 13,2022-2023,1376355,D
Mamelodi Sundowns,Orlando Pirates,2,0,FINISHED,2022-12-30,1376367,Matchday 14,2022-2023,1376367,H
Cape Town City,Royal AM,2,1,FINISHED,2022-12-30,1376366,Matchday 14,2022-2023,1376366,H
Stellenbosch,Chippa United,1,1,FINISHED,2022-12-30,1376369,Matchday 14,2022-2023,1376369,D
Siwelele,Marumo Gallants,1,0,FINISHED,2022-12-30,1376372,Matchday 14,2022-2023,1376372,H
Maritzburg United,TS Galaxy,1,2,FINISHED,2022-12-30,1376447,Matchday 14,2022-2023,1376447,A
Richards Bay,Swallows FC,1,0,FINISHED,2022-12-31,1376370,Matchday 14,2022-2023,1376370,H
Golden Arrows,Kaizer Chiefs,0,2,FINISHED,2022-12-31,1376368,Matchday 14,2022-2023,1376368,A
Sekhukhune United,AmaZulu,0,0,FINISHED,2022-12-31,1376365,Matchday 14,2022-2023,1376365,D
Swallows FC,Chippa United,2,0,FINISHED,2023-01-06,1376364,Matchday 15,2022-2023,1376364,H
Richards Bay,Mamelodi Sundowns,0,2,FINISHED,2023-01-06,1376363,Matchday 15,2022-2023,1376363,A
Marumo Gallants,Maritzburg United,0,1,FINISHED,2023-01-07,1376361,Matchday 15,2022-2023,1376361,A
Golden Arrows,Siwelele,2,1,FINISHED,2023-01-07,1376362,Matchday 15,2022-2023,1376362,H
Cape Town City,Orlando Pirates,2,1,FINISHED,2023-01-07,1376360,Matchday 15,2022-2023,1376360,H
Kaizer Chiefs,Sekhukhune United,0,1,FINISHED,2023-01-07,1376359,Matchday 15,2022-2023,1376359,A
Royal AM,AmaZulu,2,0,FINISHED,2023-01-08,1376358,Matchday 15,2022-2023,1376358,H
TS Galaxy,Stellenbosch,0,0,FINISHED,2023-01-08,1376373,Matchday 15,2022-2023,1376373,D
AmaZulu,Kaizer Chiefs,4,0,FINISHED,2023-01-13,1376521,Matchday 16,2022-2023,1376521,H
Marumo Gallants,Richards Bay,0,2,FINISHED,2023-01-14,1376507,Matchday 16,2022-2023,1376507,A
Orlando Pirates,Golden Arrows,3,1,FINISHED,2023-01-14,1376534,Matchday 16,2022-2023,1376534,H
Stellenbosch,Sekhukhune United,0,1,FINISHED,2023-01-14,1376532,Matchday 16,2022-2023,1376532,A
Chippa United,Cape Town City,1,1,FINISHED,2023-01-14,1376533,Matchday 16,2022-2023,1376533,D
Swallows FC,TS Galaxy,0,0,FINISHED,2023-01-15,1376530,Matchday 16,2022-2023,1376530,D
Maritzburg United,Royal AM,3,1,FINISHED,2023-01-15,1376529,Matchday 16,2022-2023,1376529,H
Mamelodi Sundowns,Siwelele,1,0,FINISHED,2023-01-16,1376531,Matchday 16,2022-2023,1376531,H
Sekhukhune United,Swallows FC,1,0,FINISHED,2023-01-20,1376528,Matchday 17,2022-2023,1376528,H
Cape Town City,TS Galaxy,1,0,FINISHED,2023-01-20,1376525,Matchday 17,2022-2023,1376525,H
Royal AM,Chippa United,1,1,FINISHED,2023-01-21,1376527,Matchday 17,2022-2023,1376527,D
Golden Arrows,Maritzburg United,0,1,FINISHED,2023-01-21,1376526,Matchday 17,2022-2023,1376526,A
AmaZulu,Marumo Gallants,1,1,FINISHED,2023-01-21,1376524,Matchday 17,2022-2023,1376524,D
Kaizer Chiefs,Mamelodi Sundowns,0,1,FINISHED,2023-01-21,1376536,Matchday 17,2022-2023,1376536,A
Orlando Pirates,Stellenbosch,4,1,FINISHED,2023-01-22,1376522,Matchday 17,2022-2023,1376522,H
Siwelele,Richards Bay,1,1,FINISHED,2023-01-22,1376537,Matchday 17,2022-2023,1376537,D
Stellenbosch,Cape Town City,3,2,FINISHED,2023-01-27,1376520,Matchday 18,2022-2023,1376520,H
Mamelodi Sundowns,Sekhukhune United,2,0,FINISHED,2023-01-28,1376519,Matchday 18,2022-2023,1376519,H
Swallows FC,Siwelele,0,0,FINISHED,2023-01-28,1376518,Matchday 18,2022-2023,1376518,D
Marumo Gallants,Orlando Pirates,0,2,FINISHED,2023-01-28,1376517,Matchday 18,2022-2023,1376517,A
Chippa United,Maritzburg United,1,0,FINISHED,2023-01-29,1376515,Matchday 18,2022-2023,1376515,H
Richards Bay,AmaZulu,1,1,FINISHED,2023-01-29,1376516,Matchday 18,2022-2023,1376516,D
TS Galaxy,Golden Arrows,4,0,FINISHED,2023-01-29,1376513,Matchday 18,2022-2023,1376513,H
Kaizer Chiefs,Royal AM,2,0,FINISHED,2023-01-29,1376514,Matchday 18,2022-2023,1376514,H
Swallows FC,Richards Bay,1,0,FINISHED,2023-02-03,1376551,Matchday 19,2022-2023,1376551,H
Maritzburg United,AmaZulu,1,1,FINISHED,2023-02-03,1376512,Matchday 19,2022-2023,1376512,D
Golden Arrows,Royal AM,1,2,FINISHED,2023-02-04,1376510,Matchday 19,2022-2023,1376510,A
Orlando Pirates,Mamelodi Sundowns,0,1,FINISHED,2023-02-04,1376509,Matchday 19,2022-2023,1376509,A
Chippa United,Stellenbosch,1,2,FINISHED,2023-02-04,1376511,Matchday 19,2022-2023,1376511,A
Siwelele,Cape Town City,2,0,FINISHED,2023-02-04,1376445,Matchday 19,2022-2023,1376445,H
Marumo Gallants,Sekhukhune United,2,0,FINISHED,2023-02-04,1376523,Matchday 19,2022-2023,1376523,H
TS Galaxy,Kaizer Chiefs,0,0,FINISHED,2023-02-05,1376565,Matchday 19,2022-2023,1376565,D
Mamelodi Sundowns,Chippa United,2,1,FINISHED,2023-01-10,1376563,Matchday 20,2022-2023,1376563,H
Stellenbosch,Marumo Gallants,1,1,FINISHED,2023-01-11,1376562,Matchday 20,2022-2023,1376562,D
Orlando Pirates,Maritzburg United,2,1,FINISHED,2023-02-17,1376564,Matchday 20,2022-2023,1376564,H
Royal AM,Siwelele,1,1,FINISHED,2023-02-18,1376558,Matchday 20,2022-2023,1376558,D
Sekhukhune United,Richards Bay,2,0,FINISHED,2023-02-18,1376560,Matchday 20,2022-2023,1376560,H
AmaZulu,TS Galaxy,1,2,FINISHED,2023-02-18,1376559,Matchday 20,2022-2023,1376559,A
Kaizer Chiefs,Golden Arrows,2,3,FINISHED,2023-02-19,1376561,Matchday 20,2022-2023,1376561,A
Cape Town City,Swallows FC,2,0,FINISHED,2023-02-19,1376557,Matchday 20,2022-2023,1376557,H
TS Galaxy,Mamelodi Sundowns,1,2,FINISHED,2023-01-24,1376549,Matchday 21,2022-2023,1376549,A
Golden Arrows,Marumo Gallants,3,2,FINISHED,2023-01-25,1376550,Matchday 21,2022-2023,1376550,H
Siwelele,Maritzburg United,2,0,FINISHED,2023-02-24,1376556,Matchday 21,2022-2023,1376556,H
Kaizer Chiefs,Orlando Pirates,1,0,FINISHED,2023-02-25,1376555,Matchday 21,2022-2023,1376555,H
Richards Bay,Stellenbosch,1,2,FINISHED,2023-02-25,1376554,Matchday 21,2022-2023,1376554,A
Sekhukhune United,Cape Town City,0,1,FINISHED,2023-02-25,1376535,Matchday 21,2022-2023,1376535,A
AmaZulu,Royal AM,1,1,FINISHED,2023-02-25,1376552,Matchday 21,2022-2023,1376552,D
Chippa United,Swallows FC,1,2,FINISHED,2023-02-26,1376506,Matchday 21,2022-2023,1376506,A
Swallows FC,Orlando Pirates,1,4,FINISHED,2023-03-03,1376548,Matchday 22,2022-2023,1376548,A
Richards Bay,Kaizer Chiefs,0,1,FINISHED,2023-03-04,1376546,Matchday 22,2022-2023,1376546,A
Royal AM,Sekhukhune United,2,0,FINISHED,2023-03-04,1376545,Matchday 22,2022-2023,1376545,H
Maritzburg United,Cape Town City,1,2,FINISHED,2023-03-04,1376543,Matchday 22,2022-2023,1376543,A
Stellenbosch,Mamelodi Sundowns,1,1,FINISHED,2023-03-05,1376544,Matchday 22,2022-2023,1376544,D
Chippa United,AmaZulu,0,2,FINISHED,2023-03-05,1376542,Matchday 22,2022-2023,1376542,A
Marumo Gallants,TS Galaxy,0,0,FINISHED,2023-03-05,1376547,Matchday 22,2022-2023,1376547,D
Siwelele,Golden Arrows,2,1,FINISHED,2023-03-05,1376541,Matchday 22,2022-2023,1376541,H
Mamelodi Sundowns,Royal AM,5,1,FINISHED,2023-03-14,1376539,Matchday 23,2022-2023,1376539,H
Cape Town City,Marumo Gallants,2,2,FINISHED,2023-03-14,1376473,Matchday 23,2022-2023,1376473,D
Swallows FC,Golden Arrows,0,1,FINISHED,2023-03-17,1376540,Matchday 23,2022-2023,1376540,A
Stellenbosch,AmaZulu,2,0,FINISHED,2023-03-17,1376553,Matchday 23,2022-2023,1376553,H
Sekhukhune United,Chippa United,1,1,FINISHED,2023-03-18,1376461,Matchday 23,2022-2023,1376461,D
Orlando Pirates,Siwelele,1,0,FINISHED,2023-03-18,1376538,Matchday 23,2022-2023,1376538,H
Maritzburg United,Kaizer Chiefs,2,3,FINISHED,2023-03-18,1376508,Matchday 23,2022-2023,1376508,A
TS Galaxy,Richards Bay,4,0,FINISHED,2023-03-19,1376474,Matchday 23,2022-2023,1376474,H
Richards Bay,Orlando Pirates,0,2,FINISHED,2023-04-01,1376470,Matchday 24,2022-2023,1376470,A
Chippa United,Siwelele,1,1,FINISHED,2023-04-01,1376472,Matchday 24,2022-2023,1376472,D
Kaizer Chiefs,Stellenbosch,2,1,FINISHED,2023-04-01,1376469,Matchday 24,2022-2023,1376469,H
AmaZulu,Swallows FC,0,1,FINISHED,2023-04-01,1376467,Matchday 24,2022-2023,1376467,A
Golden Arrows,Sekhukhune United,0,0,FINISHED,2023-04-02,1376466,Matchday 24,2022-2023,1376466,D
TS Galaxy,Maritzburg United,1,2,FINISHED,2023-04-02,1376465,Matchday 24,2022-2023,1376465,A
Mamelodi Sundowns,Cape Town City,0,0,FINISHED,2023-04-04,1376468,Matchday 24,2022-2023,1376468,D
Marumo Gallants,Royal AM,3,1,FINISHED,2023-04-05,1376471,Matchday 24,2022-2023,1376471,H
Siwelele,TS Galaxy,2,0,FINISHED,2023-04-07,1376464,Matchday 25,2022-2023,1376464,H
Richards Bay,Golden Arrows,0,1,FINISHED,2023-04-08,1376476,Matchday 25,2022-2023,1376476,A
Sekhukhune United,Maritzburg United,1,0,FINISHED,2023-04-08,1376462,Matchday 25,2022-2023,1376462,H
Chippa United,Orlando Pirates,0,2,FINISHED,2023-04-08,1376457,Matchday 25,2022-2023,1376457,A
Kaizer Chiefs,Marumo Gallants,1,1,FINISHED,2023-04-08,1376477,Matchday 25,2022-2023,1376477,D
Swallows FC,Mamelodi Sundowns,0,0,FINISHED,2023-04-09,1376459,Matchday 25,2022-2023,1376459,D
Royal AM,Stellenbosch,3,1,FINISHED,2023-04-09,1376460,Matchday 25,2022-2023,1376460,H
Cape Town City,AmaZulu,2,2,FINISHED,2023-04-09,1376458,Matchday 25,2022-2023,1376458,D
Golden Arrows,Mamelodi Sundowns,1,1,FINISHED,2023-04-12,1376455,Matchday 26,2022-2023,1376455,D
Marumo Gallants,Chippa United,3,1,FINISHED,2023-04-12,1376452,Matchday 26,2022-2023,1376452,H
Maritzburg United,Richards Bay,1,1,FINISHED,2023-04-21,1376456,Matchday 26,2022-2023,1376456,D
TS Galaxy,Royal AM,1,1,FINISHED,2023-04-22,1376451,Matchday 26,2022-2023,1376451,D
Orlando Pirates,Cape Town City,2,1,FINISHED,2023-04-22,1376454,Matchday 26,2022-2023,1376454,H
Stellenbosch,Swallows FC,3,0,FINISHED,2023-04-22,1376453,Matchday 26,2022-2023,1376453,H
Sekhukhune United,Kaizer Chiefs,1,0,FINISHED,2023-04-23,1376450,Matchday 26,2022-2023,1376450,H
Siwelele,AmaZulu,2,1,FINISHED,2023-04-23,1376449,Matchday 26,2022-2023,1376449,H
Marumo Gallants,Siwelele,0,0,FINISHED,2023-04-18,1376491,Matchday 27,2022-2023,1376491,D
Mamelodi Sundowns,Richards Bay,1,0,FINISHED,2023-04-25,1376504,Matchday 27,2022-2023,1376504,H
Chippa United,Kaizer Chiefs,0,1,FINISHED,2023-04-27,1376448,Matchday 27,2022-2023,1376448,A
Swallows FC,Maritzburg United,1,0,FINISHED,2023-04-27,1376463,Matchday 27,2022-2023,1376463,H
Royal AM,Cape Town City,1,2,FINISHED,2023-04-29,1376502,Matchday 27,2022-2023,1376502,A
Stellenbosch,Golden Arrows,5,2,FINISHED,2023-04-29,1376505,Matchday 27,2022-2023,1376505,H
AmaZulu,Sekhukhune United,2,0,FINISHED,2023-04-29,1376503,Matchday 27,2022-2023,1376503,H
TS Galaxy,Orlando Pirates,1,2,FINISHED,2023-04-30,1376501,Matchday 27,2022-2023,1376501,A
Kaizer Chiefs,Swallows FC,1,2,FINISHED,2023-05-01,1376500,Matchday 28,2022-2023,1376500,A
Siwelele,Stellenbosch,0,0,FINISHED,2023-05-02,1376499,Matchday 28,2022-2023,1376499,D
Orlando Pirates,Royal AM,1,1,FINISHED,2023-05-03,1376495,Matchday 28,2022-2023,1376495,D
Sekhukhune United,TS Galaxy,1,1,FINISHED,2023-05-03,1376475,Matchday 28,2022-2023,1376475,D
Cape Town City,Golden Arrows,0,0,FINISHED,2023-05-03,1376497,Matchday 28,2022-2023,1376497,D
AmaZulu,Mamelodi Sundowns,2,2,FINISHED,2023-05-03,1376498,Matchday 28,2022-2023,1376498,D
Maritzburg United,Marumo Gallants,2,2,FINISHED,2023-05-03,1376496,Matchday 28,2022-2023,1376496,D
Richards Bay,Chippa United,2,3,FINISHED,2023-05-03,1376494,Matchday 28,2022-2023,1376494,A
Marumo Gallants,Mamelodi Sundowns,0,2,FINISHED,2023-05-06,1376489,Matchday 29,2022-2023,1376489,A
TS Galaxy,Chippa United,4,0,FINISHED,2023-05-13,1376485,Matchday 29,2022-2023,1376485,H
Golden Arrows,AmaZulu,1,0,FINISHED,2023-05-13,1376566,Matchday 29,2022-2023,1376566,H
Maritzburg United,Stellenbosch,1,0,FINISHED,2023-05-13,1376490,Matchday 29,2022-2023,1376490,H
Cape Town City,Richards Bay,2,0,FINISHED,2023-05-13,1376492,Matchday 29,2022-2023,1376492,H
Siwelele,Kaizer Chiefs,1,0,FINISHED,2023-05-13,1376486,Matchday 29,2022-2023,1376486,H
Orlando Pirates,Sekhukhune United,1,1,FINISHED,2023-05-13,1376488,Matchday 29,2022-2023,1376488,D
Royal AM,Swallows FC,0,1,FINISHED,2023-05-13,1376487,Matchday 29,2022-2023,1376487,A
Mamelodi Sundowns,Maritzburg United,1,1,FINISHED,2023-05-16,1376481,Matchday 30,2022-2023,1376481,D
Richards Bay,Royal AM,0,0,FINISHED,2023-05-20,1376480,Matchday 30,2022-2023,1376480,D
AmaZulu,Orlando Pirates,0,4,FINISHED,2023-05-20,1376484,Matchday 30,2022-2023,1376484,A
Chippa United,Golden Arrows,0,0,FINISHED,2023-05-20,1376483,Matchday 30,2022-2023,1376483,D
Swallows FC,Marumo Gallants,2,0,FINISHED,2023-05-20,1376493,Matchday 30,2022-2023,1376493,H
Kaizer Chiefs,Cape Town City,0,1,FINISHED,2023-05-20,1376482,Matchday 30,2022-2023,1376482,A
Sekhukhune United,Siwelele,1,0,FINISHED,2023-05-20,1376479,Matchday 30,2022-2023,1376479,H
Stellenbosch,TS Galaxy,2,1,FINISHED,2023-05-20,1376478,Matchday 30,2022-2023,1376478,H
Mamelodi Sundowns,AmaZulu,1,0,FINISHED,2021-08-20,1297526,Matchday 1,2021-2022,1297526,H
Golden Arrows,Maritzburg United,2,1,FINISHED,2021-08-21,1297513,Matchday 1,2021-2022,1297513,H
Orlando Pirates,Stellenbosch,2,2,FINISHED,2021-08-21,1297525,Matchday 1,2021-2022,1297525,D
Sekhukhune United,Chippa United,0,1,FINISHED,2021-08-21,1297499,Matchday 1,2021-2022,1297499,A
Baroka FC,Marumo Gallants,2,0,FINISHED,2021-08-21,1297524,Matchday 1,2021-2022,1297524,H
Cape Town City,Siwelele,0,0,FINISHED,2021-08-21,1297523,Matchday 1,2021-2022,1297523,D
Swallows FC,Royal AM,1,0,FINISHED,2021-08-22,1297522,Matchday 1,2021-2022,1297522,H
TS Galaxy,Kaizer Chiefs,0,0,FINISHED,2021-08-22,1297521,Matchday 1,2021-2022,1297521,D
Marumo Gallants,Orlando Pirates,0,0,FINISHED,2021-08-24,1297520,Matchday 2,2021-2022,1297520,D
Chippa United,Mamelodi Sundowns,0,0,FINISHED,2021-08-24,1297519,Matchday 2,2021-2022,1297519,D
Siwelele,Golden Arrows,3,1,FINISHED,2021-08-25,1297517,Matchday 2,2021-2022,1297517,H
Maritzburg United,Sekhukhune United,0,2,FINISHED,2021-08-25,1297528,Matchday 2,2021-2022,1297528,A
Royal AM,Cape Town City,1,2,FINISHED,2021-08-25,1297516,Matchday 2,2021-2022,1297516,A
Stellenbosch,TS Galaxy,1,0,FINISHED,2021-08-25,1297529,Matchday 2,2021-2022,1297529,H
AmaZulu,Swallows FC,0,0,FINISHED,2021-08-25,1297514,Matchday 2,2021-2022,1297514,D
Kaizer Chiefs,Baroka FC,2,1,FINISHED,2021-08-25,1297518,Matchday 2,2021-2022,1297518,H
TS Galaxy,Golden Arrows,2,2,FINISHED,2021-09-11,1297510,Matchday 3,2021-2022,1297510,D
Orlando Pirates,Swallows FC,1,0,FINISHED,2021-09-11,1297511,Matchday 3,2021-2022,1297511,H
Sekhukhune United,Stellenbosch,1,1,FINISHED,2021-09-11,1297508,Matchday 3,2021-2022,1297508,D
Baroka FC,Maritzburg United,0,1,FINISHED,2021-09-11,1297507,Matchday 3,2021-2022,1297507,A
Royal AM,Chippa United,1,0,FINISHED,2021-09-12,1297506,Matchday 3,2021-2022,1297506,H
Mamelodi Sundowns,Kaizer Chiefs,2,0,FINISHED,2021-09-12,1297505,Matchday 3,2021-2022,1297505,H
AmaZulu,Siwelele,0,0,FINISHED,2021-09-14,1297512,Matchday 3,2021-2022,1297512,D
Cape Town City,Marumo Gallants,1,0,FINISHED,2022-03-19,1297509,Matchday 3,2021-2022,1297509,H
Chippa United,Orlando Pirates,1,3,FINISHED,2021-09-18,1297503,Matchday 4,2021-2022,1297503,A
Cape Town City,Stellenbosch,0,3,FINISHED,2021-09-18,1297501,Matchday 4,2021-2022,1297501,A
Baroka FC,Sekhukhune United,1,0,FINISHED,2021-09-18,1297515,Matchday 4,2021-2022,1297515,H
Kaizer Chiefs,Royal AM,1,4,FINISHED,2021-09-18,1297558,Matchday 4,2021-2022,1297558,A
Swallows FC,Siwelele,0,3,FINISHED,2021-09-19,1297543,Matchday 4,2021-2022,1297543,A
Mamelodi Sundowns,TS Galaxy,3,0,FINISHED,2021-09-19,1297439,Matchday 4,2021-2022,1297439,H
Golden Arrows,AmaZulu,2,2,FINISHED,2021-09-22,1297504,Matchday 4,2021-2022,1297504,D
Maritzburg United,Marumo Gallants,1,0,FINISHED,2021-09-22,1297502,Matchday 4,2021-2022,1297502,H
Swallows FC,Cape Town City,0,0,FINISHED,2021-09-24,1297550,Matchday 5,2021-2022,1297550,D
Orlando Pirates,Mamelodi Sundowns,0,2,FINISHED,2021-09-25,1297555,Matchday 5,2021-2022,1297555,A
Sekhukhune United,Golden Arrows,1,1,FINISHED,2021-09-25,1297553,Matchday 5,2021-2022,1297553,D
AmaZulu,Baroka FC,1,0,FINISHED,2021-09-25,1297556,Matchday 5,2021-2022,1297556,H
Siwelele,Maritzburg United,2,1,FINISHED,2021-09-25,1297554,Matchday 5,2021-2022,1297554,H
Stellenbosch,Chippa United,2,1,FINISHED,2021-09-25,1297552,Matchday 5,2021-2022,1297552,H
Royal AM,TS Galaxy,4,2,FINISHED,2021-09-26,1297551,Matchday 5,2021-2022,1297551,H
Marumo Gallants,Kaizer Chiefs,0,0,FINISHED,2021-09-26,1297549,Matchday 5,2021-2022,1297549,D
AmaZulu,Kaizer Chiefs,1,1,FINISHED,2021-10-02,1297548,Matchday 6,2021-2022,1297548,D
Chippa United,Siwelele,0,0,FINISHED,2021-10-02,1297547,Matchday 6,2021-2022,1297547,D
TS Galaxy,Sekhukhune United,0,1,FINISHED,2021-10-02,1297546,Matchday 6,2021-2022,1297546,A
Baroka FC,Stellenbosch,1,1,FINISHED,2021-10-02,1297544,Matchday 6,2021-2022,1297544,D
Cape Town City,Orlando Pirates,1,1,FINISHED,2021-10-02,1297527,Matchday 6,2021-2022,1297527,D
Golden Arrows,Marumo Gallants,3,1,FINISHED,2021-10-03,1297542,Matchday 6,2021-2022,1297542,H
Royal AM,Maritzburg United,2,1,FINISHED,2021-10-03,1297498,Matchday 6,2021-2022,1297498,H
Mamelodi Sundowns,Swallows FC,3,0,FINISHED,2021-10-03,1297541,Matchday 6,2021-2022,1297541,H
Sekhukhune United,Cape Town City,1,0,FINISHED,2021-10-16,1297540,Matchday 7,2021-2022,1297540,H
Siwelele,Baroka FC,2,0,FINISHED,2021-10-16,1297537,Matchday 7,2021-2022,1297537,H
Kaizer Chiefs,Chippa United,4,0,FINISHED,2021-10-16,1297536,Matchday 7,2021-2022,1297536,H
Swallows FC,Stellenbosch,1,1,FINISHED,2021-10-17,1297534,Matchday 7,2021-2022,1297534,D
Marumo Gallants,Royal AM,2,2,FINISHED,2021-10-19,1297539,Matchday 7,2021-2022,1297539,D
TS Galaxy,AmaZulu,0,1,FINISHED,2021-10-19,1297535,Matchday 7,2021-2022,1297535,A
Golden Arrows,Mamelodi Sundowns,0,1,FINISHED,2021-10-20,1297538,Matchday 7,2021-2022,1297538,A
Maritzburg United,Orlando Pirates,0,0,FINISHED,2021-10-20,1297533,Matchday 7,2021-2022,1297533,D
Maritzburg United,TS Galaxy,1,0,FINISHED,2021-10-23,1297545,Matchday 8,2021-2022,1297545,H
Cape Town City,Golden Arrows,4,3,FINISHED,2021-10-23,1297500,Matchday 8,2021-2022,1297500,H
Chippa United,Swallows FC,0,0,FINISHED,2021-10-24,1297466,Matchday 8,2021-2022,1297466,D
Siwelele,Kaizer Chiefs,1,2,FINISHED,2021-10-24,1297465,Matchday 8,2021-2022,1297465,A
Stellenbosch,Marumo Gallants,1,0,FINISHED,2021-10-27,1297530,Matchday 8,2021-2022,1297530,H
Sekhukhune United,AmaZulu,2,0,FINISHED,2021-10-27,1297531,Matchday 8,2021-2022,1297531,H
Orlando Pirates,Royal AM,1,1,FINISHED,2021-10-28,1297532,Matchday 8,2021-2022,1297532,D
Baroka FC,Mamelodi Sundowns,1,1,FINISHED,2022-02-14,1297453,Matchday 8,2021-2022,1297453,D
Kaizer Chiefs,Stellenbosch,0,1,FINISHED,2021-11-02,1297464,Matchday 9,2021-2022,1297464,A
TS Galaxy,Baroka FC,2,1,FINISHED,2021-11-02,1297460,Matchday 9,2021-2022,1297460,H
Golden Arrows,Swallows FC,0,0,FINISHED,2021-11-02,1297462,Matchday 9,2021-2022,1297462,D
Orlando Pirates,Sekhukhune United,2,1,FINISHED,2021-11-02,1297461,Matchday 9,2021-2022,1297461,H
Royal AM,Siwelele,2,1,FINISHED,2021-11-02,1297459,Matchday 9,2021-2022,1297459,H
Cape Town City,Chippa United,1,0,FINISHED,2021-11-03,1297463,Matchday 9,2021-2022,1297463,H
Mamelodi Sundowns,Maritzburg United,1,0,FINISHED,2021-11-03,1297457,Matchday 9,2021-2022,1297457,H
AmaZulu,Marumo Gallants,0,0,FINISHED,2021-11-04,1297458,Matchday 9,2021-2022,1297458,D
Siwelele,TS Galaxy,2,1,FINISHED,2021-11-05,1297456,Matchday 10,2021-2022,1297456,H
Kaizer Chiefs,Orlando Pirates,2,1,FINISHED,2021-11-06,1297468,Matchday 10,2021-2022,1297468,H
Stellenbosch,Golden Arrows,0,0,FINISHED,2021-11-06,1297469,Matchday 10,2021-2022,1297469,D
Swallows FC,Sekhukhune United,0,1,FINISHED,2021-11-07,1297450,Matchday 10,2021-2022,1297450,A
Chippa United,Maritzburg United,0,0,FINISHED,2021-11-07,1297449,Matchday 10,2021-2022,1297449,D
Royal AM,Baroka FC,1,1,FINISHED,2021-11-07,1297452,Matchday 10,2021-2022,1297452,D
Marumo Gallants,Mamelodi Sundowns,0,4,FINISHED,2021-11-07,1297451,Matchday 10,2021-2022,1297451,A
AmaZulu,Cape Town City,2,0,FINISHED,2021-11-07,1297454,Matchday 10,2021-2022,1297454,H
Golden Arrows,Orlando Pirates,0,0,FINISHED,2021-11-20,1297446,Matchday 11,2021-2022,1297446,D
Stellenbosch,AmaZulu,2,2,FINISHED,2021-11-20,1297448,Matchday 11,2021-2022,1297448,D
Siwelele,Marumo Gallants,1,2,FINISHED,2021-11-20,1297445,Matchday 11,2021-2022,1297445,A
Baroka FC,Chippa United,0,1,FINISHED,2021-11-20,1297443,Matchday 11,2021-2022,1297443,A
Cape Town City,Mamelodi Sundowns,0,0,FINISHED,2021-11-20,1297444,Matchday 11,2021-2022,1297444,D
Sekhukhune United,Royal AM,1,0,FINISHED,2021-11-20,1297447,Matchday 11,2021-2022,1297447,H
TS Galaxy,Swallows FC,1,0,FINISHED,2021-11-21,1297442,Matchday 11,2021-2022,1297442,H
Maritzburg United,Kaizer Chiefs,0,1,FINISHED,2021-11-21,1297441,Matchday 11,2021-2022,1297441,A
Mamelodi Sundowns,Sekhukhune United,2,0,FINISHED,2021-11-27,1297483,Matchday 12,2021-2022,1297483,H
TS Galaxy,Cape Town City,2,2,FINISHED,2021-11-27,1297440,Matchday 12,2021-2022,1297440,D
Swallows FC,Kaizer Chiefs,1,3,FINISHED,2021-11-28,1297495,Matchday 12,2021-2022,1297495,A
Royal AM,Stellenbosch,1,0,FINISHED,2021-11-28,1297494,Matchday 12,2021-2022,1297494,H
Golden Arrows,Baroka FC,3,2,FINISHED,2021-11-28,1297455,Matchday 12,2021-2022,1297455,H
Maritzburg United,AmaZulu,1,1,FINISHED,2021-11-28,1297493,Matchday 12,2021-2022,1297493,D
Marumo Gallants,Chippa United,0,0,FINISHED,2022-03-16,1297497,Matchday 12,2021-2022,1297497,D
Orlando Pirates,Siwelele,3,2,FINISHED,2022-03-16,1297496,Matchday 12,2021-2022,1297496,H
Marumo Gallants,TS Galaxy,3,1,FINISHED,2021-12-01,1297489,Matchday 13,2021-2022,1297489,H
Orlando Pirates,Baroka FC,0,0,FINISHED,2021-12-02,1297492,Matchday 13,2021-2022,1297492,D
Swallows FC,Maritzburg United,1,1,FINISHED,2021-12-04,1297488,Matchday 13,2021-2022,1297488,D
AmaZulu,Royal AM,0,0,FINISHED,2021-12-04,1297491,Matchday 13,2021-2022,1297491,D
Chippa United,Golden Arrows,1,2,FINISHED,2021-12-04,1297490,Matchday 13,2021-2022,1297490,A
Stellenbosch,Mamelodi Sundowns,1,1,FINISHED,2021-12-04,1297486,Matchday 13,2021-2022,1297486,D
Siwelele,Sekhukhune United,0,1,FINISHED,2021-12-05,1297467,Matchday 13,2021-2022,1297467,A
Kaizer Chiefs,Cape Town City,1,2,FINISHED,2022-04-30,1297487,Matchday 13,2021-2022,1297487,A
TS Galaxy,Chippa United,3,1,FINISHED,2021-12-07,1297484,Matchday 14,2021-2022,1297484,H
Cape Town City,Maritzburg United,3,2,FINISHED,2021-12-07,1297559,Matchday 14,2021-2022,1297559,H
Mamelodi Sundowns,Royal AM,3,2,FINISHED,2021-12-08,1297479,Matchday 14,2021-2022,1297479,H
Sekhukhune United,Marumo Gallants,0,1,FINISHED,2021-12-08,1297478,Matchday 14,2021-2022,1297478,A
Baroka FC,Swallows FC,0,1,FINISHED,2021-12-08,1297481,Matchday 14,2021-2022,1297481,A
Stellenbosch,Siwelele,0,1,FINISHED,2021-12-08,1297477,Matchday 14,2021-2022,1297477,A
AmaZulu,Orlando Pirates,1,1,FINISHED,2021-12-08,1297482,Matchday 14,2021-2022,1297482,D
Golden Arrows,Kaizer Chiefs,2,1,FINISHED,2022-04-27,1297480,Matchday 14,2021-2022,1297480,H
Chippa United,AmaZulu,1,1,FINISHED,2021-12-11,1297474,Matchday 15,2021-2022,1297474,D
Swallows FC,Marumo Gallants,0,1,FINISHED,2021-12-11,1297476,Matchday 15,2021-2022,1297476,A
Baroka FC,Cape Town City,0,0,FINISHED,2021-12-11,1297473,Matchday 15,2021-2022,1297473,D
Orlando Pirates,TS Galaxy,2,0,FINISHED,2021-12-11,1297475,Matchday 15,2021-2022,1297475,H
Siwelele,Mamelodi Sundowns,0,1,FINISHED,2021-12-11,1297472,Matchday 15,2021-2022,1297472,A
Royal AM,Golden Arrows,0,0,FINISHED,2021-12-12,1297471,Matchday 15,2021-2022,1297471,D
Maritzburg United,Stellenbosch,0,0,FINISHED,2021-12-12,1297485,Matchday 15,2021-2022,1297485,D
Kaizer Chiefs,Sekhukhune United,2,0,FINISHED,2021-12-12,1297470,Matchday 15,2021-2022,1297470,H
Marumo Gallants,AmaZulu,0,1,FINISHED,2021-12-17,1297633,Matchday 16,2021-2022,1297633,A
Mamelodi Sundowns,Orlando Pirates,4,1,FINISHED,2021-12-17,1297619,Matchday 16,2021-2022,1297619,H
Golden Arrows,TS Galaxy,1,1,FINISHED,2021-12-18,1297645,Matchday 16,2021-2022,1297645,D
Stellenbosch,Baroka FC,1,0,FINISHED,2021-12-18,1297646,Matchday 16,2021-2022,1297646,H
Sekhukhune United,Siwelele,0,0,FINISHED,2021-12-18,1297644,Matchday 16,2021-2022,1297644,D
Cape Town City,Swallows FC,2,1,FINISHED,2021-12-18,1297643,Matchday 16,2021-2022,1297643,H
Royal AM,Kaizer Chiefs,1,0,FINISHED,2021-12-19,1297642,Matchday 16,2021-2022,1297642,H
Maritzburg United,Chippa United,0,2,FINISHED,2021-12-19,1297641,Matchday 16,2021-2022,1297641,A
Orlando Pirates,Marumo Gallants,2,1,FINISHED,2021-12-20,1297639,Matchday 17,2021-2022,1297639,H
AmaZulu,Mamelodi Sundowns,1,0,FINISHED,2021-12-20,1297640,Matchday 17,2021-2022,1297640,H
TS Galaxy,Stellenbosch,0,1,FINISHED,2021-12-22,1297634,Matchday 17,2021-2022,1297634,A
Baroka FC,Royal AM,1,0,FINISHED,2021-12-22,1297637,Matchday 17,2021-2022,1297637,H
Swallows FC,Golden Arrows,2,2,FINISHED,2021-12-22,1297648,Matchday 17,2021-2022,1297648,D
Chippa United,Sekhukhune United,0,0,FINISHED,2021-12-22,1297649,Matchday 17,2021-2022,1297649,D
Siwelele,Cape Town City,3,2,FINISHED,2021-12-22,1297638,Matchday 17,2021-2022,1297638,H
Kaizer Chiefs,Maritzburg United,2,0,FINISHED,2021-12-22,1297636,Matchday 17,2021-2022,1297636,H
Mamelodi Sundowns,Chippa United,2,0,FINISHED,2022-02-07,1297628,Matchday 18,2021-2022,1297628,H
Royal AM,Sekhukhune United,1,0,FINISHED,2022-02-15,1297632,Matchday 18,2021-2022,1297632,H
Cape Town City,Kaizer Chiefs,0,0,FINISHED,2022-02-15,1297630,Matchday 18,2021-2022,1297630,D
Maritzburg United,Siwelele,2,1,FINISHED,2022-02-15,1297631,Matchday 18,2021-2022,1297631,H
Stellenbosch,Swallows FC,1,1,FINISHED,2022-02-16,1297627,Matchday 18,2021-2022,1297627,D
Orlando Pirates,Golden Arrows,0,0,FINISHED,2022-02-16,1297625,Matchday 18,2021-2022,1297625,D
AmaZulu,TS Galaxy,0,0,FINISHED,2022-02-22,1297629,Matchday 18,2021-2022,1297629,D
Marumo Gallants,Baroka FC,3,0,FINISHED,2022-03-02,1297626,Matchday 18,2021-2022,1297626,H
Marumo Gallants,Maritzburg United,0,0,FINISHED,2021-11-24,1297624,Matchday 19,2021-2022,1297624,D
Kaizer Chiefs,AmaZulu,1,1,FINISHED,2021-11-24,1297621,Matchday 19,2021-2022,1297621,D
Stellenbosch,Orlando Pirates,0,3,FINISHED,2021-11-24,1297623,Matchday 19,2021-2022,1297623,A
Mamelodi Sundowns,Siwelele,2,2,FINISHED,2021-11-24,1297677,Matchday 19,2021-2022,1297677,D
Chippa United,Royal AM,2,2,FINISHED,2022-02-19,1297622,Matchday 19,2021-2022,1297622,D
Swallows FC,TS Galaxy,0,1,FINISHED,2022-02-19,1297663,Matchday 19,2021-2022,1297663,A
Golden Arrows,Cape Town City,0,1,FINISHED,2022-02-20,1297635,Matchday 19,2021-2022,1297635,A
Sekhukhune United,Baroka FC,4,0,FINISHED,2022-02-20,1297557,Matchday 19,2021-2022,1297557,H
Maritzburg United,Golden Arrows,1,2,FINISHED,2022-02-25,1297676,Matchday 20,2021-2022,1297676,A
Chippa United,Marumo Gallants,2,3,FINISHED,2022-02-26,1297673,Matchday 20,2021-2022,1297673,A
Sekhukhune United,Swallows FC,0,1,FINISHED,2022-02-26,1297671,Matchday 20,2021-2022,1297671,A
Baroka FC,Kaizer Chiefs,0,1,FINISHED,2022-02-26,1297672,Matchday 20,2021-2022,1297672,A
Siwelele,Royal AM,0,2,FINISHED,2022-02-27,1297669,Matchday 20,2021-2022,1297669,A
Orlando Pirates,Cape Town City,0,0,FINISHED,2022-03-02,1297675,Matchday 20,2021-2022,1297675,D
TS Galaxy,Mamelodi Sundowns,0,3,FINISHED,2022-03-02,1297670,Matchday 20,2021-2022,1297670,A
AmaZulu,Stellenbosch,2,2,FINISHED,2022-03-02,1297674,Matchday 20,2021-2022,1297674,D
Orlando Pirates,Kaizer Chiefs,1,2,FINISHED,2022-03-05,1297668,Matchday 21,2021-2022,1297668,A
Baroka FC,TS Galaxy,1,0,FINISHED,2022-03-05,1297666,Matchday 21,2021-2022,1297666,H
Cape Town City,Sekhukhune United,2,1,FINISHED,2022-03-05,1297664,Matchday 21,2021-2022,1297664,H
Siwelele,AmaZulu,2,0,FINISHED,2022-03-05,1297647,Matchday 21,2021-2022,1297647,H
Maritzburg United,Mamelodi Sundowns,2,1,FINISHED,2022-03-05,1297667,Matchday 21,2021-2022,1297667,H
Golden Arrows,Chippa United,1,2,FINISHED,2022-03-06,1297618,Matchday 21,2021-2022,1297618,A
Royal AM,Swallows FC,1,0,FINISHED,2022-03-06,1297661,Matchday 21,2021-2022,1297661,H
Marumo Gallants,Stellenbosch,1,0,FINISHED,2022-03-06,1297662,Matchday 21,2021-2022,1297662,H
AmaZulu,Chippa United,2,2,FINISHED,2021-12-14,1297658,Matchday 22,2021-2022,1297658,D
Marumo Gallants,Cape Town City,0,0,FINISHED,2021-12-14,1297655,Matchday 22,2021-2022,1297655,D
Mamelodi Sundowns,Baroka FC,2,1,FINISHED,2021-12-14,1297653,Matchday 22,2021-2022,1297653,H
Swallows FC,Orlando Pirates,1,1,FINISHED,2021-12-14,1297654,Matchday 22,2021-2022,1297654,D
Sekhukhune United,Maritzburg United,1,1,FINISHED,2022-03-16,1297656,Matchday 22,2021-2022,1297656,D
TS Galaxy,Siwelele,1,1,FINISHED,2022-03-19,1297659,Matchday 22,2021-2022,1297659,D
Kaizer Chiefs,Golden Arrows,0,1,FINISHED,2022-03-19,1297657,Matchday 22,2021-2022,1297657,A
Stellenbosch,Royal AM,2,2,FINISHED,2022-03-20,1297660,Matchday 22,2021-2022,1297660,D
Mamelodi Sundowns,Marumo Gallants,1,1,FINISHED,2021-12-23,1297585,Matchday 23,2021-2022,1297585,D
Orlando Pirates,AmaZulu,2,1,FINISHED,2021-12-23,1297573,Matchday 23,2021-2022,1297573,H
Stellenbosch,Sekhukhune United,1,1,FINISHED,2022-04-02,1297651,Matchday 23,2021-2022,1297651,D
TS Galaxy,Royal AM,1,4,FINISHED,2022-04-02,1297650,Matchday 23,2021-2022,1297650,A
Chippa United,Kaizer Chiefs,1,3,FINISHED,2022-04-02,1297652,Matchday 23,2021-2022,1297652,A
Golden Arrows,Siwelele,3,2,FINISHED,2022-04-02,1297665,Matchday 23,2021-2022,1297665,H
Cape Town City,Baroka FC,5,1,FINISHED,2022-04-03,1297586,Matchday 23,2021-2022,1297586,H
Maritzburg United,Swallows FC,1,1,FINISHED,2022-04-12,1297620,Matchday 23,2021-2022,1297620,D
Siwelele,Chippa United,1,1,FINISHED,2022-04-05,1297583,Matchday 24,2021-2022,1297583,D
Kaizer Chiefs,TS Galaxy,0,0,FINISHED,2022-04-05,1297584,Matchday 24,2021-2022,1297584,D
Baroka FC,AmaZulu,0,1,FINISHED,2022-04-06,1297578,Matchday 24,2021-2022,1297578,A
Royal AM,Marumo Gallants,2,0,FINISHED,2022-04-06,1297579,Matchday 24,2021-2022,1297579,H
Golden Arrows,Stellenbosch,0,2,FINISHED,2022-04-06,1297582,Matchday 24,2021-2022,1297582,A
Sekhukhune United,Orlando Pirates,0,1,FINISHED,2022-04-06,1297577,Matchday 24,2021-2022,1297577,A
Swallows FC,Mamelodi Sundowns,2,4,FINISHED,2022-04-06,1297581,Matchday 24,2021-2022,1297581,A
Maritzburg United,Cape Town City,0,1,FINISHED,2022-04-06,1297580,Matchday 24,2021-2022,1297580,A
Mamelodi Sundowns,Golden Arrows,6,0,FINISHED,2022-04-12,1297569,Matchday 25,2021-2022,1297569,H
Baroka FC,Orlando Pirates,0,0,FINISHED,2022-04-12,1297576,Matchday 25,2021-2022,1297576,D
Sekhukhune United,TS Galaxy,0,1,FINISHED,2022-04-16,1297574,Matchday 25,2021-2022,1297574,A
AmaZulu,Maritzburg United,1,0,FINISHED,2022-04-16,1297588,Matchday 25,2021-2022,1297588,H
Cape Town City,Royal AM,1,1,FINISHED,2022-04-16,1297572,Matchday 25,2021-2022,1297572,D
Kaizer Chiefs,Siwelele,0,1,FINISHED,2022-04-16,1297589,Matchday 25,2021-2022,1297589,A
Chippa United,Stellenbosch,1,0,FINISHED,2022-04-17,1297571,Matchday 25,2021-2022,1297571,H
Marumo Gallants,Swallows FC,1,1,FINISHED,2022-04-17,1297570,Matchday 25,2021-2022,1297570,D
Golden Arrows,Sekhukhune United,0,0,FINISHED,2022-04-23,1297566,Matchday 26,2021-2022,1297566,D
TS Galaxy,Maritzburg United,1,1,FINISHED,2022-04-23,1297565,Matchday 26,2021-2022,1297565,D
Stellenbosch,Kaizer Chiefs,1,0,FINISHED,2022-04-23,1297564,Matchday 26,2021-2022,1297564,H
Marumo Gallants,Siwelele,0,0,FINISHED,2022-04-23,1297567,Matchday 26,2021-2022,1297567,D
Swallows FC,Baroka FC,3,2,FINISHED,2022-04-24,1297562,Matchday 26,2021-2022,1297562,H
Royal AM,AmaZulu,0,0,FINISHED,2022-04-24,1297563,Matchday 26,2021-2022,1297563,D
Orlando Pirates,Chippa United,0,0,FINISHED,2022-04-27,1297568,Matchday 26,2021-2022,1297568,D
Mamelodi Sundowns,Cape Town City,0,0,FINISHED,2022-04-27,1297561,Matchday 26,2021-2022,1297561,D
TS Galaxy,Orlando Pirates,1,0,FINISHED,2022-05-02,1297560,Matchday 27,2021-2022,1297560,H
Siwelele,Stellenbosch,0,0,FINISHED,2022-05-03,1297617,Matchday 27,2021-2022,1297617,D
Swallows FC,AmaZulu,0,1,FINISHED,2022-05-03,1297575,Matchday 27,2021-2022,1297575,A
Sekhukhune United,Mamelodi Sundowns,0,2,FINISHED,2022-05-03,1297616,Matchday 27,2021-2022,1297616,A
Kaizer Chiefs,Marumo Gallants,1,0,FINISHED,2022-05-03,1297603,Matchday 27,2021-2022,1297603,H
Baroka FC,Golden Arrows,1,0,FINISHED,2022-05-04,1297613,Matchday 27,2021-2022,1297613,H
Chippa United,Cape Town City,0,0,FINISHED,2022-05-04,1297615,Matchday 27,2021-2022,1297615,D
Maritzburg United,Royal AM,1,0,FINISHED,2022-05-04,1297614,Matchday 27,2021-2022,1297614,H
Siwelele,Swallows FC,2,2,FINISHED,2022-05-06,1297612,Matchday 28,2021-2022,1297612,D
Marumo Gallants,Golden Arrows,0,0,FINISHED,2022-05-07,1297611,Matchday 28,2021-2022,1297611,D
Chippa United,Baroka FC,2,2,FINISHED,2022-05-07,1297610,Matchday 28,2021-2022,1297610,D
Stellenbosch,Maritzburg United,1,1,FINISHED,2022-05-07,1297608,Matchday 28,2021-2022,1297608,D
AmaZulu,Sekhukhune United,0,0,FINISHED,2022-05-07,1297609,Matchday 28,2021-2022,1297609,D
Cape Town City,TS Galaxy,2,0,FINISHED,2022-05-07,1297607,Matchday 28,2021-2022,1297607,H
Kaizer Chiefs,Mamelodi Sundowns,1,1,FINISHED,2022-05-08,1297587,Matchday 28,2021-2022,1297587,D
Royal AM,Orlando Pirates,2,2,FINISHED,2022-05-27,1297606,Matchday 28,2021-2022,1297606,D
Cape Town City,AmaZulu,0,0,FINISHED,2022-05-14,1297604,Matchday 29,2021-2022,1297604,D
Swallows FC,Chippa United,0,0,FINISHED,2022-05-14,1297597,Matchday 29,2021-2022,1297597,D
TS Galaxy,Marumo Gallants,0,0,FINISHED,2022-05-14,1297599,Matchday 29,2021-2022,1297599,D
Mamelodi Sundowns,Stellenbosch,0,3,FINISHED,2022-05-14,1297600,Matchday 29,2021-2022,1297600,A
Baroka FC,Siwelele,3,1,FINISHED,2022-05-14,1297602,Matchday 29,2021-2022,1297602,H
Golden Arrows,Royal AM,2,2,FINISHED,2022-05-14,1297601,Matchday 29,2021-2022,1297601,D
Sekhukhune United,Kaizer Chiefs,0,1,FINISHED,2022-05-14,1297678,Matchday 29,2021-2022,1297678,A
Orlando Pirates,Maritzburg United,4,1,FINISHED,2022-05-24,1297598,Matchday 29,2021-2022,1297598,H
Marumo Gallants,Sekhukhune United,2,2,FINISHED,2022-05-21,1297590,Matchday 30,2021-2022,1297590,D
Maritzburg United,Baroka FC,1,0,FINISHED,2022-05-21,1297591,Matchday 30,2021-2022,1297591,H
Kaizer Chiefs,Swallows FC,2,2,FINISHED,2022-05-21,1297593,Matchday 30,2021-2022,1297593,D
Stellenbosch,Cape Town City,1,0,FINISHED,2022-05-21,1297596,Matchday 30,2021-2022,1297596,H
Chippa United,TS Galaxy,0,1,FINISHED,2022-05-21,1297595,Matchday 30,2021-2022,1297595,A
Royal AM,Mamelodi Sundowns,2,3,FINISHED,2022-05-23,1297605,Matchday 30,2021-2022,1297605,A
AmaZulu,Golden Arrows,1,2,FINISHED,2022-05-24,1297592,Matchday 30,2021-2022,1297592,A
Siwelele,Orlando Pirates,2,0,FINISHED,2022-05-30,1297594,Matchday 30,2021-2022,1297594,H
