home_team,away_team,home_score,away_score,status,date,netsport_id,matchday,season,match_id,result,home_rolling_points_last5,away_rolling_points_last5,home_rolling_points_last10,away_rolling_points_last10,home_gd_trend_last5,away_gd_trend_last5,travel_distance_km,home_squad_value,away_squad_value,squad_value_ratio
Mamelodi Sundowns,AmaZulu,1.0,0.0,FINISHED,2021-08-20,1297526,Matchday 1,2021-2022,1297526,H,,,,,,,530.738182466435,40400000.0,10880000.0,3.713235294117647
Cape Town City,Siwelele,0.0,0.0,FINISHED,2021-08-21,1297523,Matchday 1,2021-2022,1297523,D,,,,,,,908.4018379382446,,5250000.0,
Baroka FC,Marumo Gallants,2.0,0.0,FINISHED,2021-08-21,1297524,Matchday 1,2021-2022,1297524,H,,,,,,,666.410273920029,,2930000.0,
Golden Arrows,Maritzburg United,2.0,1.0,FINISHED,2021-08-21,1297513,Matchday 1,2021-2022,1297513,H,,,,,,,63.24186922409978,6830000.0,,
Orlando Pirates,Stellenbosch,2.0,2.0,FINISHED,2021-08-21,1297525,Matchday 1,2021-2022,1297525,D,,,,,,,1220.6858842275062,22330000.0,6080000.0,3.6726973684210527
Sekhukhune United,Chippa United,0.0,1.0,FINISHED,2021-08-21,1297499,Matchday 1,2021-2022,1297499,A,,,,,,,1021.3060443774077,9700000.0,5180000.0,1.8725868725868726
TS Galaxy,Kaizer Chiefs,0.0,0.0,FINISHED,2021-08-22,1297521,Matchday 1,2021-2022,1297521,D,,,,,,,307.1715110310044,3680000.0,16230000.0,0.22674060382008626
Swallows FC,Royal AM,1.0,0.0,FINISHED,2021-08-22,1297522,Matchday 1,2021-2022,1297522,H,,,,,,,505.1230639312536,,,
Chippa United,Mamelodi Sundowns,0.0,0.0,FINISHED,2021-08-24,1297519,Matchday 2,2021-2022,1297519,D,3.0,3.0,3.0,3.0,1.0,1.0,807.1414964025447,5180000.0,40400000.0,0.12821782178217822
Marumo Gallants,Orlando Pirates,0.0,0.0,FINISHED,2021-08-24,1297520,Matchday 2,2021-2022,1297520,D,0.0,1.0,0.0,1.0,-2.0,0.0,367.02395017310073,2930000.0,22330000.0,0.13121361397223466
Royal AM,Cape Town City,1.0,2.0,FINISHED,2021-08-25,1297516,Matchday 2,2021-2022,1297516,A,0.0,1.0,0.0,1.0,-1.0,0.0,1256.623529163144,,,
Maritzburg United,Sekhukhune United,0.0,2.0,FINISHED,2021-08-25,1297528,Matchday 2,2021-2022,1297528,A,0.0,0.0,0.0,0.0,-1.0,-1.0,639.4815251250209,,9700000.0,
Siwelele,Golden Arrows,3.0,1.0,FINISHED,2021-08-25,1297517,Matchday 2,2021-2022,1297517,H,1.0,3.0,1.0,3.0,0.0,1.0,459.8354704753759,5250000.0,6830000.0,0.7686676427525623
Kaizer Chiefs,Baroka FC,2.0,1.0,FINISHED,2021-08-25,1297518,Matchday 2,2021-2022,1297518,H,1.0,3.0,1.0,3.0,0.0,2.0,297.22531271282986,16230000.0,,
AmaZulu,Swallows FC,0.0,0.0,FINISHED,2021-08-25,1297514,Matchday 2,2021-2022,1297514,D,0.0,3.0,0.0,3.0,-1.0,1.0,507.00453102470146,10880000.0,,
Stellenbosch,TS Galaxy,1.0,0.0,FINISHED,2021-08-25,1297529,Matchday 2,2021-2022,1297529,H,1.0,1.0,1.0,1.0,0.0,0.0,1496.21522813951,6080000.0,3680000.0,1.6521739130434783
TS Galaxy,Golden Arrows,2.0,2.0,FINISHED,2021-09-11,1297510,Matchday 3,2021-2022,1297510,D,1.0,3.0,1.0,3.0,-0.5,-0.5,501.2492909934793,3680000.0,6830000.0,0.5387994143484627
Orlando Pirates,Swallows FC,1.0,0.0,FINISHED,2021-09-11,1297511,Matchday 3,2021-2022,1297511,H,2.0,4.0,2.0,4.0,0.0,0.5,5.889312937022606,22330000.0,,
Sekhukhune United,Stellenbosch,1.0,1.0,FINISHED,2021-09-11,1297508,Matchday 3,2021-2022,1297508,D,3.0,4.0,3.0,4.0,0.5,0.5,1515.6973046794312,9700000.0,6080000.0,1.5953947368421053
Baroka FC,Maritzburg United,0.0,1.0,FINISHED,2021-09-11,1297507,Matchday 3,2021-2022,1297507,A,3.0,0.0,3.0,0.0,0.5,-1.5,639.4815251250209,,,
Mamelodi Sundowns,Kaizer Chiefs,2.0,0.0,FINISHED,2021-09-12,1297505,Matchday 3,2021-2022,1297505,H,4.0,4.0,4.0,4.0,0.5,0.5,58.65727490670219,40400000.0,16230000.0,2.4892174984596425
Royal AM,Chippa United,1.0,0.0,FINISHED,2021-09-12,1297506,Matchday 3,2021-2022,1297506,H,0.0,4.0,0.0,4.0,-1.0,0.5,444.9043999405845,,5180000.0,
AmaZulu,Siwelele,0.0,0.0,FINISHED,2021-09-14,1297512,Matchday 3,2021-2022,1297512,D,1.0,4.0,1.0,4.0,-0.5,1.0,469.9550370235814,10880000.0,5250000.0,2.072380952380952
Chippa United,Orlando Pirates,1.0,3.0,FINISHED,2021-09-18,1297503,Matchday 4,2021-2022,1297503,A,4.0,5.0,4.0,5.0,0.0,0.3333333333333333,753.3552243406666,5180000.0,22330000.0,0.23197492163009403
Cape Town City,Stellenbosch,0.0,3.0,FINISHED,2021-09-18,1297501,Matchday 4,2021-2022,1297501,A,4.0,5.0,4.0,5.0,0.5,0.3333333333333333,42.85210673528772,,6080000.0,
Baroka FC,Sekhukhune United,1.0,0.0,FINISHED,2021-09-18,1297515,Matchday 4,2021-2022,1297515,H,3.0,4.0,3.0,4.0,0.0,0.3333333333333333,0.0,,9700000.0,
Kaizer Chiefs,Royal AM,1.0,4.0,FINISHED,2021-09-18,1297558,Matchday 4,2021-2022,1297558,A,4.0,3.0,4.0,3.0,-0.3333333333333333,-0.3333333333333333,497.6487365037908,16230000.0,,
Swallows FC,Siwelele,0.0,3.0,FINISHED,2021-09-19,1297543,Matchday 4,2021-2022,1297543,A,4.0,5.0,4.0,5.0,0.0,0.6666666666666666,364.9662233067797,,5250000.0,
Mamelodi Sundowns,TS Galaxy,3.0,0.0,FINISHED,2021-09-19,1297439,Matchday 4,2021-2022,1297439,H,7.0,2.0,7.0,2.0,1.0,-0.3333333333333333,273.38745252065416,40400000.0,3680000.0,10.978260869565217
Maritzburg United,Marumo Gallants,1.0,0.0,FINISHED,2021-09-22,1297502,Matchday 4,2021-2022,1297502,H,3.0,1.0,3.0,1.0,-0.6666666666666666,-1.0,405.2090684317437,,2930000.0,
Golden Arrows,AmaZulu,2.0,2.0,FINISHED,2021-09-22,1297504,Matchday 4,2021-2022,1297504,D,4.0,2.0,4.0,2.0,-0.3333333333333333,-0.3333333333333333,20.109034086532077,6830000.0,10880000.0,0.6277573529411765
Swallows FC,Cape Town City,0.0,0.0,FINISHED,2021-09-24,1297550,Matchday 5,2021-2022,1297550,D,4.0,4.0,4.0,4.0,-0.75,-0.6666666666666666,1246.3111609025605,,,
Sekhukhune United,Golden Arrows,1.0,1.0,FINISHED,2021-09-25,1297553,Matchday 5,2021-2022,1297553,D,4.0,5.0,4.0,5.0,0.0,-0.25,686.9395752773827,9700000.0,6830000.0,1.4202049780380674
Stellenbosch,Chippa United,2.0,1.0,FINISHED,2021-09-25,1297552,Matchday 5,2021-2022,1297552,H,8.0,4.0,8.0,4.0,1.0,-0.5,843.8903781142693,6080000.0,5180000.0,1.1737451737451738
Orlando Pirates,Mamelodi Sundowns,0.0,2.0,FINISHED,2021-09-25,1297555,Matchday 5,2021-2022,1297555,A,8.0,10.0,8.0,10.0,0.75,1.5,61.05551098911179,22330000.0,40400000.0,0.5527227722772278
AmaZulu,Baroka FC,1.0,0.0,FINISHED,2021-09-25,1297556,Matchday 5,2021-2022,1297556,H,3.0,6.0,3.0,6.0,-0.25,0.25,674.5546298160202,10880000.0,,
Siwelele,Maritzburg United,2.0,1.0,FINISHED,2021-09-25,1297554,Matchday 5,2021-2022,1297554,H,8.0,6.0,8.0,6.0,1.25,-0.25,405.2090684317437,5250000.0,,
Royal AM,TS Galaxy,4.0,2.0,FINISHED,2021-09-26,1297551,Matchday 5,2021-2022,1297551,H,6.0,2.0,6.0,2.0,0.5,-1.0,494.69623894305175,,3680000.0,
Marumo Gallants,Kaizer Chiefs,0.0,0.0,FINISHED,2021-09-26,1297549,Matchday 5,2021-2022,1297549,D,1.0,4.0,1.0,4.0,-1.0,-1.0,369.4351841819827,2930000.0,16230000.0,0.18052988293284042
AmaZulu,Kaizer Chiefs,1.0,1.0,FINISHED,2021-10-02,1297548,Matchday 6,2021-2022,1297548,D,6.0,5.0,6.0,5.0,0.0,-0.8,499.21680619064676,10880000.0,16230000.0,0.6703635243376463
Cape Town City,Orlando Pirates,1.0,1.0,FINISHED,2021-10-02,1297527,Matchday 6,2021-2022,1297527,D,5.0,8.0,5.0,8.0,-0.5,0.2,1250.0122779478036,,22330000.0,
Chippa United,Siwelele,0.0,0.0,FINISHED,2021-10-02,1297547,Matchday 6,2021-2022,1297547,D,4.0,11.0,4.0,11.0,-0.6,1.2,454.90581570858905,5180000.0,5250000.0,0.9866666666666667
Baroka FC,Stellenbosch,1.0,1.0,FINISHED,2021-10-02,1297544,Matchday 6,2021-2022,1297544,D,6.0,11.0,6.0,11.0,0.0,1.0,1515.6973046794312,,6080000.0,
TS Galaxy,Sekhukhune United,0.0,1.0,FINISHED,2021-10-02,1297546,Matchday 6,2021-2022,1297546,A,2.0,5.0,2.0,5.0,-1.2,0.0,225.8571765261528,3680000.0,9700000.0,0.37938144329896906
Mamelodi Sundowns,Swallows FC,3.0,0.0,FINISHED,2021-10-03,1297541,Matchday 6,2021-2022,1297541,H,13.0,5.0,13.0,5.0,1.6,-0.6,63.657616911651566,40400000.0,,
Golden Arrows,Marumo Gallants,3.0,1.0,FINISHED,2021-10-03,1297542,Matchday 6,2021-2022,1297542,H,6.0,2.0,6.0,2.0,-0.2,-0.75,459.8354704753759,6830000.0,2930000.0,2.3310580204778155
Royal AM,Maritzburg United,2.0,1.0,FINISHED,2021-10-03,1297498,Matchday 6,2021-2022,1297498,H,9.0,6.0,9.0,6.0,0.8,-0.4,57.590665404614626,,,
Sekhukhune United,Cape Town City,1.0,0.0,FINISHED,2021-10-16,1297540,Matchday 7,2021-2022,1297540,H,8.0,6.0,8.0,6.0,0.4,-0.4,1543.6679540867367,9700000.0,,
Siwelele,Baroka FC,2.0,0.0,FINISHED,2021-10-16,1297537,Matchday 7,2021-2022,1297537,H,11.0,4.0,12.0,7.0,1.2,-0.4,666.410273920029,5250000.0,,
Kaizer Chiefs,Chippa United,4.0,0.0,FINISHED,2021-10-16,1297536,Matchday 7,2021-2022,1297536,H,5.0,2.0,6.0,5.0,-0.8,-0.8,753.05841286102,16230000.0,5180000.0,3.1332046332046333
Swallows FC,Stellenbosch,1.0,1.0,FINISHED,2021-10-17,1297534,Matchday 7,2021-2022,1297534,D,2.0,11.0,5.0,12.0,-1.4,1.0,1217.1029445092097,,6080000.0,
Marumo Gallants,Royal AM,2.0,2.0,FINISHED,2021-10-19,1297539,Matchday 7,2021-2022,1297539,D,2.0,12.0,2.0,12.0,-1.0,1.2,456.58950795785546,2930000.0,,
TS Galaxy,AmaZulu,0.0,1.0,FINISHED,2021-10-19,1297535,Matchday 7,2021-2022,1297535,A,1.0,7.0,2.0,7.0,-1.4,0.2,485.7237565219576,3680000.0,10880000.0,0.3382352941176471
Golden Arrows,Mamelodi Sundowns,0.0,1.0,FINISHED,2021-10-20,1297538,Matchday 7,2021-2022,1297538,A,6.0,13.0,9.0,16.0,0.0,2.0,537.6085491295763,6830000.0,40400000.0,0.16905940594059407
Maritzburg United,Orlando Pirates,0.0,0.0,FINISHED,2021-10-20,1297533,Matchday 7,2021-2022,1297533,D,6.0,8.0,6.0,9.0,-0.4,0.2,447.4634267755237,,22330000.0,
Maritzburg United,TS Galaxy,1.0,0.0,FINISHED,2021-10-23,1297545,Matchday 8,2021-2022,1297545,H,7.0,1.0,7.0,2.0,0.0,-1.4,465.17582843530124,,3680000.0,
Cape Town City,Golden Arrows,4.0,3.0,FINISHED,2021-10-23,1297500,Matchday 8,2021-2022,1297500,H,5.0,6.0,6.0,9.0,-0.6,0.2,1255.9775933974524,,6830000.0,
Chippa United,Swallows FC,0.0,0.0,FINISHED,2021-10-24,1297466,Matchday 8,2021-2022,1297466,D,1.0,2.0,5.0,6.0,-1.6,-1.4,753.9476134361341,5180000.0,,
Siwelele,Kaizer Chiefs,1.0,2.0,FINISHED,2021-10-24,1297465,Matchday 8,2021-2022,1297465,A,11.0,5.0,15.0,9.0,1.2,-0.2,369.4351841819827,5250000.0,16230000.0,0.3234750462107209
Stellenbosch,Marumo Gallants,1.0,0.0,FINISHED,2021-10-27,1297530,Matchday 8,2021-2022,1297530,H,9.0,3.0,13.0,3.0,0.8,-0.6,875.4385978904638,6080000.0,2930000.0,2.0750853242320817
Sekhukhune United,AmaZulu,2.0,0.0,FINISHED,2021-10-27,1297531,Matchday 8,2021-2022,1297531,H,8.0,9.0,11.0,10.0,0.2,0.4,674.5546298160202,9700000.0,10880000.0,0.8915441176470589
Orlando Pirates,Royal AM,1.0,1.0,FINISHED,2021-10-28,1297532,Matchday 8,2021-2022,1297532,D,8.0,13.0,10.0,13.0,0.2,1.4,501.29312065190766,22330000.0,,
Kaizer Chiefs,Stellenbosch,0.0,1.0,FINISHED,2021-11-02,1297464,Matchday 9,2021-2022,1297464,A,8.0,11.0,12.0,16.0,0.4,1.0,1224.541902196886,16230000.0,6080000.0,2.669407894736842
TS Galaxy,Baroka FC,2.0,1.0,FINISHED,2021-11-02,1297460,Matchday 9,2021-2022,1297460,H,0.0,4.0,2.0,7.0,-1.6,-0.6,225.8571765261528,3680000.0,,
Golden Arrows,Swallows FC,0.0,0.0,FINISHED,2021-11-02,1297462,Matchday 9,2021-2022,1297462,D,5.0,3.0,9.0,7.0,0.0,-1.2,511.70852376551466,6830000.0,,
Orlando Pirates,Sekhukhune United,2.0,1.0,FINISHED,2021-11-02,1297461,Matchday 9,2021-2022,1297461,H,6.0,10.0,11.0,14.0,0.0,0.6,300.02049415232636,22330000.0,9700000.0,2.302061855670103
Royal AM,Siwelele,2.0,1.0,FINISHED,2021-11-02,1297459,Matchday 9,2021-2022,1297459,H,11.0,10.0,14.0,15.0,1.2,1.0,456.58950795785546,,5250000.0,
Cape Town City,Chippa United,1.0,0.0,FINISHED,2021-11-03,1297463,Matchday 9,2021-2022,1297463,H,5.0,2.0,9.0,6.0,-0.6,-1.4,886.1355341470515,,5180000.0,
Mamelodi Sundowns,Maritzburg United,1.0,0.0,FINISHED,2021-11-03,1297457,Matchday 9,2021-2022,1297457,H,15.0,7.0,19.0,10.0,2.2,0.0,479.5155820947601,40400000.0,,
AmaZulu,Marumo Gallants,0.0,0.0,FINISHED,2021-11-04,1297458,Matchday 9,2021-2022,1297458,D,8.0,2.0,10.0,3.0,0.0,-0.8,469.9550370235814,10880000.0,2930000.0,3.7133105802047783
Siwelele,TS Galaxy,2.0,1.0,FINISHED,2021-11-05,1297456,Matchday 10,2021-2022,1297456,H,7.0,3.0,15.0,5.0,0.2,-0.8,620.8932044419288,5250000.0,3680000.0,1.4266304347826086
Kaizer Chiefs,Orlando Pirates,2.0,1.0,FINISHED,2021-11-06,1297468,Matchday 10,2021-2022,1297468,H,8.0,6.0,12.0,14.0,0.8,-0.2,5.978268699146683,16230000.0,22330000.0,0.7268248992386923
Stellenbosch,Golden Arrows,0.0,0.0,FINISHED,2021-11-06,1297469,Matchday 10,2021-2022,1297469,D,11.0,5.0,19.0,10.0,0.6,0.0,1216.5174700019006,6080000.0,6830000.0,0.890190336749634
Marumo Gallants,Mamelodi Sundowns,0.0,4.0,FINISHED,2021-11-07,1297451,Matchday 10,2021-2022,1297451,A,3.0,15.0,4.0,22.0,-0.6,2.0,428.0130608722853,2930000.0,40400000.0,0.07252475247524752
AmaZulu,Cape Town City,2.0,0.0,FINISHED,2021-11-07,1297454,Matchday 10,2021-2022,1297454,H,8.0,8.0,11.0,12.0,0.0,0.2,1273.874589325814,10880000.0,,
Chippa United,Maritzburg United,0.0,0.0,FINISHED,2021-11-07,1297449,Matchday 10,2021-2022,1297449,D,2.0,4.0,6.0,10.0,-1.2,-0.4,444.41902552001244,5180000.0,,
Royal AM,Baroka FC,1.0,1.0,FINISHED,2021-11-07,1297452,Matchday 10,2021-2022,1297452,D,11.0,4.0,17.0,7.0,0.8,-0.6,680.0544179606063,,,
Swallows FC,Sekhukhune United,0.0,1.0,FINISHED,2021-11-07,1297450,Matchday 10,2021-2022,1297450,A,4.0,10.0,8.0,14.0,-0.6,0.6,302.63946401845453,,9700000.0,
Golden Arrows,Orlando Pirates,0.0,0.0,FINISHED,2021-11-20,1297446,Matchday 11,2021-2022,1297446,D,5.0,6.0,11.0,14.0,0.0,0.0,507.8973058318857,6830000.0,22330000.0,0.3058665472458576
Stellenbosch,AmaZulu,2.0,2.0,FINISHED,2021-11-20,1297448,Matchday 11,2021-2022,1297448,D,9.0,8.0,20.0,14.0,0.4,0.2,1234.5377123884953,6080000.0,10880000.0,0.5588235294117647
Siwelele,Marumo Gallants,1.0,2.0,FINISHED,2021-11-20,1297445,Matchday 11,2021-2022,1297445,A,7.0,2.0,18.0,4.0,0.2,-1.4,0.0,5250000.0,2930000.0,1.7918088737201365
Baroka FC,Chippa United,0.0,1.0,FINISHED,2021-11-20,1297443,Matchday 11,2021-2022,1297443,A,2.0,3.0,8.0,7.0,-0.8,-1.0,1021.3060443774077,,5180000.0,
Cape Town City,Mamelodi Sundowns,0.0,0.0,FINISHED,2021-11-20,1297444,Matchday 11,2021-2022,1297444,D,7.0,15.0,12.0,25.0,-0.2,2.2,1309.0092023555278,,40400000.0,
Sekhukhune United,Royal AM,1.0,0.0,FINISHED,2021-11-20,1297447,Matchday 11,2021-2022,1297447,H,12.0,9.0,17.0,18.0,0.8,0.4,680.0544179606063,9700000.0,,
TS Galaxy,Swallows FC,1.0,0.0,FINISHED,2021-11-21,1297442,Matchday 11,2021-2022,1297442,H,3.0,3.0,5.0,8.0,-0.6,-0.8,318.34667513138703,3680000.0,,
Maritzburg United,Kaizer Chiefs,0.0,1.0,FINISHED,2021-11-21,1297441,Matchday 11,2021-2022,1297441,A,5.0,10.0,11.0,15.0,-0.2,1.0,444.0310716749285,,16230000.0,
Stellenbosch,Orlando Pirates,0.0,3.0,FINISHED,2021-11-24,1297623,Matchday 19,2021-2022,1297623,A,9.0,6.0,20.0,14.0,0.4,0.0,1220.6858842275062,6080000.0,22330000.0,0.2722794446932378
Marumo Gallants,Maritzburg United,0.0,0.0,FINISHED,2021-11-24,1297624,Matchday 19,2021-2022,1297624,D,5.0,5.0,7.0,11.0,-0.8,-0.2,405.2090684317437,2930000.0,,
Kaizer Chiefs,AmaZulu,1.0,1.0,FINISHED,2021-11-24,1297621,Matchday 19,2021-2022,1297621,D,12.0,8.0,17.0,15.0,1.2,0.2,499.21680619064676,16230000.0,10880000.0,1.4917279411764706
Mamelodi Sundowns,Siwelele,2.0,2.0,FINISHED,2021-11-24,1297677,Matchday 19,2021-2022,1297677,D,13.0,6.0,26.0,17.0,1.8,0.0,428.0130608722853,40400000.0,5250000.0,7.695238095238095
Mamelodi Sundowns,Sekhukhune United,2.0,0.0,FINISHED,2021-11-27,1297483,Matchday 12,2021-2022,1297483,H,11.0,12.0,24.0,20.0,1.2,0.8,239.01816026096265,40400000.0,9700000.0,4.164948453608248
TS Galaxy,Cape Town City,2.0,2.0,FINISHED,2021-11-27,1297440,Matchday 12,2021-2022,1297440,D,6.0,7.0,7.0,13.0,-0.2,-0.2,1528.712355504249,3680000.0,,
Golden Arrows,Baroka FC,3.0,2.0,FINISHED,2021-11-28,1297455,Matchday 12,2021-2022,1297455,H,3.0,2.0,9.0,8.0,-0.4,-0.8,686.9395752773827,6830000.0,,
Royal AM,Stellenbosch,1.0,0.0,FINISHED,2021-11-28,1297494,Matchday 12,2021-2022,1297494,H,6.0,8.0,18.0,17.0,0.0,-0.2,1217.2577336136833,,6080000.0,
Swallows FC,Kaizer Chiefs,1.0,3.0,FINISHED,2021-11-28,1297495,Matchday 12,2021-2022,1297495,A,3.0,10.0,5.0,15.0,-0.4,0.4,11.86480394702673,,16230000.0,
Maritzburg United,AmaZulu,1.0,1.0,FINISHED,2021-11-28,1297493,Matchday 12,2021-2022,1297493,D,5.0,6.0,12.0,15.0,-0.2,0.0,66.67120933275717,,10880000.0,
Marumo Gallants,TS Galaxy,3.0,1.0,FINISHED,2021-12-01,1297489,Matchday 13,2021-2022,1297489,H,5.0,7.0,8.0,8.0,-0.8,0.0,620.8932044419288,2930000.0,3680000.0,0.7961956521739131
Orlando Pirates,Baroka FC,0.0,0.0,FINISHED,2021-12-02,1297492,Matchday 13,2021-2022,1297492,D,8.0,1.0,16.0,5.0,0.6,-1.0,300.02049415232636,22330000.0,,
Swallows FC,Maritzburg United,1.0,1.0,FINISHED,2021-12-04,1297488,Matchday 13,2021-2022,1297488,D,2.0,3.0,4.0,10.0,-0.8,-0.4,451.09958652331454,,,
AmaZulu,Royal AM,0.0,0.0,FINISHED,2021-12-04,1297491,Matchday 13,2021-2022,1297491,D,7.0,8.0,15.0,21.0,0.4,0.2,17.3943183164239,10880000.0,,
Chippa United,Golden Arrows,1.0,2.0,FINISHED,2021-12-04,1297490,Matchday 13,2021-2022,1297490,A,5.0,6.0,7.0,12.0,-0.8,0.0,441.1636950664042,5180000.0,6830000.0,0.7584187408491947
Stellenbosch,Mamelodi Sundowns,1.0,1.0,FINISHED,2021-12-04,1297486,Matchday 13,2021-2022,1297486,D,5.0,11.0,16.0,26.0,-0.6,1.4,1280.0575148753778,6080000.0,40400000.0,0.1504950495049505
Siwelele,Sekhukhune United,0.0,1.0,FINISHED,2021-12-05,1297467,Matchday 13,2021-2022,1297467,A,4.0,9.0,15.0,17.0,-0.4,0.2,666.410273920029,5250000.0,9700000.0,0.5412371134020618
TS Galaxy,Chippa United,3.0,1.0,FINISHED,2021-12-07,1297484,Matchday 14,2021-2022,1297484,H,7.0,5.0,7.0,6.0,-0.2,-0.2,888.662992481296,3680000.0,5180000.0,0.7104247104247104
Cape Town City,Maritzburg United,3.0,2.0,FINISHED,2021-12-07,1297559,Matchday 14,2021-2022,1297559,H,8.0,4.0,13.0,8.0,0.0,-0.2,1227.2827707671945,,,
Mamelodi Sundowns,Royal AM,3.0,2.0,FINISHED,2021-12-08,1297479,Matchday 14,2021-2022,1297479,H,9.0,8.0,24.0,19.0,1.2,0.2,530.8250357544052,40400000.0,,
Sekhukhune United,Marumo Gallants,0.0,1.0,FINISHED,2021-12-08,1297478,Matchday 14,2021-2022,1297478,A,9.0,8.0,19.0,10.0,0.0,-0.2,666.410273920029,9700000.0,2930000.0,3.310580204778157
Baroka FC,Swallows FC,0.0,1.0,FINISHED,2021-12-08,1297481,Matchday 14,2021-2022,1297481,A,2.0,2.0,6.0,5.0,-0.6,-0.8,302.63946401845453,,,
Stellenbosch,Siwelele,0.0,1.0,FINISHED,2021-12-08,1297477,Matchday 14,2021-2022,1297477,A,3.0,4.0,14.0,14.0,-0.8,-0.4,875.4385978904638,6080000.0,5250000.0,1.158095238095238
AmaZulu,Orlando Pirates,1.0,1.0,FINISHED,2021-12-08,1297482,Matchday 14,2021-2022,1297482,D,7.0,8.0,15.0,14.0,0.4,0.6,503.02317226140366,10880000.0,22330000.0,0.4872369010300045
Baroka FC,Cape Town City,0.0,0.0,FINISHED,2021-12-11,1297473,Matchday 15,2021-2022,1297473,D,2.0,8.0,6.0,13.0,-0.6,0.0,1543.6679540867367,,,
Chippa United,AmaZulu,1.0,1.0,FINISHED,2021-12-11,1297474,Matchday 15,2021-2022,1297474,D,4.0,5.0,6.0,13.0,-0.6,0.0,461.27259629164047,5180000.0,10880000.0,0.47610294117647056
Orlando Pirates,TS Galaxy,2.0,0.0,FINISHED,2021-12-11,1297475,Matchday 15,2021-2022,1297475,H,6.0,7.0,12.0,10.0,0.4,0.0,312.8377902530316,22330000.0,3680000.0,6.067934782608695
Siwelele,Mamelodi Sundowns,0.0,1.0,FINISHED,2021-12-11,1297472,Matchday 15,2021-2022,1297472,A,7.0,9.0,14.0,24.0,0.0,0.6,428.0130608722853,5250000.0,40400000.0,0.12995049504950495
Swallows FC,Marumo Gallants,0.0,1.0,FINISHED,2021-12-11,1297476,Matchday 15,2021-2022,1297476,A,4.0,10.0,8.0,13.0,-0.6,0.0,364.9662233067797,,2930000.0,
Kaizer Chiefs,Sekhukhune United,2.0,0.0,FINISHED,2021-12-12,1297470,Matchday 15,2021-2022,1297470,H,10.0,9.0,18.0,19.0,0.6,0.0,297.22531271282986,16230000.0,9700000.0,1.6731958762886598
Maritzburg United,Stellenbosch,0.0,0.0,FINISHED,2021-12-12,1297485,Matchday 15,2021-2022,1297485,D,3.0,2.0,8.0,11.0,-0.4,-1.0,1188.6435264992765,,6080000.0,
Royal AM,Golden Arrows,0.0,0.0,FINISHED,2021-12-12,1297471,Matchday 15,2021-2022,1297471,D,5.0,9.0,16.0,14.0,-0.2,0.4,6.925397570849175,,6830000.0,
Swallows FC,Orlando Pirates,1.0,1.0,FINISHED,2021-12-14,1297654,Matchday 22,2021-2022,1297654,D,4.0,9.0,7.0,15.0,-0.6,1.0,5.889312937022606,,22330000.0,
Mamelodi Sundowns,Baroka FC,2.0,1.0,FINISHED,2021-12-14,1297653,Matchday 22,2021-2022,1297653,H,11.0,2.0,24.0,4.0,0.8,-0.6,239.01816026096265,40400000.0,,
Marumo Gallants,Cape Town City,0.0,0.0,FINISHED,2021-12-14,1297655,Matchday 22,2021-2022,1297655,D,13.0,6.0,15.0,14.0,1.0,-0.2,908.4018379382446,2930000.0,,
AmaZulu,Chippa United,2.0,2.0,FINISHED,2021-12-14,1297658,Matchday 22,2021-2022,1297658,D,5.0,5.0,13.0,7.0,0.0,-0.4,461.27259629164047,10880000.0,5180000.0,2.1003861003861
Mamelodi Sundowns,Orlando Pirates,4.0,1.0,FINISHED,2021-12-17,1297619,Matchday 16,2021-2022,1297619,H,13.0,9.0,24.0,15.0,1.0,1.0,61.05551098911179,40400000.0,22330000.0,1.8092252575011196
Marumo Gallants,AmaZulu,0.0,1.0,FINISHED,2021-12-17,1297633,Matchday 16,2021-2022,1297633,A,11.0,5.0,16.0,11.0,0.8,0.0,469.9550370235814,2930000.0,10880000.0,0.2693014705882353
Sekhukhune United,Siwelele,0.0,0.0,FINISHED,2021-12-18,1297644,Matchday 16,2021-2022,1297644,D,6.0,4.0,18.0,11.0,-0.6,-0.4,666.410273920029,9700000.0,5250000.0,1.8476190476190477
Stellenbosch,Baroka FC,1.0,0.0,FINISHED,2021-12-18,1297646,Matchday 16,2021-2022,1297646,H,2.0,2.0,11.0,4.0,-1.0,-0.6,1515.6973046794312,6080000.0,,
Cape Town City,Swallows FC,2.0,1.0,FINISHED,2021-12-18,1297643,Matchday 16,2021-2022,1297643,H,7.0,5.0,14.0,8.0,0.2,-0.4,1246.3111609025605,,,
Golden Arrows,TS Galaxy,1.0,1.0,FINISHED,2021-12-18,1297645,Matchday 16,2021-2022,1297645,D,9.0,7.0,14.0,10.0,0.4,-0.2,501.2492909934793,6830000.0,3680000.0,1.8559782608695652
Maritzburg United,Chippa United,0.0,2.0,FINISHED,2021-12-19,1297641,Matchday 16,2021-2022,1297641,A,4.0,5.0,9.0,8.0,-0.2,-0.4,444.41902552001244,,5180000.0,
Royal AM,Kaizer Chiefs,1.0,0.0,FINISHED,2021-12-19,1297642,Matchday 16,2021-2022,1297642,H,5.0,13.0,14.0,21.0,-0.2,1.2,497.6487365037908,,16230000.0,
Orlando Pirates,Marumo Gallants,2.0,1.0,FINISHED,2021-12-20,1297639,Matchday 17,2021-2022,1297639,H,6.0,10.0,14.0,15.0,-0.2,0.6,367.02395017310073,22330000.0,2930000.0,7.621160409556314
AmaZulu,Mamelodi Sundowns,1.0,0.0,FINISHED,2021-12-20,1297640,Matchday 17,2021-2022,1297640,H,7.0,13.0,14.0,24.0,0.2,1.2,530.738182466435,10880000.0,40400000.0,0.2693069306930693
TS Galaxy,Stellenbosch,0.0,1.0,FINISHED,2021-12-22,1297634,Matchday 17,2021-2022,1297634,A,5.0,5.0,11.0,13.0,-0.4,-0.2,1496.21522813951,3680000.0,6080000.0,0.6052631578947368
Kaizer Chiefs,Maritzburg United,2.0,0.0,FINISHED,2021-12-22,1297636,Matchday 17,2021-2022,1297636,H,10.0,3.0,20.0,8.0,0.8,-0.6,444.0310716749285,16230000.0,,
Siwelele,Cape Town City,3.0,2.0,FINISHED,2021-12-22,1297638,Matchday 17,2021-2022,1297638,H,5.0,9.0,11.0,16.0,-0.2,0.4,908.4018379382446,5250000.0,,
Baroka FC,Royal AM,1.0,0.0,FINISHED,2021-12-22,1297637,Matchday 17,2021-2022,1297637,H,2.0,8.0,3.0,14.0,-0.6,0.2,680.0544179606063,,,
Chippa United,Sekhukhune United,0.0,0.0,FINISHED,2021-12-22,1297649,Matchday 17,2021-2022,1297649,D,5.0,4.0,10.0,16.0,-0.2,-0.8,1021.3060443774077,5180000.0,9700000.0,0.534020618556701
Swallows FC,Golden Arrows,2.0,2.0,FINISHED,2021-12-22,1297648,Matchday 17,2021-2022,1297648,D,5.0,9.0,7.0,14.0,-0.2,0.4,511.70852376551466,,6830000.0,
Mamelodi Sundowns,Marumo Gallants,1.0,1.0,FINISHED,2021-12-23,1297585,Matchday 23,2021-2022,1297585,D,12.0,7.0,21.0,15.0,1.0,0.0,428.0130608722853,40400000.0,2930000.0,13.788395904436861
Orlando Pirates,AmaZulu,2.0,1.0,FINISHED,2021-12-23,1297573,Matchday 23,2021-2022,1297573,H,8.0,9.0,16.0,16.0,0.0,0.4,503.02317226140366,22330000.0,10880000.0,2.052389705882353
Mamelodi Sundowns,Chippa United,2.0,0.0,FINISHED,2022-02-07,1297628,Matchday 18,2021-2022,1297628,H,10.0,6.0,19.0,11.0,0.8,0.0,807.1414964025447,40400000.0,5180000.0,7.7992277992278
Baroka FC,Mamelodi Sundowns,1.0,1.0,FINISHED,2022-02-14,1297453,Matchday 8,2021-2022,1297453,D,4.0,10.0,6.0,21.0,-0.4,1.0,239.01816026096265,,40400000.0,
Maritzburg United,Siwelele,2.0,1.0,FINISHED,2022-02-15,1297631,Matchday 18,2021-2022,1297631,H,2.0,7.0,5.0,11.0,-1.0,0.0,405.2090684317437,,5250000.0,
Cape Town City,Kaizer Chiefs,0.0,0.0,FINISHED,2022-02-15,1297630,Matchday 18,2021-2022,1297630,D,8.0,10.0,16.0,22.0,0.2,1.0,1253.9829474188039,,16230000.0,
Royal AM,Sekhukhune United,1.0,0.0,FINISHED,2022-02-15,1297632,Matchday 18,2021-2022,1297632,H,5.0,5.0,13.0,14.0,-0.2,-0.4,680.0544179606063,,9700000.0,
Orlando Pirates,Golden Arrows,0.0,0.0,FINISHED,2022-02-16,1297625,Matchday 18,2021-2022,1297625,D,10.0,9.0,16.0,12.0,0.2,0.4,507.8973058318857,22330000.0,6830000.0,3.269399707174231
Stellenbosch,Swallows FC,1.0,1.0,FINISHED,2022-02-16,1297627,Matchday 18,2021-2022,1297627,D,8.0,5.0,13.0,7.0,0.2,-0.2,1217.1029445092097,6080000.0,,
Chippa United,Royal AM,2.0,2.0,FINISHED,2022-02-19,1297622,Matchday 19,2021-2022,1297622,D,6.0,7.0,10.0,15.0,0.0,0.0,444.9043999405845,5180000.0,,
Swallows FC,TS Galaxy,0.0,1.0,FINISHED,2022-02-19,1297663,Matchday 19,2021-2022,1297663,A,3.0,4.0,7.0,11.0,-0.4,-0.6,318.34667513138703,,3680000.0,
Golden Arrows,Cape Town City,0.0,1.0,FINISHED,2022-02-20,1297635,Matchday 19,2021-2022,1297635,A,7.0,6.0,13.0,14.0,0.2,0.0,1255.9775933974524,6830000.0,,
Sekhukhune United,Baroka FC,4.0,0.0,FINISHED,2022-02-20,1297557,Matchday 19,2021-2022,1297557,H,2.0,5.0,11.0,7.0,-0.8,-0.2,0.0,9700000.0,,
AmaZulu,TS Galaxy,0.0,0.0,FINISHED,2022-02-22,1297629,Matchday 18,2021-2022,1297629,D,8.0,7.0,13.0,14.0,0.2,0.0,485.7237565219576,10880000.0,3680000.0,2.9565217391304346
Maritzburg United,Golden Arrows,1.0,2.0,FINISHED,2022-02-25,1297676,Matchday 20,2021-2022,1297676,A,4.0,4.0,8.0,13.0,-0.8,-0.2,63.24186922409978,,6830000.0,
Chippa United,Marumo Gallants,2.0,3.0,FINISHED,2022-02-26,1297673,Matchday 20,2021-2022,1297673,A,6.0,5.0,11.0,15.0,0.0,-0.2,454.90581570858905,5180000.0,2930000.0,1.7679180887372015
Sekhukhune United,Swallows FC,0.0,1.0,FINISHED,2022-02-26,1297671,Matchday 20,2021-2022,1297671,A,5.0,3.0,14.0,7.0,0.2,-0.4,302.63946401845453,9700000.0,,
Baroka FC,Kaizer Chiefs,0.0,1.0,FINISHED,2022-02-26,1297672,Matchday 20,2021-2022,1297672,A,4.0,10.0,6.0,20.0,-1.0,1.0,297.22531271282986,,16230000.0,
Siwelele,Royal AM,0.0,2.0,FINISHED,2022-02-27,1297669,Matchday 20,2021-2022,1297669,A,7.0,8.0,11.0,13.0,0.0,0.2,456.58950795785546,5250000.0,,
Marumo Gallants,Baroka FC,3.0,0.0,FINISHED,2022-03-02,1297626,Matchday 18,2021-2022,1297626,H,5.0,4.0,18.0,6.0,-0.2,-1.0,666.410273920029,2930000.0,,
Orlando Pirates,Cape Town City,0.0,0.0,FINISHED,2022-03-02,1297675,Matchday 20,2021-2022,1297675,D,8.0,8.0,17.0,14.0,-0.2,0.2,1250.0122779478036,22330000.0,,
AmaZulu,Stellenbosch,2.0,2.0,FINISHED,2022-03-02,1297674,Matchday 20,2021-2022,1297674,D,8.0,8.0,13.0,11.0,0.2,0.2,1234.5377123884953,10880000.0,6080000.0,1.7894736842105263
TS Galaxy,Mamelodi Sundowns,0.0,3.0,FINISHED,2022-03-02,1297670,Matchday 20,2021-2022,1297670,A,5.0,8.0,12.0,21.0,-0.4,0.8,273.38745252065416,3680000.0,40400000.0,0.09108910891089109
Cape Town City,Sekhukhune United,2.0,1.0,FINISHED,2022-03-05,1297664,Matchday 21,2021-2022,1297664,H,8.0,5.0,15.0,11.0,0.2,0.4,1543.6679540867367,,9700000.0,
Siwelele,AmaZulu,2.0,0.0,FINISHED,2022-03-05,1297647,Matchday 21,2021-2022,1297647,H,4.0,8.0,11.0,13.0,-0.6,0.2,469.9550370235814,5250000.0,10880000.0,0.48253676470588236
Maritzburg United,Mamelodi Sundowns,2.0,1.0,FINISHED,2022-03-05,1297667,Matchday 21,2021-2022,1297667,H,4.0,8.0,7.0,21.0,-0.8,0.8,479.5155820947601,,40400000.0,
Orlando Pirates,Kaizer Chiefs,1.0,2.0,FINISHED,2022-03-05,1297668,Matchday 21,2021-2022,1297668,A,8.0,10.0,17.0,20.0,-0.2,0.8,5.978268699146683,22330000.0,16230000.0,1.3758471965495995
Baroka FC,TS Galaxy,1.0,0.0,FINISHED,2022-03-05,1297666,Matchday 21,2021-2022,1297666,H,4.0,5.0,6.0,12.0,-1.4,-0.6,225.8571765261528,,3680000.0,
Golden Arrows,Chippa United,1.0,2.0,FINISHED,2022-03-06,1297618,Matchday 21,2021-2022,1297618,A,6.0,5.0,15.0,10.0,0.0,-0.2,441.1636950664042,6830000.0,5180000.0,1.3185328185328185
Royal AM,Swallows FC,1.0,0.0,FINISHED,2022-03-06,1297661,Matchday 21,2021-2022,1297661,H,10.0,5.0,15.0,10.0,0.6,-0.2,505.1230639312536,,,
Marumo Gallants,Stellenbosch,1.0,0.0,FINISHED,2022-03-06,1297662,Matchday 21,2021-2022,1297662,H,7.0,9.0,18.0,11.0,0.4,0.4,875.4385978904638,2930000.0,6080000.0,0.4819078947368421
Orlando Pirates,Siwelele,3.0,2.0,FINISHED,2022-03-16,1297496,Matchday 12,2021-2022,1297496,H,8.0,7.0,14.0,11.0,0.2,0.0,367.02395017310073,22330000.0,5250000.0,4.253333333333333
Marumo Gallants,Chippa United,0.0,0.0,FINISHED,2022-03-16,1297497,Matchday 12,2021-2022,1297497,D,10.0,5.0,20.0,10.0,0.8,-0.4,454.90581570858905,2930000.0,5180000.0,0.5656370656370656
Sekhukhune United,Maritzburg United,1.0,1.0,FINISHED,2022-03-16,1297656,Matchday 22,2021-2022,1297656,D,4.0,6.0,8.0,10.0,0.2,-0.6,639.4815251250209,9700000.0,,
TS Galaxy,Siwelele,1.0,1.0,FINISHED,2022-03-19,1297659,Matchday 22,2021-2022,1297659,D,4.0,6.0,9.0,11.0,-0.8,-0.2,620.8932044419288,3680000.0,5250000.0,0.700952380952381
Kaizer Chiefs,Golden Arrows,0.0,1.0,FINISHED,2022-03-19,1297657,Matchday 22,2021-2022,1297657,A,10.0,5.0,23.0,14.0,0.6,-0.2,504.272327791487,16230000.0,6830000.0,2.376281112737921
Cape Town City,Marumo Gallants,1.0,0.0,FINISHED,2022-03-19,1297509,Matchday 3,2021-2022,1297509,H,8.0,11.0,17.0,18.0,0.2,1.0,908.4018379382446,,2930000.0,
Stellenbosch,Royal AM,2.0,2.0,FINISHED,2022-03-20,1297660,Matchday 22,2021-2022,1297660,D,8.0,10.0,10.0,18.0,0.2,0.6,1217.2577336136833,6080000.0,,
Golden Arrows,Siwelele,3.0,2.0,FINISHED,2022-04-02,1297665,Matchday 23,2021-2022,1297665,H,7.0,4.0,16.0,11.0,0.0,-0.4,459.8354704753759,6830000.0,5250000.0,1.3009523809523809
Chippa United,Kaizer Chiefs,1.0,3.0,FINISHED,2022-04-02,1297652,Matchday 23,2021-2022,1297652,A,5.0,10.0,11.0,20.0,-0.4,0.6,753.05841286102,5180000.0,16230000.0,0.31916204559457795
Stellenbosch,Sekhukhune United,1.0,1.0,FINISHED,2022-04-02,1297651,Matchday 23,2021-2022,1297651,D,6.0,4.0,11.0,9.0,0.0,0.2,1515.6973046794312,6080000.0,9700000.0,0.6268041237113402
TS Galaxy,Royal AM,1.0,4.0,FINISHED,2022-04-02,1297650,Matchday 23,2021-2022,1297650,A,5.0,11.0,9.0,16.0,-0.6,0.8,494.69623894305175,3680000.0,,
Cape Town City,Baroka FC,5.0,1.0,FINISHED,2022-04-03,1297586,Matchday 23,2021-2022,1297586,H,11.0,4.0,19.0,8.0,0.6,-1.4,1543.6679540867367,,,
Siwelele,Chippa United,1.0,1.0,FINISHED,2022-04-05,1297583,Matchday 24,2021-2022,1297583,D,4.0,5.0,11.0,11.0,-0.4,-0.4,454.90581570858905,5250000.0,5180000.0,1.0135135135135136
Kaizer Chiefs,TS Galaxy,0.0,0.0,FINISHED,2022-04-05,1297584,Matchday 24,2021-2022,1297584,D,10.0,2.0,20.0,9.0,0.6,-1.4,307.1715110310044,16230000.0,3680000.0,4.4103260869565215
Baroka FC,AmaZulu,0.0,1.0,FINISHED,2022-04-06,1297578,Matchday 24,2021-2022,1297578,A,3.0,5.0,8.0,12.0,-2.2,-0.4,674.5546298160202,,10880000.0,
Royal AM,Marumo Gallants,2.0,0.0,FINISHED,2022-04-06,1297579,Matchday 24,2021-2022,1297579,H,11.0,10.0,18.0,15.0,1.2,0.8,456.58950795785546,,2930000.0,
Golden Arrows,Stellenbosch,0.0,2.0,FINISHED,2022-04-06,1297582,Matchday 24,2021-2022,1297582,A,9.0,4.0,16.0,12.0,0.2,-0.2,1216.5174700019006,6830000.0,6080000.0,1.1233552631578947
Sekhukhune United,Orlando Pirates,0.0,1.0,FINISHED,2022-04-06,1297577,Matchday 24,2021-2022,1297577,A,5.0,8.0,7.0,16.0,0.4,0.2,300.02049415232636,9700000.0,22330000.0,0.4343931930138827
Swallows FC,Mamelodi Sundowns,2.0,4.0,FINISHED,2022-04-06,1297581,Matchday 24,2021-2022,1297581,A,5.0,8.0,10.0,20.0,-0.2,0.8,63.657616911651566,,40400000.0,
Maritzburg United,Cape Town City,0.0,1.0,FINISHED,2022-04-06,1297580,Matchday 24,2021-2022,1297580,A,7.0,13.0,10.0,19.0,-0.2,1.4,1227.2827707671945,,,
Maritzburg United,Swallows FC,1.0,1.0,FINISHED,2022-04-12,1297620,Matchday 23,2021-2022,1297620,D,7.0,4.0,9.0,9.0,0.0,-0.6,451.09958652331454,,,
Mamelodi Sundowns,Golden Arrows,6.0,0.0,FINISHED,2022-04-12,1297569,Matchday 25,2021-2022,1297569,H,10.0,9.0,20.0,13.0,1.2,0.0,537.6085491295763,40400000.0,6830000.0,5.915080527086384
Baroka FC,Orlando Pirates,0.0,0.0,FINISHED,2022-04-12,1297576,Matchday 25,2021-2022,1297576,D,3.0,8.0,7.0,18.0,-1.6,0.2,300.02049415232636,,22330000.0,
Kaizer Chiefs,Siwelele,0.0,1.0,FINISHED,2022-04-16,1297589,Matchday 25,2021-2022,1297589,A,10.0,5.0,20.0,9.0,0.6,0.0,369.4351841819827,16230000.0,5250000.0,3.0914285714285716
Cape Town City,Royal AM,1.0,1.0,FINISHED,2022-04-16,1297572,Matchday 25,2021-2022,1297572,D,13.0,13.0,21.0,21.0,1.4,1.6,1256.623529163144,,,
Sekhukhune United,TS Galaxy,0.0,1.0,FINISHED,2022-04-16,1297574,Matchday 25,2021-2022,1297574,A,2.0,2.0,7.0,7.0,-0.6,-1.4,225.8571765261528,9700000.0,3680000.0,2.635869565217391
AmaZulu,Maritzburg United,1.0,0.0,FINISHED,2022-04-16,1297588,Matchday 25,2021-2022,1297588,H,5.0,5.0,14.0,9.0,-0.4,-0.2,66.67120933275717,10880000.0,,
Chippa United,Stellenbosch,1.0,0.0,FINISHED,2022-04-17,1297571,Matchday 25,2021-2022,1297571,H,5.0,6.0,11.0,14.0,-0.4,0.2,843.8903781142693,5180000.0,6080000.0,0.8519736842105263
Marumo Gallants,Swallows FC,1.0,1.0,FINISHED,2022-04-17,1297570,Matchday 25,2021-2022,1297570,D,7.0,4.0,12.0,7.0,0.2,-0.6,364.9662233067797,2930000.0,,
TS Galaxy,Maritzburg United,1.0,1.0,FINISHED,2022-04-23,1297565,Matchday 26,2021-2022,1297565,D,5.0,5.0,10.0,9.0,-0.6,-0.2,465.17582843530124,3680000.0,,
Golden Arrows,Sekhukhune United,0.0,0.0,FINISHED,2022-04-23,1297566,Matchday 26,2021-2022,1297566,D,6.0,2.0,12.0,7.0,-1.4,-0.6,686.9395752773827,6830000.0,9700000.0,0.7041237113402062
Marumo Gallants,Siwelele,0.0,0.0,FINISHED,2022-04-23,1297567,Matchday 26,2021-2022,1297567,D,5.0,5.0,12.0,12.0,-0.4,-0.2,0.0,2930000.0,5250000.0,0.5580952380952381
Stellenbosch,Kaizer Chiefs,1.0,0.0,FINISHED,2022-04-23,1297564,Matchday 26,2021-2022,1297564,H,5.0,7.0,14.0,17.0,0.0,0.2,1224.541902196886,6080000.0,16230000.0,0.37461491065927294
Swallows FC,Baroka FC,3.0,2.0,FINISHED,2022-04-24,1297562,Matchday 26,2021-2022,1297562,H,5.0,4.0,8.0,8.0,-0.4,-1.4,302.63946401845453,,,
Royal AM,AmaZulu,0.0,0.0,FINISHED,2022-04-24,1297563,Matchday 26,2021-2022,1297563,D,11.0,8.0,21.0,16.0,1.2,0.0,17.3943183164239,,10880000.0,
Orlando Pirates,Chippa United,0.0,0.0,FINISHED,2022-04-27,1297568,Matchday 26,2021-2022,1297568,D,8.0,8.0,16.0,13.0,0.2,0.0,753.3552243406666,22330000.0,5180000.0,4.3108108108108105
Mamelodi Sundowns,Cape Town City,0.0,0.0,FINISHED,2022-04-27,1297561,Matchday 26,2021-2022,1297561,D,10.0,13.0,20.0,21.0,2.0,1.4,1309.0092023555278,40400000.0,,
Golden Arrows,Kaizer Chiefs,2.0,1.0,FINISHED,2022-04-27,1297480,Matchday 14,2021-2022,1297480,H,7.0,4.0,12.0,14.0,-1.2,-0.2,504.272327791487,6830000.0,16230000.0,0.4208256315465188
Kaizer Chiefs,Cape Town City,1.0,2.0,FINISHED,2022-04-30,1297487,Matchday 13,2021-2022,1297487,A,4.0,11.0,14.0,19.0,-0.2,1.2,1253.9829474188039,16230000.0,,
TS Galaxy,Orlando Pirates,1.0,0.0,FINISHED,2022-05-02,1297560,Matchday 27,2021-2022,1297560,H,6.0,8.0,10.0,16.0,-0.4,0.2,312.8377902530316,3680000.0,22330000.0,0.16480071652485445
Kaizer Chiefs,Marumo Gallants,1.0,0.0,FINISHED,2022-05-03,1297603,Matchday 27,2021-2022,1297603,H,1.0,3.0,11.0,13.0,-0.8,-0.6,369.4351841819827,16230000.0,2930000.0,5.539249146757679
Swallows FC,AmaZulu,0.0,1.0,FINISHED,2022-05-03,1297575,Matchday 27,2021-2022,1297575,A,5.0,8.0,10.0,16.0,-0.4,0.0,507.00453102470146,,10880000.0,
Siwelele,Stellenbosch,0.0,0.0,FINISHED,2022-05-03,1297617,Matchday 27,2021-2022,1297617,D,6.0,8.0,12.0,16.0,0.0,0.4,875.4385978904638,5250000.0,6080000.0,0.8634868421052632
Sekhukhune United,Mamelodi Sundowns,0.0,2.0,FINISHED,2022-05-03,1297616,Matchday 27,2021-2022,1297616,A,3.0,10.0,7.0,18.0,-0.4,2.0,239.01816026096265,9700000.0,40400000.0,0.2400990099009901
Baroka FC,Golden Arrows,1.0,0.0,FINISHED,2022-05-04,1297613,Matchday 27,2021-2022,1297613,H,4.0,7.0,8.0,14.0,-1.0,-1.2,686.9395752773827,,6830000.0,
Chippa United,Cape Town City,0.0,0.0,FINISHED,2022-05-04,1297615,Matchday 27,2021-2022,1297615,D,6.0,11.0,11.0,22.0,-0.2,1.2,886.1355341470515,5180000.0,,
Maritzburg United,Royal AM,1.0,0.0,FINISHED,2022-05-04,1297614,Matchday 27,2021-2022,1297614,H,3.0,9.0,9.0,19.0,-0.4,1.0,57.590665404614626,,,
Siwelele,Swallows FC,2.0,2.0,FINISHED,2022-05-06,1297612,Matchday 28,2021-2022,1297612,D,6.0,5.0,10.0,10.0,0.0,-0.4,364.9662233067797,5250000.0,,
Marumo Gallants,Golden Arrows,0.0,0.0,FINISHED,2022-05-07,1297611,Matchday 28,2021-2022,1297611,D,2.0,4.0,13.0,13.0,-0.8,-1.6,459.8354704753759,2930000.0,6830000.0,0.4289897510980966
Chippa United,Baroka FC,2.0,2.0,FINISHED,2022-05-07,1297610,Matchday 28,2021-2022,1297610,D,6.0,4.0,11.0,8.0,-0.2,-1.0,1021.3060443774077,5180000.0,,
Stellenbosch,Maritzburg United,1.0,1.0,FINISHED,2022-05-07,1297608,Matchday 28,2021-2022,1297608,D,8.0,5.0,14.0,12.0,0.4,-0.2,1188.6435264992765,6080000.0,,
AmaZulu,Sekhukhune United,0.0,0.0,FINISHED,2022-05-07,1297609,Matchday 28,2021-2022,1297609,D,10.0,2.0,18.0,6.0,0.2,-0.8,674.5546298160202,10880000.0,9700000.0,1.1216494845360825
Cape Town City,TS Galaxy,2.0,0.0,FINISHED,2022-05-07,1297607,Matchday 28,2021-2022,1297607,H,9.0,8.0,22.0,13.0,0.4,-0.2,1528.712355504249,,3680000.0,
Kaizer Chiefs,Mamelodi Sundowns,1.0,1.0,FINISHED,2022-05-08,1297587,Matchday 28,2021-2022,1297587,D,3.0,10.0,13.0,18.0,-0.6,1.8,58.65727490670219,16230000.0,40400000.0,0.40173267326732676
Sekhukhune United,Kaizer Chiefs,0.0,1.0,FINISHED,2022-05-14,1297678,Matchday 29,2021-2022,1297678,A,2.0,4.0,7.0,11.0,-0.8,-0.4,297.22531271282986,9700000.0,16230000.0,0.5976586568083796
Golden Arrows,Royal AM,2.0,2.0,FINISHED,2022-05-14,1297601,Matchday 29,2021-2022,1297601,D,5.0,8.0,14.0,19.0,-1.2,0.8,6.925397570849175,6830000.0,,
Baroka FC,Siwelele,3.0,1.0,FINISHED,2022-05-14,1297602,Matchday 29,2021-2022,1297602,H,5.0,7.0,8.0,11.0,-0.2,0.2,666.410273920029,,5250000.0,
Swallows FC,Chippa United,0.0,0.0,FINISHED,2022-05-14,1297597,Matchday 29,2021-2022,1297597,D,6.0,7.0,10.0,12.0,0.0,0.2,753.9476134361341,,5180000.0,
TS Galaxy,Marumo Gallants,0.0,0.0,FINISHED,2022-05-14,1297599,Matchday 29,2021-2022,1297599,D,8.0,3.0,10.0,13.0,0.0,-0.6,620.8932044419288,3680000.0,2930000.0,1.2559726962457338
Cape Town City,AmaZulu,0.0,0.0,FINISHED,2022-05-14,1297604,Matchday 29,2021-2022,1297604,D,9.0,11.0,22.0,16.0,0.6,0.6,1273.874589325814,,10880000.0,
Mamelodi Sundowns,Stellenbosch,0.0,3.0,FINISHED,2022-05-14,1297600,Matchday 29,2021-2022,1297600,A,11.0,8.0,19.0,12.0,2.0,0.4,1280.0575148753778,40400000.0,6080000.0,6.644736842105263
Marumo Gallants,Sekhukhune United,2.0,2.0,FINISHED,2022-05-21,1297590,Matchday 30,2021-2022,1297590,D,4.0,2.0,11.0,4.0,-0.2,-0.8,666.410273920029,2930000.0,9700000.0,0.3020618556701031
Maritzburg United,Baroka FC,1.0,0.0,FINISHED,2022-05-21,1297591,Matchday 30,2021-2022,1297591,H,6.0,8.0,13.0,11.0,0.0,0.4,639.4815251250209,,,
Kaizer Chiefs,Swallows FC,2.0,2.0,FINISHED,2022-05-21,1297593,Matchday 30,2021-2022,1297593,D,7.0,6.0,11.0,10.0,0.0,0.0,11.86480394702673,16230000.0,,
Stellenbosch,Cape Town City,1.0,0.0,FINISHED,2022-05-21,1297596,Matchday 30,2021-2022,1297596,H,8.0,9.0,14.0,22.0,0.6,0.6,42.85210673528772,6080000.0,,
Chippa United,TS Galaxy,0.0,1.0,FINISHED,2022-05-21,1297595,Matchday 30,2021-2022,1297595,A,7.0,8.0,12.0,10.0,0.2,0.0,888.662992481296,5180000.0,3680000.0,1.4076086956521738
Royal AM,Mamelodi Sundowns,2.0,3.0,FINISHED,2022-05-23,1297605,Matchday 30,2021-2022,1297605,A,6.0,8.0,17.0,18.0,0.2,1.0,530.8250357544052,,40400000.0,
Orlando Pirates,Maritzburg United,4.0,1.0,FINISHED,2022-05-24,1297598,Matchday 29,2021-2022,1297598,H,8.0,8.0,16.0,13.0,0.2,0.2,447.4634267755237,22330000.0,,
AmaZulu,Golden Arrows,1.0,2.0,FINISHED,2022-05-24,1297592,Matchday 30,2021-2022,1297592,A,9.0,6.0,14.0,12.0,0.4,0.0,20.109034086532077,10880000.0,6830000.0,1.5929721815519766
Royal AM,Orlando Pirates,2.0,2.0,FINISHED,2022-05-27,1297606,Matchday 28,2021-2022,1297606,D,3.0,8.0,16.0,16.0,-0.4,0.6,501.29312065190766,,22330000.0,
Siwelele,Orlando Pirates,2.0,0.0,FINISHED,2022-05-30,1297594,Matchday 30,2021-2022,1297594,H,6.0,6.0,11.0,14.0,-0.2,0.4,367.02395017310073,5250000.0,22330000.0,0.23510971786833856
Cape Town City,Mamelodi Sundowns,0.0,2.0,FINISHED,2022-08-05,1376401,Matchday 1,2022-2023,1376401,A,8.0,8.0,19.0,18.0,0.4,0.0,1309.0092023555278,,40400000.0,
Orlando Pirates,Swallows FC,1.0,0.0,FINISHED,2022-08-06,1376413,Matchday 1,2022-2023,1376413,H,5.0,6.0,13.0,11.0,0.0,0.0,5.889312937022606,22330000.0,,
Maritzburg United,Sekhukhune United,1.0,1.0,FINISHED,2022-08-06,1376411,Matchday 1,2022-2023,1376411,D,8.0,3.0,13.0,5.0,-0.2,-0.6,639.4815251250209,,9700000.0,
Golden Arrows,Richards Bay,0.0,2.0,FINISHED,2022-08-06,1376387,Matchday 1,2022-2023,1376387,A,8.0,,15.0,,0.2,,176.48139239943563,6830000.0,6880000.0,0.9927325581395349
Marumo Gallants,Stellenbosch,0.0,0.0,FINISHED,2022-08-06,1376414,Matchday 1,2022-2023,1376414,D,4.0,11.0,9.0,16.0,-0.2,1.0,875.4385978904638,2930000.0,6080000.0,0.4819078947368421
Royal AM,Kaizer Chiefs,1.0,0.0,FINISHED,2022-08-06,1376412,Matchday 1,2022-2023,1376412,H,3.0,8.0,14.0,12.0,-0.4,0.2,497.6487365037908,,16230000.0,
Siwelele,Chippa United,1.0,1.0,FINISHED,2022-08-07,1376409,Matchday 1,2022-2023,1376409,D,6.0,4.0,11.0,12.0,0.0,-0.2,454.90581570858905,5250000.0,5180000.0,1.0135135135135136
TS Galaxy,AmaZulu,0.0,0.0,FINISHED,2022-08-07,1376410,Matchday 1,2022-2023,1376410,D,8.0,6.0,13.0,14.0,0.0,0.0,485.7237565219576,3680000.0,10880000.0,0.3382352941176471
Richards Bay,Marumo Gallants,0.0,0.0,FINISHED,2022-08-09,1376408,Matchday 2,2022-2023,1376408,D,3.0,4.0,3.0,7.0,2.0,-0.2,568.4884950647302,6880000.0,2930000.0,2.348122866894198
Kaizer Chiefs,Maritzburg United,3.0,0.0,FINISHED,2022-08-09,1376406,Matchday 2,2022-2023,1376406,H,8.0,8.0,9.0,11.0,0.2,-0.2,444.0310716749285,16230000.0,,
Swallows FC,Cape Town City,3.0,2.0,FINISHED,2022-08-09,1376407,Matchday 2,2022-2023,1376407,H,3.0,5.0,8.0,16.0,-0.4,-0.2,1246.3111609025605,,,
Chippa United,Royal AM,1.0,3.0,FINISHED,2022-08-10,1376404,Matchday 2,2022-2023,1376404,A,4.0,5.0,10.0,14.0,-0.2,-0.2,444.9043999405845,5180000.0,,
AmaZulu,Siwelele,2.0,1.0,FINISHED,2022-08-10,1376405,Matchday 2,2022-2023,1376405,H,6.0,6.0,14.0,12.0,0.0,0.0,469.9550370235814,10880000.0,5250000.0,2.072380952380952
Stellenbosch,Orlando Pirates,1.0,1.0,FINISHED,2022-08-10,1376417,Matchday 2,2022-2023,1376417,D,9.0,7.0,17.0,15.0,0.8,0.2,1220.6858842275062,6080000.0,22330000.0,0.2722794446932378
Sekhukhune United,Golden Arrows,1.0,0.0,FINISHED,2022-08-10,1376402,Matchday 2,2022-2023,1376402,H,3.0,5.0,6.0,12.0,-0.6,-0.4,686.9395752773827,9700000.0,6830000.0,1.4202049780380674
Mamelodi Sundowns,TS Galaxy,0.0,1.0,FINISHED,2022-08-10,1376416,Matchday 2,2022-2023,1376416,A,10.0,8.0,20.0,14.0,0.4,0.0,273.38745252065416,40400000.0,3680000.0,10.978260869565217
Maritzburg United,Swallows FC,0.0,0.0,FINISHED,2022-08-12,1376400,Matchday 3,2022-2023,1376400,D,5.0,6.0,10.0,11.0,-1.0,0.0,451.09958652331454,,,
Marumo Gallants,Golden Arrows,1.0,1.0,FINISHED,2022-08-13,1376399,Matchday 3,2022-2023,1376399,D,5.0,5.0,7.0,9.0,0.0,-0.4,459.8354704753759,2930000.0,6830000.0,0.4289897510980966
Stellenbosch,Royal AM,3.0,1.0,FINISHED,2022-08-13,1376398,Matchday 3,2022-2023,1376398,H,9.0,8.0,17.0,16.0,0.8,0.4,1217.2577336136833,6080000.0,,
Mamelodi Sundowns,Kaizer Chiefs,4.0,0.0,FINISHED,2022-08-13,1376397,Matchday 3,2022-2023,1376397,H,7.0,8.0,17.0,11.0,-0.2,0.6,58.65727490670219,40400000.0,16230000.0,2.4892174984596425
Richards Bay,Sekhukhune United,1.0,0.0,FINISHED,2022-08-13,1376396,Matchday 3,2022-2023,1376396,H,4.0,6.0,4.0,8.0,1.0,0.0,594.6220991882807,6880000.0,9700000.0,0.709278350515464
AmaZulu,Cape Town City,2.0,1.0,FINISHED,2022-08-13,1376395,Matchday 3,2022-2023,1376395,H,6.0,4.0,16.0,13.0,0.0,-0.4,1273.874589325814,10880000.0,,
Orlando Pirates,Chippa United,0.0,1.0,FINISHED,2022-08-14,1376394,Matchday 3,2022-2023,1376394,A,8.0,3.0,16.0,9.0,0.4,-0.6,753.3552243406666,22330000.0,5180000.0,4.3108108108108105
TS Galaxy,Siwelele,2.0,0.0,FINISHED,2022-08-14,1376393,Matchday 3,2022-2023,1376393,H,8.0,5.0,16.0,11.0,0.0,-0.2,620.8932044419288,3680000.0,5250000.0,0.700952380952381
Cape Town City,Maritzburg United,0.0,0.0,FINISHED,2022-08-16,1376420,Matchday 8,2022-2023,1376420,D,1.0,5.0,10.0,11.0,-1.0,-1.0,1227.2827707671945,,,
Royal AM,Orlando Pirates,0.0,1.0,FINISHED,2022-08-17,1376354,Matchday 8,2022-2023,1376354,A,7.0,5.0,13.0,13.0,0.0,-0.4,501.29312065190766,,22330000.0,
Swallows FC,AmaZulu,2.0,3.0,FINISHED,2022-08-19,1376392,Matchday 4,2022-2023,1376392,A,6.0,8.0,12.0,19.0,0.0,0.2,507.00453102470146,,10880000.0,
Cape Town City,Stellenbosch,1.0,1.0,FINISHED,2022-08-20,1376389,Matchday 4,2022-2023,1376389,D,1.0,11.0,10.0,19.0,-1.0,1.2,42.85210673528772,,6080000.0,
Kaizer Chiefs,Richards Bay,1.0,0.0,FINISHED,2022-08-20,1376446,Matchday 4,2022-2023,1376446,H,7.0,7.0,11.0,7.0,-0.2,1.0,489.1277826434645,16230000.0,6880000.0,2.359011627906977
Maritzburg United,Chippa United,2.0,1.0,FINISHED,2022-08-20,1376403,Matchday 4,2022-2023,1376403,H,3.0,5.0,11.0,12.0,-1.2,-0.4,444.41902552001244,,5180000.0,
Golden Arrows,TS Galaxy,0.0,0.0,FINISHED,2022-08-20,1376391,Matchday 4,2022-2023,1376391,D,5.0,11.0,10.0,19.0,-0.4,0.8,501.2492909934793,6830000.0,3680000.0,1.8559782608695652
Sekhukhune United,Mamelodi Sundowns,1.0,1.0,FINISHED,2022-08-20,1376390,Matchday 4,2022-2023,1376390,D,5.0,9.0,7.0,20.0,-0.2,0.6,239.01816026096265,9700000.0,40400000.0,0.2400990099009901
Royal AM,Marumo Gallants,2.0,2.0,FINISHED,2022-08-21,1376431,Matchday 4,2022-2023,1376431,D,7.0,5.0,10.0,8.0,0.0,0.0,456.58950795785546,,2930000.0,
Siwelele,Orlando Pirates,0.0,0.0,FINISHED,2022-08-21,1376327,Matchday 4,2022-2023,1376327,D,4.0,7.0,11.0,13.0,-0.6,-0.2,367.02395017310073,5250000.0,22330000.0,0.23510971786833856
Cape Town City,Kaizer Chiefs,2.0,0.0,FINISHED,2022-08-23,1376444,Matchday 5,2022-2023,1376444,H,2.0,7.0,10.0,14.0,-0.8,-0.2,1253.9829474188039,,16230000.0,
Swallows FC,Sekhukhune United,2.0,1.0,FINISHED,2022-08-23,1376443,Matchday 5,2022-2023,1376443,H,5.0,6.0,11.0,8.0,-0.2,0.0,302.63946401845453,,9700000.0,
AmaZulu,Golden Arrows,0.0,1.0,FINISHED,2022-08-24,1376441,Matchday 5,2022-2023,1376441,A,10.0,5.0,19.0,11.0,0.4,-0.4,20.109034086532077,10880000.0,6830000.0,1.5929721815519766
Orlando Pirates,Marumo Gallants,1.0,0.0,FINISHED,2022-08-24,1376439,Matchday 5,2022-2023,1376439,H,8.0,5.0,13.0,9.0,0.2,0.0,367.02395017310073,22330000.0,2930000.0,7.621160409556314
Royal AM,Maritzburg United,1.0,0.0,FINISHED,2022-08-24,1376437,Matchday 5,2022-2023,1376437,H,7.0,6.0,10.0,14.0,0.0,-0.4,57.590665404614626,,,
Mamelodi Sundowns,Stellenbosch,3.0,0.0,FINISHED,2022-08-24,1376442,Matchday 5,2022-2023,1376442,H,10.0,9.0,18.0,17.0,1.2,0.6,1280.0575148753778,40400000.0,6080000.0,6.644736842105263
Richards Bay,Siwelele,0.0,1.0,FINISHED,2022-08-24,1376438,Matchday 5,2022-2023,1376438,A,7.0,5.0,7.0,11.0,0.5,-0.2,568.4884950647302,6880000.0,5250000.0,1.3104761904761906
Chippa United,TS Galaxy,0.0,0.0,FINISHED,2022-08-24,1376440,Matchday 5,2022-2023,1376440,D,4.0,11.0,11.0,19.0,-0.6,0.8,888.662992481296,5180000.0,3680000.0,1.4076086956521738
Siwelele,Mamelodi Sundowns,2.0,1.0,FINISHED,2022-09-02,1376436,Matchday 6,2022-2023,1376436,H,5.0,10.0,11.0,18.0,-0.4,1.6,428.0130608722853,5250000.0,40400000.0,0.12995049504950495
Sekhukhune United,Royal AM,1.0,2.0,FINISHED,2022-09-03,1376432,Matchday 6,2022-2023,1376432,A,5.0,7.0,8.0,12.0,-0.2,0.0,680.0544179606063,9700000.0,,
TS Galaxy,Cape Town City,0.0,1.0,FINISHED,2022-09-03,1376386,Matchday 6,2022-2023,1376386,A,9.0,5.0,17.0,10.0,0.6,0.0,1528.712355504249,3680000.0,,
Kaizer Chiefs,AmaZulu,0.0,0.0,FINISHED,2022-09-03,1376415,Matchday 6,2022-2023,1376415,D,6.0,10.0,14.0,16.0,-0.6,0.4,499.21680619064676,16230000.0,10880000.0,1.4917279411764706
Stellenbosch,Richards Bay,1.0,2.0,FINISHED,2022-09-03,1376434,Matchday 6,2022-2023,1376434,A,6.0,7.0,17.0,7.0,-0.2,0.2,1377.396602947712,6080000.0,6880000.0,0.8837209302325582
Golden Arrows,Chippa United,3.0,2.0,FINISHED,2022-09-03,1376435,Matchday 6,2022-2023,1376435,H,5.0,5.0,13.0,9.0,-0.4,-0.4,441.1636950664042,6830000.0,5180000.0,1.3185328185328185
Marumo Gallants,Swallows FC,1.0,1.0,FINISHED,2022-09-04,1376430,Matchday 6,2022-2023,1376430,D,4.0,7.0,8.0,13.0,-0.2,0.0,364.9662233067797,2930000.0,,
Maritzburg United,Orlando Pirates,1.0,0.0,FINISHED,2022-09-04,1376429,Matchday 6,2022-2023,1376429,H,5.0,8.0,13.0,15.0,-0.6,0.2,447.4634267755237,,22330000.0,
Royal AM,Richards Bay,0.0,1.0,FINISHED,2022-09-06,1376421,Matchday 7,2022-2023,1376421,A,7.0,7.0,15.0,10.0,-0.2,0.0,172.9234678429387,,6880000.0,
Cape Town City,Sekhukhune United,0.0,0.0,FINISHED,2022-09-06,1376424,Matchday 7,2022-2023,1376424,D,8.0,4.0,12.0,7.0,0.4,-0.4,1543.6679540867367,,9700000.0,
Chippa United,Mamelodi Sundowns,0.0,1.0,FINISHED,2022-09-07,1376351,Matchday 9,2022-2023,1376351,A,4.0,7.0,8.0,17.0,-0.6,1.0,807.1414964025447,5180000.0,40400000.0,0.12821782178217822
Maritzburg United,Siwelele,1.0,2.0,FINISHED,2022-09-09,1376428,Matchday 7,2022-2023,1376428,A,8.0,7.0,13.0,13.0,0.2,-0.2,405.2090684317437,,5250000.0,
Orlando Pirates,TS Galaxy,2.0,0.0,FINISHED,2022-09-10,1376425,Matchday 7,2022-2023,1376425,H,7.0,8.0,15.0,16.0,0.0,0.4,312.8377902530316,22330000.0,3680000.0,6.067934782608695
Swallows FC,Stellenbosch,1.0,2.0,FINISHED,2022-09-10,1376426,Matchday 7,2022-2023,1376426,A,8.0,5.0,11.0,14.0,0.2,-0.4,1217.1029445092097,,6080000.0,
AmaZulu,Chippa United,1.0,2.0,FINISHED,2022-09-10,1376427,Matchday 7,2022-2023,1376427,A,10.0,4.0,16.0,7.0,0.4,-0.4,461.27259629164047,10880000.0,5180000.0,2.1003861003861
Mamelodi Sundowns,Golden Arrows,2.0,1.0,FINISHED,2022-09-10,1376423,Matchday 7,2022-2023,1376423,H,10.0,8.0,17.0,13.0,1.4,0.2,537.6085491295763,40400000.0,6830000.0,5.915080527086384
Marumo Gallants,Kaizer Chiefs,1.0,1.0,FINISHED,2022-09-11,1376422,Matchday 7,2022-2023,1376422,D,4.0,7.0,8.0,15.0,-0.2,-0.4,369.4351841819827,2930000.0,16230000.0,0.18052988293284042
Chippa United,Marumo Gallants,1.0,0.0,FINISHED,2022-09-17,1376419,Matchday 8,2022-2023,1376419,H,4.0,4.0,9.0,9.0,-0.4,-0.2,454.90581570858905,5180000.0,2930000.0,1.7679180887372015
Golden Arrows,Swallows FC,4.0,0.0,FINISHED,2022-09-17,1376418,Matchday 8,2022-2023,1376418,H,8.0,5.0,13.0,11.0,0.2,-0.2,511.70852376551466,6830000.0,,
Sekhukhune United,Stellenbosch,1.0,1.0,FINISHED,2022-09-17,1376341,Matchday 8,2022-2023,1376341,D,2.0,7.0,8.0,16.0,-0.6,-0.2,1515.6973046794312,9700000.0,6080000.0,1.5953947368421053
Kaizer Chiefs,Siwelele,2.0,1.0,FINISHED,2022-09-17,1376388,Matchday 8,2022-2023,1376388,H,5.0,10.0,13.0,15.0,-1.0,0.2,369.4351841819827,16230000.0,5250000.0,3.0914285714285716
Mamelodi Sundowns,AmaZulu,1.0,0.0,FINISHED,2022-09-18,1376433,Matchday 8,2022-2023,1376433,H,10.0,7.0,19.0,13.0,0.8,0.0,530.738182466435,40400000.0,10880000.0,3.713235294117647
Richards Bay,TS Galaxy,0.0,0.0,FINISHED,2022-09-18,1376353,Matchday 8,2022-2023,1376353,D,9.0,5.0,13.0,13.0,0.2,-0.2,381.57695986500306,6880000.0,3680000.0,1.8695652173913044
Stellenbosch,Maritzburg United,3.0,0.0,FINISHED,2022-10-04,1376349,Matchday 9,2022-2023,1376349,H,5.0,7.0,16.0,12.0,-0.6,0.0,1188.6435264992765,6080000.0,,
Sekhukhune United,Orlando Pirates,2.0,0.0,FINISHED,2022-10-04,1376352,Matchday 9,2022-2023,1376352,H,3.0,10.0,8.0,15.0,-0.4,0.6,300.02049415232636,9700000.0,22330000.0,0.4343931930138827
TS Galaxy,Marumo Gallants,0.0,1.0,FINISHED,2022-10-04,1376347,Matchday 9,2022-2023,1376347,A,3.0,3.0,14.0,8.0,-0.6,-0.4,620.8932044419288,3680000.0,2930000.0,1.2559726962457338
Golden Arrows,Cape Town City,1.0,1.0,FINISHED,2022-10-04,1376350,Matchday 9,2022-2023,1376350,D,10.0,9.0,15.0,10.0,1.0,0.6,1255.9775933974524,6830000.0,,
Siwelele,Royal AM,3.0,1.0,FINISHED,2022-10-04,1376348,Matchday 9,2022-2023,1376348,H,10.0,7.0,14.0,14.0,0.4,0.0,456.58950795785546,5250000.0,,
AmaZulu,Richards Bay,0.0,1.0,FINISHED,2022-10-05,1376346,Matchday 9,2022-2023,1376346,A,4.0,7.0,12.0,14.0,-0.4,0.0,156.37380129368893,10880000.0,6880000.0,1.5813953488372092
Swallows FC,Kaizer Chiefs,1.0,2.0,FINISHED,2022-10-05,1376345,Matchday 9,2022-2023,1376345,A,4.0,8.0,10.0,15.0,-1.0,0.0,11.86480394702673,,16230000.0,
Siwelele,Sekhukhune United,3.0,1.0,FINISHED,2022-10-07,1376344,Matchday 10,2022-2023,1376344,H,12.0,5.0,17.0,11.0,0.8,0.0,666.410273920029,5250000.0,9700000.0,0.5412371134020618
TS Galaxy,Swallows FC,0.0,0.0,FINISHED,2022-10-08,1376338,Matchday 10,2022-2023,1376338,D,2.0,4.0,13.0,9.0,-0.8,-1.0,318.34667513138703,3680000.0,,
Orlando Pirates,Richards Bay,0.0,0.0,FINISHED,2022-10-08,1376342,Matchday 10,2022-2023,1376342,D,7.0,10.0,14.0,17.0,0.0,0.4,494.1785726193095,22330000.0,6880000.0,3.245639534883721
Stellenbosch,Kaizer Chiefs,1.0,3.0,FINISHED,2022-10-09,1376339,Matchday 10,2022-2023,1376339,A,7.0,8.0,16.0,15.0,0.0,0.0,1224.541902196886,6080000.0,16230000.0,0.37461491065927294
Golden Arrows,Stellenbosch,1.0,1.0,FINISHED,2022-10-14,1376335,Matchday 11,2022-2023,1376335,D,10.0,7.0,15.0,13.0,1.0,0.2,1216.5174700019006,6830000.0,6080000.0,1.1233552631578947
Orlando Pirates,AmaZulu,1.0,1.0,FINISHED,2022-10-14,1376336,Matchday 11,2022-2023,1376336,D,7.0,1.0,15.0,11.0,0.0,-0.8,503.02317226140366,22330000.0,10880000.0,2.052389705882353
Richards Bay,Maritzburg United,0.0,0.0,FINISHED,2022-10-15,1376334,Matchday 11,2022-2023,1376334,D,11.0,6.0,18.0,9.0,0.6,-0.6,189.0953498475102,6880000.0,,
Kaizer Chiefs,Chippa United,1.0,2.0,FINISHED,2022-10-15,1376333,Matchday 11,2022-2023,1376333,A,11.0,7.0,17.0,11.0,0.8,0.0,753.05841286102,16230000.0,5180000.0,3.1332046332046333
Chippa United,Sekhukhune United,1.0,0.0,FINISHED,2022-10-18,1376328,Matchday 12,2022-2023,1376328,H,9.0,5.0,14.0,10.0,0.2,-0.2,1021.3060443774077,5180000.0,9700000.0,0.534020618556701
Stellenbosch,Siwelele,0.0,2.0,FINISHED,2022-10-18,1376371,Matchday 12,2022-2023,1376371,A,8.0,12.0,13.0,17.0,0.4,1.0,875.4385978904638,6080000.0,5250000.0,1.158095238095238
Golden Arrows,Orlando Pirates,0.0,2.0,FINISHED,2022-10-18,1376343,Matchday 12,2022-2023,1376343,A,8.0,5.0,13.0,13.0,0.8,-0.2,507.8973058318857,6830000.0,22330000.0,0.3058665472458576
Kaizer Chiefs,TS Galaxy,2.0,2.0,FINISHED,2022-10-19,1376383,Matchday 12,2022-2023,1376383,D,10.0,2.0,17.0,11.0,0.6,-0.8,307.1715110310044,16230000.0,3680000.0,4.4103260869565215
Swallows FC,Royal AM,2.0,0.0,FINISHED,2022-10-19,1376381,Matchday 12,2022-2023,1376381,H,2.0,7.0,9.0,14.0,-1.2,-0.2,505.1230639312536,,,
AmaZulu,Maritzburg United,1.0,1.0,FINISHED,2022-10-19,1376385,Matchday 12,2022-2023,1376385,D,2.0,4.0,12.0,10.0,-0.6,-0.8,66.67120933275717,10880000.0,,
Richards Bay,Cape Town City,1.0,0.0,FINISHED,2022-10-19,1376382,Matchday 12,2022-2023,1376382,H,9.0,9.0,16.0,10.0,0.4,0.6,1415.8509158453583,6880000.0,,
Mamelodi Sundowns,Marumo Gallants,1.0,0.0,FINISHED,2022-10-19,1376384,Matchday 12,2022-2023,1376384,H,12.0,5.0,22.0,10.0,1.0,-0.2,428.0130608722853,40400000.0,2930000.0,13.788395904436861
Maritzburg United,Mamelodi Sundowns,0.0,5.0,FINISHED,2022-10-25,1376340,Matchday 10,2022-2023,1376340,A,5.0,12.0,10.0,22.0,-0.6,0.6,479.5155820947601,,40400000.0,
Cape Town City,Chippa United,2.0,1.0,FINISHED,2022-10-25,1376337,Matchday 10,2022-2023,1376337,H,8.0,12.0,10.0,16.0,0.4,0.6,886.1355341470515,,5180000.0,
Royal AM,Golden Arrows,3.0,1.0,FINISHED,2022-10-25,1376357,Matchday 10,2022-2023,1376357,H,6.0,5.0,13.0,13.0,-0.6,0.2,6.925397570849175,,6830000.0,
Marumo Gallants,AmaZulu,0.0,0.0,FINISHED,2022-10-26,1376356,Matchday 10,2022-2023,1376356,D,5.0,2.0,9.0,12.0,-0.2,-0.6,469.9550370235814,2930000.0,10880000.0,0.2693014705882353
Maritzburg United,Golden Arrows,0.0,2.0,FINISHED,2022-10-28,1376380,Matchday 13,2022-2023,1376380,A,2.0,5.0,10.0,13.0,-1.8,0.0,63.24186922409978,,6830000.0,
Orlando Pirates,Kaizer Chiefs,0.0,1.0,FINISHED,2022-10-29,1376379,Matchday 13,2022-2023,1376379,A,8.0,10.0,15.0,15.0,0.4,0.6,5.978268699146683,22330000.0,16230000.0,1.3758471965495995
Marumo Gallants,Cape Town City,2.0,1.0,FINISHED,2022-10-29,1376378,Matchday 13,2022-2023,1376378,H,5.0,8.0,9.0,13.0,-0.2,0.2,908.4018379382446,2930000.0,,
Royal AM,Mamelodi Sundowns,0.0,3.0,FINISHED,2022-10-29,1376377,Matchday 13,2022-2023,1376377,A,6.0,15.0,13.0,22.0,-0.4,1.8,530.8250357544052,,40400000.0,
Chippa United,Richards Bay,3.0,3.0,FINISHED,2022-10-30,1376375,Matchday 13,2022-2023,1376375,D,12.0,9.0,16.0,18.0,0.6,0.4,617.6414829288439,5180000.0,6880000.0,0.752906976744186
AmaZulu,Stellenbosch,1.0,0.0,FINISHED,2022-10-30,1376376,Matchday 13,2022-2023,1376376,H,3.0,5.0,10.0,12.0,-0.4,-0.2,1234.5377123884953,10880000.0,6080000.0,1.7894736842105263
TS Galaxy,Sekhukhune United,1.0,1.0,FINISHED,2022-10-30,1376374,Matchday 13,2022-2023,1376374,D,3.0,5.0,11.0,9.0,-0.6,-0.2,225.8571765261528,3680000.0,9700000.0,0.37938144329896906
Siwelele,Swallows FC,1.0,1.0,FINISHED,2022-10-30,1376355,Matchday 13,2022-2023,1376355,D,12.0,4.0,19.0,12.0,1.2,-0.8,364.9662233067797,5250000.0,,
Stellenbosch,Chippa United,1.0,1.0,FINISHED,2022-12-30,1376369,Matchday 14,2022-2023,1376369,D,4.0,10.0,9.0,14.0,-0.4,0.4,843.8903781142693,6080000.0,5180000.0,1.1737451737451738
Maritzburg United,TS Galaxy,1.0,2.0,FINISHED,2022-12-30,1376447,Matchday 14,2022-2023,1376447,A,2.0,4.0,9.0,9.0,-2.0,-0.2,465.17582843530124,,3680000.0,
Siwelele,Marumo Gallants,1.0,0.0,FINISHED,2022-12-30,1376372,Matchday 14,2022-2023,1376372,H,10.0,7.0,20.0,11.0,1.0,0.0,0.0,5250000.0,2930000.0,1.7918088737201365
Mamelodi Sundowns,Orlando Pirates,2.0,0.0,FINISHED,2022-12-30,1376367,Matchday 14,2022-2023,1376367,H,15.0,5.0,25.0,15.0,2.2,-0.2,61.05551098911179,40400000.0,22330000.0,1.8092252575011196
Cape Town City,Royal AM,2.0,1.0,FINISHED,2022-12-30,1376366,Matchday 14,2022-2023,1376366,H,5.0,3.0,13.0,10.0,-0.2,-1.2,1256.623529163144,,,
Golden Arrows,Kaizer Chiefs,0.0,2.0,FINISHED,2022-12-31,1376368,Matchday 14,2022-2023,1376368,A,5.0,10.0,15.0,18.0,-0.4,0.6,504.272327791487,6830000.0,16230000.0,0.4208256315465188
Sekhukhune United,AmaZulu,0.0,0.0,FINISHED,2022-12-31,1376365,Matchday 14,2022-2023,1376365,D,5.0,6.0,7.0,10.0,-0.2,0.0,674.5546298160202,9700000.0,10880000.0,0.8915441176470589
Richards Bay,Swallows FC,1.0,0.0,FINISHED,2022-12-31,1376370,Matchday 14,2022-2023,1376370,H,9.0,5.0,16.0,10.0,0.4,-0.6,499.30381724432266,6880000.0,,
Cape Town City,Siwelele,0.0,1.0,FINISHED,2023-01-03,1376332,Matchday 11,2022-2023,1376332,A,7.0,13.0,16.0,23.0,0.0,1.4,908.4018379382446,,5250000.0,
Royal AM,TS Galaxy,0.0,0.0,FINISHED,2023-01-03,1376330,Matchday 11,2022-2023,1376330,D,3.0,6.0,10.0,9.0,-1.2,0.0,494.69623894305175,,3680000.0,
Mamelodi Sundowns,Swallows FC,2.0,0.0,FINISHED,2023-01-03,1376329,Matchday 11,2022-2023,1376329,H,15.0,5.0,25.0,9.0,2.4,0.0,63.657616911651566,40400000.0,,
Sekhukhune United,Marumo Gallants,3.0,2.0,FINISHED,2023-01-03,1376331,Matchday 11,2022-2023,1376331,H,5.0,7.0,8.0,10.0,-0.2,0.0,666.410273920029,9700000.0,2930000.0,3.310580204778157
Swallows FC,Chippa United,2.0,0.0,FINISHED,2023-01-06,1376364,Matchday 15,2022-2023,1376364,H,5.0,8.0,9.0,15.0,-0.2,0.2,753.9476134361341,,5180000.0,
Richards Bay,Mamelodi Sundowns,0.0,2.0,FINISHED,2023-01-06,1376363,Matchday 15,2022-2023,1376363,A,9.0,15.0,19.0,27.0,0.4,2.6,504.13032975002403,6880000.0,40400000.0,0.1702970297029703
Marumo Gallants,Maritzburg United,0.0,1.0,FINISHED,2023-01-07,1376361,Matchday 15,2022-2023,1376361,A,4.0,2.0,9.0,8.0,-0.4,-1.6,405.2090684317437,2930000.0,,
Golden Arrows,Siwelele,2.0,1.0,FINISHED,2023-01-07,1376362,Matchday 15,2022-2023,1376362,H,4.0,13.0,14.0,25.0,-0.8,1.2,459.8354704753759,6830000.0,5250000.0,1.3009523809523809
Cape Town City,Orlando Pirates,2.0,1.0,FINISHED,2023-01-07,1376360,Matchday 15,2022-2023,1376360,H,6.0,5.0,15.0,12.0,-0.2,-0.2,1250.0122779478036,,22330000.0,
Kaizer Chiefs,Sekhukhune United,0.0,1.0,FINISHED,2023-01-07,1376359,Matchday 15,2022-2023,1376359,A,10.0,5.0,18.0,10.0,0.8,-0.4,297.22531271282986,16230000.0,9700000.0,1.6731958762886598
TS Galaxy,Stellenbosch,0.0,0.0,FINISHED,2023-01-08,1376373,Matchday 15,2022-2023,1376373,D,7.0,2.0,9.0,9.0,0.2,-1.0,1496.21522813951,3680000.0,6080000.0,0.6052631578947368
Royal AM,AmaZulu,2.0,0.0,FINISHED,2023-01-08,1376358,Matchday 15,2022-2023,1376358,H,4.0,7.0,11.0,8.0,-0.8,0.2,17.3943183164239,,10880000.0,
Mamelodi Sundowns,Chippa United,2.0,1.0,FINISHED,2023-01-10,1376563,Matchday 20,2022-2023,1376563,H,15.0,5.0,27.0,14.0,2.8,-0.4,807.1414964025447,40400000.0,5180000.0,7.7992277992278
Stellenbosch,Marumo Gallants,1.0,1.0,FINISHED,2023-01-11,1376562,Matchday 20,2022-2023,1376562,D,3.0,4.0,10.0,9.0,-0.6,-0.4,875.4385978904638,6080000.0,2930000.0,2.0750853242320817
AmaZulu,Kaizer Chiefs,4.0,0.0,FINISHED,2023-01-13,1376521,Matchday 16,2022-2023,1376521,H,6.0,7.0,8.0,18.0,-0.2,0.2,499.21680619064676,10880000.0,16230000.0,0.6703635243376463
Marumo Gallants,Richards Bay,0.0,2.0,FINISHED,2023-01-14,1376507,Matchday 16,2022-2023,1376507,A,4.0,8.0,9.0,19.0,-0.4,0.0,568.4884950647302,2930000.0,6880000.0,0.4258720930232558
Orlando Pirates,Golden Arrows,3.0,1.0,FINISHED,2023-01-14,1376534,Matchday 16,2022-2023,1376534,H,4.0,6.0,11.0,14.0,-0.4,-0.6,507.8973058318857,22330000.0,6830000.0,3.269399707174231
Stellenbosch,Sekhukhune United,0.0,1.0,FINISHED,2023-01-14,1376532,Matchday 16,2022-2023,1376532,A,3.0,8.0,11.0,13.0,-0.6,0.2,1515.6973046794312,6080000.0,9700000.0,0.6268041237113402
Chippa United,Cape Town City,1.0,1.0,FINISHED,2023-01-14,1376533,Matchday 16,2022-2023,1376533,D,2.0,9.0,14.0,17.0,-0.8,0.2,886.1355341470515,5180000.0,,
Maritzburg United,Royal AM,3.0,1.0,FINISHED,2023-01-15,1376529,Matchday 16,2022-2023,1376529,H,4.0,7.0,8.0,13.0,-1.4,0.0,57.590665404614626,,,
Swallows FC,TS Galaxy,0.0,0.0,FINISHED,2023-01-15,1376530,Matchday 16,2022-2023,1376530,D,7.0,7.0,9.0,9.0,0.2,0.2,318.34667513138703,,3680000.0,
Mamelodi Sundowns,Siwelele,1.0,0.0,FINISHED,2023-01-16,1376531,Matchday 16,2022-2023,1376531,H,15.0,10.0,30.0,22.0,2.0,0.6,428.0130608722853,40400000.0,5250000.0,7.695238095238095
Sekhukhune United,Swallows FC,1.0,0.0,FINISHED,2023-01-20,1376528,Matchday 17,2022-2023,1376528,H,11.0,5.0,16.0,9.0,0.6,-0.2,302.63946401845453,9700000.0,,
Cape Town City,TS Galaxy,1.0,0.0,FINISHED,2023-01-20,1376525,Matchday 17,2022-2023,1376525,H,7.0,7.0,15.0,10.0,0.0,0.2,1528.712355504249,,3680000.0,
Royal AM,Chippa United,1.0,1.0,FINISHED,2023-01-21,1376527,Matchday 17,2022-2023,1376527,D,4.0,3.0,10.0,15.0,-0.8,-0.6,444.9043999405845,,5180000.0,
Golden Arrows,Maritzburg United,0.0,1.0,FINISHED,2023-01-21,1376526,Matchday 17,2022-2023,1376526,A,6.0,6.0,11.0,11.0,-0.6,-1.0,63.24186922409978,6830000.0,,
AmaZulu,Marumo Gallants,1.0,1.0,FINISHED,2023-01-21,1376524,Matchday 17,2022-2023,1376524,D,8.0,1.0,10.0,8.0,0.6,-1.0,469.9550370235814,10880000.0,2930000.0,3.7133105802047783
Kaizer Chiefs,Mamelodi Sundowns,0.0,1.0,FINISHED,2023-01-21,1376536,Matchday 17,2022-2023,1376536,A,7.0,15.0,17.0,30.0,-0.4,1.6,58.65727490670219,16230000.0,40400000.0,0.40173267326732676
Orlando Pirates,Stellenbosch,4.0,1.0,FINISHED,2023-01-22,1376522,Matchday 17,2022-2023,1376522,H,6.0,3.0,11.0,8.0,0.0,-0.4,1220.6858842275062,22330000.0,6080000.0,3.6726973684210527
Siwelele,Richards Bay,1.0,1.0,FINISHED,2023-01-22,1376537,Matchday 17,2022-2023,1376537,D,7.0,10.0,19.0,19.0,0.0,0.4,568.4884950647302,5250000.0,6880000.0,0.7630813953488372
TS Galaxy,Mamelodi Sundowns,1.0,2.0,FINISHED,2023-01-24,1376549,Matchday 21,2022-2023,1376549,A,6.0,15.0,10.0,30.0,0.0,1.4,273.38745252065416,3680000.0,40400000.0,0.09108910891089109
Golden Arrows,Marumo Gallants,3.0,2.0,FINISHED,2023-01-25,1376550,Matchday 21,2022-2023,1376550,H,6.0,2.0,11.0,9.0,-0.4,-0.8,459.8354704753759,6830000.0,2930000.0,2.3310580204778155
Stellenbosch,Cape Town City,3.0,2.0,FINISHED,2023-01-27,1376520,Matchday 18,2022-2023,1376520,H,3.0,10.0,7.0,15.0,-0.8,0.4,42.85210673528772,6080000.0,,
Marumo Gallants,Orlando Pirates,0.0,2.0,FINISHED,2023-01-28,1376517,Matchday 18,2022-2023,1376517,A,2.0,6.0,6.0,14.0,-0.8,0.2,367.02395017310073,2930000.0,22330000.0,0.13121361397223466
Swallows FC,Siwelele,0.0,0.0,FINISHED,2023-01-28,1376518,Matchday 18,2022-2023,1376518,D,4.0,7.0,9.0,17.0,-0.4,0.0,364.9662233067797,,5250000.0,
Mamelodi Sundowns,Sekhukhune United,2.0,0.0,FINISHED,2023-01-28,1376519,Matchday 18,2022-2023,1376519,H,15.0,13.0,30.0,18.0,1.2,0.8,239.01816026096265,40400000.0,9700000.0,4.164948453608248
Kaizer Chiefs,Royal AM,2.0,0.0,FINISHED,2023-01-29,1376514,Matchday 18,2022-2023,1376514,H,6.0,5.0,16.0,8.0,-0.6,-0.2,497.6487365037908,16230000.0,,
Richards Bay,AmaZulu,1.0,1.0,FINISHED,2023-01-29,1376516,Matchday 18,2022-2023,1376516,D,8.0,8.0,17.0,11.0,0.2,0.6,156.37380129368893,6880000.0,10880000.0,0.6323529411764706
Chippa United,Maritzburg United,1.0,0.0,FINISHED,2023-01-29,1376515,Matchday 18,2022-2023,1376515,H,3.0,9.0,13.0,11.0,-0.6,0.2,444.41902552001244,5180000.0,,
TS Galaxy,Golden Arrows,4.0,0.0,FINISHED,2023-01-29,1376513,Matchday 18,2022-2023,1376513,H,3.0,6.0,9.0,11.0,-0.4,-0.6,501.2492909934793,3680000.0,6830000.0,0.5387994143484627
Swallows FC,Richards Bay,1.0,0.0,FINISHED,2023-02-03,1376551,Matchday 19,2022-2023,1376551,H,5.0,8.0,10.0,17.0,-0.2,0.2,499.30381724432266,,6880000.0,
Maritzburg United,AmaZulu,1.0,1.0,FINISHED,2023-02-03,1376512,Matchday 19,2022-2023,1376512,D,9.0,6.0,11.0,12.0,0.4,0.4,66.67120933275717,,10880000.0,
Orlando Pirates,Mamelodi Sundowns,0.0,1.0,FINISHED,2023-02-04,1376509,Matchday 19,2022-2023,1376509,A,9.0,15.0,14.0,30.0,0.8,1.2,61.05551098911179,22330000.0,40400000.0,0.5527227722772278
Chippa United,Stellenbosch,1.0,2.0,FINISHED,2023-02-04,1376511,Matchday 19,2022-2023,1376511,A,5.0,5.0,13.0,7.0,-0.4,-0.6,843.8903781142693,5180000.0,6080000.0,0.8519736842105263
Siwelele,Cape Town City,2.0,0.0,FINISHED,2023-02-04,1376445,Matchday 19,2022-2023,1376445,H,5.0,7.0,18.0,14.0,-0.2,0.0,908.4018379382446,5250000.0,,
Marumo Gallants,Sekhukhune United,2.0,0.0,FINISHED,2023-02-04,1376523,Matchday 19,2022-2023,1376523,H,2.0,12.0,6.0,17.0,-1.0,0.4,666.410273920029,2930000.0,9700000.0,0.3020618556701031
Golden Arrows,Royal AM,1.0,2.0,FINISHED,2023-02-04,1376510,Matchday 19,2022-2023,1376510,A,6.0,5.0,10.0,8.0,-1.0,-0.4,6.925397570849175,6830000.0,,
TS Galaxy,Kaizer Chiefs,0.0,0.0,FINISHED,2023-02-05,1376565,Matchday 19,2022-2023,1376565,D,5.0,6.0,12.0,16.0,0.4,-0.4,307.1715110310044,3680000.0,16230000.0,0.22674060382008626
Orlando Pirates,Maritzburg United,2.0,1.0,FINISHED,2023-02-17,1376564,Matchday 20,2022-2023,1376564,H,9.0,10.0,14.0,12.0,1.0,0.6,447.4634267755237,22330000.0,,
AmaZulu,TS Galaxy,1.0,2.0,FINISHED,2023-02-18,1376559,Matchday 20,2022-2023,1376559,A,6.0,5.0,13.0,12.0,0.4,0.4,485.7237565219576,10880000.0,3680000.0,2.9565217391304346
Royal AM,Siwelele,1.0,1.0,FINISHED,2023-02-18,1376558,Matchday 20,2022-2023,1376558,D,7.0,5.0,11.0,18.0,-0.2,0.0,456.58950795785546,,5250000.0,
Sekhukhune United,Richards Bay,2.0,0.0,FINISHED,2023-02-18,1376560,Matchday 20,2022-2023,1376560,H,9.0,5.0,14.0,14.0,-0.2,-0.2,594.6220991882807,9700000.0,6880000.0,1.4098837209302326
Kaizer Chiefs,Golden Arrows,2.0,3.0,FINISHED,2023-02-19,1376561,Matchday 20,2022-2023,1376561,A,4.0,3.0,14.0,9.0,-0.8,-1.4,504.272327791487,16230000.0,6830000.0,2.376281112737921
Cape Town City,Swallows FC,2.0,0.0,FINISHED,2023-02-19,1376557,Matchday 20,2022-2023,1376557,H,7.0,8.0,13.0,13.0,-0.2,0.4,1246.3111609025605,,,
Siwelele,Maritzburg United,2.0,0.0,FINISHED,2023-02-24,1376556,Matchday 21,2022-2023,1376556,H,6.0,7.0,16.0,11.0,0.2,0.2,405.2090684317437,5250000.0,,
Richards Bay,Stellenbosch,1.0,2.0,FINISHED,2023-02-25,1376554,Matchday 21,2022-2023,1376554,A,5.0,7.0,13.0,10.0,-0.2,-0.4,1377.396602947712,6880000.0,6080000.0,1.131578947368421
Sekhukhune United,Cape Town City,0.0,1.0,FINISHED,2023-02-25,1376535,Matchday 21,2022-2023,1376535,A,9.0,7.0,17.0,16.0,0.0,0.0,1543.6679540867367,9700000.0,,
AmaZulu,Royal AM,1.0,1.0,FINISHED,2023-02-25,1376552,Matchday 21,2022-2023,1376552,D,6.0,5.0,12.0,12.0,0.6,-0.6,17.3943183164239,10880000.0,,
Kaizer Chiefs,Orlando Pirates,1.0,0.0,FINISHED,2023-02-25,1376555,Matchday 21,2022-2023,1376555,H,4.0,12.0,11.0,16.0,-0.8,1.4,5.978268699146683,16230000.0,22330000.0,0.7268248992386923
Chippa United,Swallows FC,1.0,2.0,FINISHED,2023-02-26,1376506,Matchday 21,2022-2023,1376506,A,5.0,5.0,10.0,12.0,-0.2,-0.4,753.9476134361341,5180000.0,,
Swallows FC,Orlando Pirates,1.0,4.0,FINISHED,2023-03-03,1376548,Matchday 22,2022-2023,1376548,A,7.0,9.0,12.0,15.0,-0.2,0.8,5.889312937022606,,22330000.0,
Richards Bay,Kaizer Chiefs,0.0,1.0,FINISHED,2023-03-04,1376546,Matchday 22,2022-2023,1376546,A,2.0,7.0,12.0,14.0,-0.8,0.2,489.1277826434645,6880000.0,16230000.0,0.4239063462723352
Royal AM,Sekhukhune United,2.0,0.0,FINISHED,2023-03-04,1376545,Matchday 22,2022-2023,1376545,H,6.0,6.0,10.0,17.0,-0.2,-0.4,680.0544179606063,,9700000.0,
Maritzburg United,Cape Town City,1.0,2.0,FINISHED,2023-03-04,1376543,Matchday 22,2022-2023,1376543,A,4.0,9.0,10.0,16.0,-0.6,0.2,1227.2827707671945,,,
Chippa United,AmaZulu,0.0,2.0,FINISHED,2023-03-05,1376542,Matchday 22,2022-2023,1376542,A,5.0,4.0,7.0,12.0,-0.2,-0.2,461.27259629164047,5180000.0,10880000.0,0.47610294117647056
Stellenbosch,Mamelodi Sundowns,1.0,1.0,FINISHED,2023-03-05,1376544,Matchday 22,2022-2023,1376544,D,9.0,15.0,12.0,30.0,-0.2,1.2,1280.0575148753778,6080000.0,40400000.0,0.1504950495049505
Siwelele,Golden Arrows,2.0,1.0,FINISHED,2023-03-05,1376541,Matchday 22,2022-2023,1376541,H,9.0,6.0,16.0,12.0,0.8,-0.8,459.8354704753759,5250000.0,6830000.0,0.7686676427525623
Marumo Gallants,TS Galaxy,0.0,0.0,FINISHED,2023-03-05,1376547,Matchday 22,2022-2023,1376547,D,4.0,7.0,8.0,14.0,-0.6,0.6,620.8932044419288,2930000.0,3680000.0,0.7961956521739131
Cape Town City,Marumo Gallants,2.0,2.0,FINISHED,2023-03-14,1376473,Matchday 23,2022-2023,1376473,D,9.0,5.0,19.0,6.0,0.2,-0.2,908.4018379382446,,2930000.0,
Mamelodi Sundowns,Royal AM,5.0,1.0,FINISHED,2023-03-14,1376539,Matchday 23,2022-2023,1376539,H,13.0,8.0,28.0,13.0,1.0,0.2,530.8250357544052,40400000.0,,
Stellenbosch,AmaZulu,2.0,0.0,FINISHED,2023-03-17,1376553,Matchday 23,2022-2023,1376553,H,10.0,6.0,13.0,14.0,0.0,0.2,1234.5377123884953,6080000.0,10880000.0,0.5588235294117647
Swallows FC,Golden Arrows,0.0,1.0,FINISHED,2023-03-17,1376540,Matchday 23,2022-2023,1376540,A,7.0,6.0,11.0,12.0,-0.6,-0.8,511.70852376551466,,6830000.0,
Sekhukhune United,Chippa United,1.0,1.0,FINISHED,2023-03-18,1376461,Matchday 23,2022-2023,1376461,D,3.0,4.0,16.0,7.0,-1.0,-0.6,1021.3060443774077,9700000.0,5180000.0,1.8725868725868726
Orlando Pirates,Siwelele,1.0,0.0,FINISHED,2023-03-18,1376538,Matchday 23,2022-2023,1376538,H,9.0,11.0,15.0,18.0,0.8,1.0,367.02395017310073,22330000.0,5250000.0,4.253333333333333
Maritzburg United,Kaizer Chiefs,2.0,3.0,FINISHED,2023-03-18,1376508,Matchday 23,2022-2023,1376508,A,1.0,10.0,10.0,16.0,-1.0,0.6,444.0310716749285,,16230000.0,
TS Galaxy,Richards Bay,4.0,0.0,FINISHED,2023-03-19,1376474,Matchday 23,2022-2023,1376474,H,8.0,1.0,14.0,9.0,0.8,-1.0,381.57695986500306,3680000.0,6880000.0,0.5348837209302325
Kaizer Chiefs,Stellenbosch,2.0,1.0,FINISHED,2023-04-01,1376469,Matchday 24,2022-2023,1376469,H,10.0,13.0,16.0,16.0,0.4,1.0,1224.541902196886,16230000.0,6080000.0,2.669407894736842
AmaZulu,Swallows FC,0.0,1.0,FINISHED,2023-04-01,1376467,Matchday 24,2022-2023,1376467,A,5.0,6.0,11.0,11.0,-0.2,-0.8,507.00453102470146,10880000.0,,
Richards Bay,Orlando Pirates,0.0,2.0,FINISHED,2023-04-01,1376470,Matchday 24,2022-2023,1376470,A,0.0,9.0,8.0,18.0,-1.8,0.6,494.1785726193095,6880000.0,22330000.0,0.3081056874160322
Chippa United,Siwelele,1.0,1.0,FINISHED,2023-04-01,1376472,Matchday 24,2022-2023,1376472,D,4.0,10.0,7.0,15.0,-0.6,0.8,454.90581570858905,5180000.0,5250000.0,0.9866666666666667
Golden Arrows,Sekhukhune United,0.0,0.0,FINISHED,2023-04-02,1376466,Matchday 24,2022-2023,1376466,D,6.0,4.0,12.0,16.0,-0.8,-0.6,686.9395752773827,6830000.0,9700000.0,0.7041237113402062
TS Galaxy,Maritzburg United,1.0,2.0,FINISHED,2023-04-02,1376465,Matchday 24,2022-2023,1376465,A,11.0,1.0,14.0,10.0,1.8,-1.0,465.17582843530124,3680000.0,,
Mamelodi Sundowns,Cape Town City,0.0,0.0,FINISHED,2023-04-04,1376468,Matchday 24,2022-2023,1376468,D,13.0,10.0,28.0,17.0,1.6,0.4,1309.0092023555278,40400000.0,,
Marumo Gallants,Royal AM,3.0,1.0,FINISHED,2023-04-05,1376471,Matchday 24,2022-2023,1376471,H,5.0,8.0,7.0,13.0,-0.2,-0.2,456.58950795785546,2930000.0,,
Siwelele,TS Galaxy,2.0,0.0,FINISHED,2023-04-07,1376464,Matchday 25,2022-2023,1376464,H,8.0,8.0,13.0,13.0,0.4,0.8,620.8932044419288,5250000.0,3680000.0,1.4266304347826086
Kaizer Chiefs,Marumo Gallants,1.0,1.0,FINISHED,2023-04-08,1376477,Matchday 25,2022-2023,1376477,D,12.0,8.0,16.0,10.0,0.6,0.4,369.4351841819827,16230000.0,2930000.0,5.539249146757679
Sekhukhune United,Maritzburg United,1.0,0.0,FINISHED,2023-04-08,1376462,Matchday 25,2022-2023,1376462,H,5.0,3.0,14.0,13.0,-0.2,-0.8,639.4815251250209,9700000.0,,
Chippa United,Orlando Pirates,0.0,2.0,FINISHED,2023-04-08,1376457,Matchday 25,2022-2023,1376457,A,2.0,12.0,7.0,21.0,-0.8,1.2,753.3552243406666,5180000.0,22330000.0,0.23197492163009403
Richards Bay,Golden Arrows,0.0,1.0,FINISHED,2023-04-08,1376476,Matchday 25,2022-2023,1376476,A,0.0,7.0,5.0,13.0,-2.0,0.0,176.48139239943563,6880000.0,6830000.0,1.007320644216691
Swallows FC,Mamelodi Sundowns,0.0,0.0,FINISHED,2023-04-09,1376459,Matchday 25,2022-2023,1376459,D,6.0,11.0,14.0,26.0,-0.8,1.4,63.657616911651566,,40400000.0,
Royal AM,Stellenbosch,3.0,1.0,FINISHED,2023-04-09,1376460,Matchday 25,2022-2023,1376460,H,5.0,10.0,12.0,15.0,-0.8,0.6,1217.2577336136833,,6080000.0,
Cape Town City,AmaZulu,2.0,2.0,FINISHED,2023-04-09,1376458,Matchday 25,2022-2023,1376458,D,11.0,4.0,18.0,10.0,0.8,-0.4,1273.874589325814,,10880000.0,
Golden Arrows,Mamelodi Sundowns,1.0,1.0,FINISHED,2023-04-12,1376455,Matchday 26,2022-2023,1376455,D,10.0,9.0,13.0,24.0,0.4,1.0,537.6085491295763,6830000.0,40400000.0,0.16905940594059407
Marumo Gallants,Chippa United,3.0,1.0,FINISHED,2023-04-12,1376452,Matchday 26,2022-2023,1376452,H,9.0,2.0,11.0,7.0,0.8,-1.0,454.90581570858905,2930000.0,5180000.0,0.5656370656370656
Marumo Gallants,Siwelele,0.0,0.0,FINISHED,2023-04-18,1376491,Matchday 27,2022-2023,1376491,D,9.0,10.0,13.0,16.0,0.8,0.8,0.0,2930000.0,5250000.0,0.5580952380952381
Maritzburg United,Richards Bay,1.0,1.0,FINISHED,2023-04-21,1376456,Matchday 26,2022-2023,1376456,D,3.0,0.0,10.0,5.0,-0.8,-1.8,189.0953498475102,,6880000.0,
Stellenbosch,Swallows FC,3.0,0.0,FINISHED,2023-04-22,1376453,Matchday 26,2022-2023,1376453,H,7.0,7.0,14.0,12.0,0.0,-0.4,1217.1029445092097,6080000.0,,
TS Galaxy,Royal AM,1.0,1.0,FINISHED,2023-04-22,1376451,Matchday 26,2022-2023,1376451,D,7.0,7.0,12.0,12.0,0.4,-0.4,494.69623894305175,3680000.0,,
Orlando Pirates,Cape Town City,2.0,1.0,FINISHED,2023-04-22,1376454,Matchday 26,2022-2023,1376454,H,12.0,9.0,24.0,16.0,1.4,0.4,1250.0122779478036,22330000.0,,
Sekhukhune United,Kaizer Chiefs,1.0,0.0,FINISHED,2023-04-23,1376450,Matchday 26,2022-2023,1376450,H,5.0,13.0,14.0,17.0,-0.4,0.8,297.22531271282986,9700000.0,16230000.0,0.5976586568083796
Siwelele,AmaZulu,2.0,1.0,FINISHED,2023-04-23,1376449,Matchday 26,2022-2023,1376449,H,8.0,5.0,17.0,11.0,0.4,-0.2,469.9550370235814,5250000.0,10880000.0,0.48253676470588236
Mamelodi Sundowns,Richards Bay,1.0,0.0,FINISHED,2023-04-25,1376504,Matchday 27,2022-2023,1376504,H,7.0,1.0,22.0,3.0,0.8,-1.6,504.13032975002403,40400000.0,6880000.0,5.872093023255814
Chippa United,Kaizer Chiefs,0.0,1.0,FINISHED,2023-04-27,1376448,Matchday 27,2022-2023,1376448,A,2.0,10.0,7.0,17.0,-1.2,0.4,753.05841286102,5180000.0,16230000.0,0.31916204559457795
Swallows FC,Maritzburg United,1.0,0.0,FINISHED,2023-04-27,1376463,Matchday 27,2022-2023,1376463,H,4.0,4.0,11.0,8.0,-1.2,-0.4,451.09958652331454,,,
Royal AM,Cape Town City,1.0,2.0,FINISHED,2023-04-29,1376502,Matchday 27,2022-2023,1376502,A,7.0,6.0,13.0,15.0,-0.4,0.0,1256.623529163144,,,
Stellenbosch,Golden Arrows,5.0,2.0,FINISHED,2023-04-29,1376505,Matchday 27,2022-2023,1376505,H,7.0,8.0,16.0,14.0,0.4,0.2,1216.5174700019006,6080000.0,6830000.0,0.890190336749634
AmaZulu,Sekhukhune United,2.0,0.0,FINISHED,2023-04-29,1376503,Matchday 27,2022-2023,1376503,H,4.0,8.0,8.0,14.0,-0.4,0.0,674.5546298160202,10880000.0,9700000.0,1.1216494845360825
TS Galaxy,Orlando Pirates,1.0,2.0,FINISHED,2023-04-30,1376501,Matchday 27,2022-2023,1376501,A,5.0,15.0,12.0,24.0,0.2,1.8,312.8377902530316,3680000.0,22330000.0,0.16480071652485445
Kaizer Chiefs,Swallows FC,1.0,2.0,FINISHED,2023-05-01,1376500,Matchday 28,2022-2023,1376500,A,10.0,7.0,20.0,14.0,0.4,-0.4,11.86480394702673,16230000.0,,
Siwelele,Stellenbosch,0.0,0.0,FINISHED,2023-05-02,1376499,Matchday 28,2022-2023,1376499,D,8.0,9.0,19.0,19.0,0.4,1.0,875.4385978904638,5250000.0,6080000.0,0.8634868421052632
Richards Bay,Chippa United,2.0,3.0,FINISHED,2023-05-03,1376494,Matchday 28,2022-2023,1376494,A,1.0,2.0,2.0,6.0,-1.6,-1.0,617.6414829288439,6880000.0,5180000.0,1.3281853281853282
Maritzburg United,Marumo Gallants,2.0,2.0,FINISHED,2023-05-03,1376496,Matchday 28,2022-2023,1376496,D,4.0,9.0,5.0,14.0,-0.4,0.8,405.2090684317437,,2930000.0,
AmaZulu,Mamelodi Sundowns,2.0,2.0,FINISHED,2023-05-03,1376498,Matchday 28,2022-2023,1376498,D,4.0,9.0,10.0,22.0,-0.4,1.0,530.738182466435,10880000.0,40400000.0,0.2693069306930693
Orlando Pirates,Royal AM,1.0,1.0,FINISHED,2023-05-03,1376495,Matchday 28,2022-2023,1376495,D,15.0,4.0,24.0,12.0,1.4,-1.0,501.29312065190766,22330000.0,,
Cape Town City,Golden Arrows,0.0,0.0,FINISHED,2023-05-03,1376497,Matchday 28,2022-2023,1376497,D,6.0,8.0,15.0,14.0,0.0,-0.2,1255.9775933974524,,6830000.0,
Sekhukhune United,TS Galaxy,1.0,1.0,FINISHED,2023-05-03,1376475,Matchday 28,2022-2023,1376475,D,8.0,4.0,11.0,12.0,0.0,0.0,225.8571765261528,9700000.0,3680000.0,2.635869565217391
Marumo Gallants,Mamelodi Sundowns,0.0,2.0,FINISHED,2023-05-06,1376489,Matchday 29,2022-2023,1376489,A,9.0,7.0,14.0,20.0,0.8,0.2,428.0130608722853,2930000.0,40400000.0,0.07252475247524752
Maritzburg United,Stellenbosch,1.0,0.0,FINISHED,2023-05-13,1376490,Matchday 29,2022-2023,1376490,H,5.0,7.0,6.0,20.0,-0.2,0.6,1188.6435264992765,,6080000.0,
TS Galaxy,Chippa United,4.0,0.0,FINISHED,2023-05-13,1376485,Matchday 29,2022-2023,1376485,H,2.0,4.0,13.0,8.0,-0.8,-0.8,888.662992481296,3680000.0,5180000.0,0.7104247104247104
Siwelele,Kaizer Chiefs,1.0,0.0,FINISHED,2023-05-13,1376486,Matchday 29,2022-2023,1376486,H,9.0,7.0,19.0,17.0,0.6,0.0,369.4351841819827,5250000.0,16230000.0,0.3234750462107209
Golden Arrows,AmaZulu,1.0,0.0,FINISHED,2023-05-13,1376566,Matchday 29,2022-2023,1376566,H,6.0,5.0,12.0,10.0,-0.4,0.0,20.109034086532077,6830000.0,10880000.0,0.6277573529411765
Orlando Pirates,Sekhukhune United,1.0,1.0,FINISHED,2023-05-13,1376488,Matchday 29,2022-2023,1376488,D,13.0,8.0,22.0,12.0,1.2,0.0,300.02049415232636,22330000.0,9700000.0,2.302061855670103
Royal AM,Swallows FC,0.0,1.0,FINISHED,2023-05-13,1376487,Matchday 29,2022-2023,1376487,A,5.0,10.0,13.0,16.0,-0.2,0.0,505.1230639312536,,,
Cape Town City,Richards Bay,2.0,0.0,FINISHED,2023-05-13,1376492,Matchday 29,2022-2023,1376492,H,6.0,1.0,16.0,1.0,0.0,-1.0,1415.8509158453583,,6880000.0,
Mamelodi Sundowns,Maritzburg United,1.0,1.0,FINISHED,2023-05-16,1376481,Matchday 30,2022-2023,1376481,D,9.0,5.0,20.0,8.0,0.6,-0.2,479.5155820947601,40400000.0,,
Chippa United,Golden Arrows,0.0,0.0,FINISHED,2023-05-20,1376483,Matchday 30,2022-2023,1376483,D,3.0,8.0,5.0,15.0,-1.6,-0.2,441.1636950664042,5180000.0,6830000.0,0.7584187408491947
AmaZulu,Orlando Pirates,0.0,4.0,FINISHED,2023-05-20,1376484,Matchday 30,2022-2023,1376484,A,5.0,11.0,9.0,23.0,0.0,0.8,503.02317226140366,10880000.0,22330000.0,0.4872369010300045
Richards Bay,Royal AM,0.0,0.0,FINISHED,2023-05-20,1376480,Matchday 30,2022-2023,1376480,D,1.0,5.0,1.0,10.0,-1.0,0.0,172.9234678429387,6880000.0,,
Sekhukhune United,Siwelele,1.0,0.0,FINISHED,2023-05-20,1376479,Matchday 30,2022-2023,1376479,H,8.0,11.0,13.0,19.0,0.0,0.8,666.410273920029,9700000.0,5250000.0,1.8476190476190477
Stellenbosch,TS Galaxy,2.0,1.0,FINISHED,2023-05-20,1376478,Matchday 30,2022-2023,1376478,H,7.0,5.0,17.0,13.0,0.6,0.2,1496.21522813951,6080000.0,3680000.0,1.6521739130434783
Kaizer Chiefs,Cape Town City,0.0,1.0,FINISHED,2023-05-20,1376482,Matchday 30,2022-2023,1376482,A,4.0,8.0,16.0,19.0,-0.4,0.4,1253.9829474188039,16230000.0,,
Swallows FC,Marumo Gallants,2.0,0.0,FINISHED,2023-05-20,1376493,Matchday 30,2022-2023,1376493,H,10.0,6.0,16.0,14.0,0.0,0.0,364.9662233067797,,2930000.0,
Sekhukhune United,Mamelodi Sundowns,1.0,2.0,FINISHED,2023-08-04,1455696,Matchday 1,2023-2024,1455696,A,8.0,9.0,13.0,18.0,0.0,0.6,239.01816026096265,9700000.0,40400000.0,0.2400990099009901
Royal AM,AmaZulu,0.0,0.0,FINISHED,2023-08-05,1455709,Matchday 1,2023-2024,1455709,D,3.0,4.0,10.0,9.0,-0.4,-0.8,17.3943183164239,,10880000.0,
Stellenbosch,Orlando Pirates,1.0,0.0,FINISHED,2023-08-05,1455708,Matchday 1,2023-2024,1455708,H,10.0,11.0,17.0,23.0,1.2,1.2,1220.6858842275062,6080000.0,22330000.0,0.2722794446932378
Siwelele,Richards Bay,2.0,0.0,FINISHED,2023-08-05,1455707,Matchday 1,2023-2024,1455707,H,8.0,2.0,18.0,2.0,0.2,-0.8,568.4884950647302,5250000.0,6880000.0,0.7630813953488372
Golden Arrows,Swallows FC,1.0,1.0,FINISHED,2023-08-05,1455682,Matchday 1,2023-2024,1455682,D,6.0,12.0,16.0,19.0,-0.4,0.4,511.70852376551466,6830000.0,,
Kaizer Chiefs,Chippa United,0.0,0.0,FINISHED,2023-08-06,1455706,Matchday 1,2023-2024,1455706,D,3.0,4.0,16.0,6.0,-0.6,-1.2,753.05841286102,16230000.0,5180000.0,3.1332046332046333
Cape Town City,Polokwane City,1.0,0.0,FINISHED,2023-08-06,1455704,Matchday 1,2023-2024,1455704,H,10.0,,19.0,,0.6,,1543.7319474521614,,4680000.0,
TS Galaxy,Cape Town Spurs,1.0,0.0,FINISHED,2023-08-06,1455705,Matchday 1,2023-2024,1455705,H,5.0,,12.0,,0.4,,1528.712355504249,3680000.0,,
Richards Bay,Golden Arrows,1.0,2.0,FINISHED,2023-08-08,1455703,Matchday 2,2023-2024,1455703,A,1.0,6.0,2.0,14.0,-1.2,-0.4,176.48139239943563,6880000.0,6830000.0,1.007320644216691
Orlando Pirates,Royal AM,4.0,2.0,FINISHED,2023-08-08,1455702,Matchday 2,2023-2024,1455702,H,8.0,3.0,23.0,10.0,0.8,-0.4,501.29312065190766,22330000.0,,
Chippa United,TS Galaxy,0.0,0.0,FINISHED,2023-08-09,1455711,Matchday 2,2023-2024,1455711,D,5.0,7.0,7.0,12.0,-0.8,0.6,888.662992481296,5180000.0,3680000.0,1.4076086956521738
AmaZulu,Siwelele,0.0,0.0,FINISHED,2023-08-09,1455699,Matchday 2,2023-2024,1455699,D,5.0,10.0,9.0,18.0,-0.6,0.6,469.9550370235814,10880000.0,5250000.0,2.072380952380952
Cape Town Spurs,Sekhukhune United,0.0,2.0,FINISHED,2023-08-09,1455712,Matchday 2,2023-2024,1455712,A,0.0,5.0,0.0,13.0,-1.0,-0.4,1543.6679540867367,,9700000.0,
Swallows FC,Cape Town City,0.0,1.0,FINISHED,2023-08-09,1455701,Matchday 2,2023-2024,1455701,A,13.0,13.0,17.0,19.0,1.0,1.0,1246.3111609025605,,,
Polokwane City,Stellenbosch,1.0,0.0,FINISHED,2023-08-09,1455697,Matchday 2,2023-2024,1455697,H,0.0,10.0,0.0,17.0,-1.0,0.8,1515.760156328165,4680000.0,6080000.0,0.7697368421052632
Mamelodi Sundowns,Kaizer Chiefs,2.0,1.0,FINISHED,2023-08-09,1455700,Matchday 2,2023-2024,1455700,H,11.0,4.0,18.0,14.0,0.8,-0.4,58.65727490670219,40400000.0,16230000.0,2.4892174984596425
Mamelodi Sundowns,Golden Arrows,4.0,0.0,FINISHED,2023-08-15,1455690,Matchday 3,2023-2024,1455690,H,11.0,9.0,20.0,17.0,0.8,0.4,537.6085491295763,40400000.0,6830000.0,5.915080527086384
Chippa United,Orlando Pirates,1.0,1.0,FINISHED,2023-08-15,1455691,Matchday 3,2023-2024,1455691,D,6.0,8.0,8.0,23.0,-0.6,1.0,753.3552243406666,5180000.0,22330000.0,0.23197492163009403
Sekhukhune United,Swallows FC,1.0,2.0,FINISHED,2023-08-16,1455688,Matchday 3,2023-2024,1455688,A,8.0,10.0,16.0,17.0,0.4,0.6,302.63946401845453,9700000.0,,
Siwelele,Cape Town City,1.0,0.0,FINISHED,2023-08-18,1455693,Matchday 3,2023-2024,1455693,H,8.0,13.0,16.0,19.0,0.4,1.0,908.4018379382446,5250000.0,,
Royal AM,Stellenbosch,1.0,3.0,FINISHED,2023-08-18,1455695,Matchday 3,2023-2024,1455695,A,3.0,7.0,7.0,16.0,-0.6,0.0,1217.2577336136833,,6080000.0,
Chippa United,Mamelodi Sundowns,0.0,2.0,FINISHED,2023-08-19,1455729,Matchday 6,2023-2024,1455729,A,4.0,13.0,8.0,20.0,-0.8,1.6,807.1414964025447,5180000.0,40400000.0,0.12821782178217822
Polokwane City,Cape Town Spurs,3.0,1.0,FINISHED,2023-08-19,1455694,Matchday 3,2023-2024,1455694,H,3.0,0.0,3.0,0.0,0.0,-1.5,1543.7319474521614,4680000.0,,
AmaZulu,Richards Bay,0.0,0.0,FINISHED,2023-08-19,1455692,Matchday 3,2023-2024,1455692,D,3.0,1.0,7.0,2.0,-1.0,-1.2,156.37380129368893,10880000.0,6880000.0,1.5813953488372092
TS Galaxy,Kaizer Chiefs,1.0,0.0,FINISHED,2023-08-20,1455689,Matchday 3,2023-2024,1455689,H,8.0,1.0,12.0,11.0,0.8,-0.8,307.1715110310044,3680000.0,16230000.0,0.22674060382008626
Richards Bay,Mamelodi Sundowns,0.0,1.0,FINISHED,2023-08-23,1455741,Matchday 4,2023-2024,1455741,A,2.0,13.0,3.0,22.0,-1.0,1.6,504.13032975002403,6880000.0,40400000.0,0.1702970297029703
Cape Town City,Sekhukhune United,0.0,1.0,FINISHED,2023-08-23,1455685,Matchday 4,2023-2024,1455685,A,12.0,7.0,18.0,15.0,0.8,0.2,1543.6679540867367,,9700000.0,
Cape Town Spurs,Chippa United,0.0,1.0,FINISHED,2023-08-25,1455687,Matchday 4,2023-2024,1455687,A,0.0,4.0,0.0,7.0,-1.6666666666666667,-0.4,886.1355341470515,,5180000.0,
Golden Arrows,Polokwane City,3.0,2.0,FINISHED,2023-08-26,1455686,Matchday 4,2023-2024,1455686,H,8.0,6.0,14.0,6.0,-0.4,0.6666666666666666,686.9358434887893,6830000.0,4680000.0,1.4594017094017093
Stellenbosch,Siwelele,1.0,2.0,FINISHED,2023-08-26,1455622,Matchday 4,2023-2024,1455622,A,9.0,10.0,16.0,19.0,0.4,0.6,875.4385978904638,6080000.0,5250000.0,1.158095238095238
Kaizer Chiefs,AmaZulu,3.0,0.0,FINISHED,2023-08-26,1455684,Matchday 4,2023-2024,1455684,H,1.0,3.0,8.0,8.0,-0.8,-1.0,499.21680619064676,16230000.0,10880000.0,1.4917279411764706
Royal AM,TS Galaxy,1.0,0.0,FINISHED,2023-08-27,1455698,Matchday 4,2023-2024,1455698,H,2.0,10.0,7.0,12.0,-1.0,1.0,494.69623894305175,,3680000.0,
Siwelele,Golden Arrows,0.0,3.0,FINISHED,2023-08-29,1455739,Matchday 5,2023-2024,1455739,A,10.0,8.0,21.0,16.0,0.6,-0.4,459.8354704753759,5250000.0,6830000.0,0.7686676427525623
Orlando Pirates,Cape Town City,2.0,0.0,FINISHED,2023-08-29,1455738,Matchday 5,2023-2024,1455738,H,8.0,9.0,21.0,17.0,1.0,0.2,1250.0122779478036,22330000.0,,
Chippa United,Royal AM,2.0,3.0,FINISHED,2023-08-30,1455735,Matchday 5,2023-2024,1455735,A,6.0,5.0,10.0,10.0,-0.2,-0.6,444.9043999405845,5180000.0,,
Stellenbosch,Kaizer Chiefs,0.0,2.0,FINISHED,2023-08-30,1455734,Matchday 5,2023-2024,1455734,A,9.0,4.0,16.0,8.0,0.4,0.0,1224.541902196886,6080000.0,16230000.0,0.37461491065927294
Polokwane City,Mamelodi Sundowns,0.0,2.0,FINISHED,2023-08-30,1455736,Matchday 5,2023-2024,1455736,A,6.0,15.0,6.0,24.0,0.25,1.8,239.07194874410342,4680000.0,40400000.0,0.11584158415841585
Swallows FC,Cape Town Spurs,3.0,1.0,FINISHED,2023-08-30,1455733,Matchday 5,2023-2024,1455733,H,10.0,0.0,20.0,0.0,0.6,-1.5,1246.3111609025605,,,
Richards Bay,Sekhukhune United,1.0,1.0,FINISHED,2023-08-30,1455737,Matchday 5,2023-2024,1455737,D,2.0,9.0,3.0,17.0,-0.8,0.4,594.6220991882807,6880000.0,9700000.0,0.709278350515464
AmaZulu,TS Galaxy,1.0,0.0,FINISHED,2023-08-30,1455732,Matchday 5,2023-2024,1455732,H,3.0,7.0,8.0,12.0,-1.4,0.0,485.7237565219576,10880000.0,3680000.0,2.9565217391304346
Swallows FC,Richards Bay,0.0,1.0,FINISHED,2023-09-15,1455731,Matchday 6,2023-2024,1455731,A,10.0,2.0,20.0,4.0,0.8,-0.8,499.30381724432266,,6880000.0,
Kaizer Chiefs,Royal AM,0.0,0.0,FINISHED,2023-09-16,1455681,Matchday 6,2023-2024,1455681,D,7.0,7.0,10.0,10.0,0.6,-0.4,497.6487365037908,16230000.0,,
Golden Arrows,Stellenbosch,0.0,0.0,FINISHED,2023-09-16,1455730,Matchday 6,2023-2024,1455730,D,10.0,6.0,16.0,16.0,0.2,-0.2,1216.5174700019006,6830000.0,6080000.0,1.1233552631578947
AmaZulu,Cape Town City,3.0,2.0,FINISHED,2023-09-17,1455724,Matchday 6,2023-2024,1455724,H,6.0,6.0,10.0,16.0,-0.4,-0.4,1273.874589325814,10880000.0,,
Cape Town Spurs,Golden Arrows,1.0,2.0,FINISHED,2023-09-19,1455723,Matchday 7,2023-2024,1455723,A,0.0,10.0,0.0,16.0,-1.6,0.2,1255.9775933974524,,6830000.0,
Stellenbosch,Swallows FC,0.0,2.0,FINISHED,2023-09-19,1455720,Matchday 7,2023-2024,1455720,A,4.0,7.0,14.0,19.0,-0.4,0.2,1217.1029445092097,6080000.0,,
Richards Bay,Chippa United,1.0,2.0,FINISHED,2023-09-19,1455721,Matchday 7,2023-2024,1455721,A,5.0,5.0,6.0,10.0,-0.2,-0.4,617.6414829288439,6880000.0,5180000.0,1.3281853281853282
Orlando Pirates,Mamelodi Sundowns,0.0,1.0,FINISHED,2023-09-20,1455722,Matchday 7,2023-2024,1455722,A,10.0,15.0,21.0,26.0,1.4,2.0,61.05551098911179,22330000.0,40400000.0,0.5527227722772278
Royal AM,Sekhukhune United,0.0,1.0,FINISHED,2023-09-20,1455718,Matchday 7,2023-2024,1455718,A,7.0,7.0,10.0,15.0,-0.4,0.2,680.0544179606063,,9700000.0,
Siwelele,Kaizer Chiefs,1.0,0.0,FINISHED,2023-09-20,1455717,Matchday 7,2023-2024,1455717,H,10.0,7.0,18.0,11.0,0.2,0.6,369.4351841819827,5250000.0,16230000.0,0.3234750462107209
TS Galaxy,Cape Town City,0.0,0.0,FINISHED,2023-09-20,1455719,Matchday 7,2023-2024,1455719,D,7.0,3.0,12.0,16.0,0.0,-0.8,1528.712355504249,3680000.0,,
Polokwane City,AmaZulu,0.0,0.0,FINISHED,2023-09-25,1455716,Matchday 7,2023-2024,1455716,D,6.0,8.0,6.0,13.0,-0.2,-0.2,674.548969699843,4680000.0,10880000.0,0.43014705882352944
Chippa United,Siwelele,1.0,0.0,FINISHED,2023-09-26,1455683,Matchday 8,2023-2024,1455683,H,7.0,10.0,13.0,20.0,-0.2,0.0,454.90581570858905,5180000.0,5250000.0,0.9866666666666667
Kaizer Chiefs,Sekhukhune United,2.0,1.0,FINISHED,2023-09-27,1455728,Matchday 8,2023-2024,1455728,H,7.0,10.0,8.0,15.0,0.6,0.6,297.22531271282986,16230000.0,9700000.0,1.6731958762886598
Mamelodi Sundowns,Stellenbosch,3.0,1.0,FINISHED,2023-09-27,1455636,Matchday 8,2023-2024,1455636,H,15.0,4.0,26.0,11.0,2.0,-0.6,1280.0575148753778,40400000.0,6080000.0,6.644736842105263
Swallows FC,AmaZulu,2.0,1.0,FINISHED,2023-09-29,1455715,Matchday 8,2023-2024,1455715,H,9.0,8.0,22.0,11.0,0.6,-0.2,507.00453102470146,,10880000.0,
Cape Town City,Cape Town Spurs,3.0,1.0,FINISHED,2023-09-30,1455714,Matchday 8,2023-2024,1455714,H,1.0,0.0,14.0,0.0,-1.0,-1.6,0.0,,,
Polokwane City,Royal AM,1.0,0.0,FINISHED,2023-09-30,1455713,Matchday 8,2023-2024,1455713,H,7.0,7.0,7.0,10.0,0.0,-0.2,680.0507766550901,4680000.0,,
TS Galaxy,Richards Bay,1.0,1.0,FINISHED,2023-10-01,1455648,Matchday 8,2023-2024,1455648,D,5.0,5.0,12.0,6.0,-0.2,-0.2,381.57695986500306,3680000.0,6880000.0,0.5348837209302325
Kaizer Chiefs,Cape Town City,0.0,1.0,FINISHED,2023-10-03,1455646,Matchday 9,2023-2024,1455646,A,10.0,4.0,11.0,16.0,1.0,-0.4,1253.9829474188039,16230000.0,,
Cape Town Spurs,Siwelele,1.0,2.0,FINISHED,2023-10-04,1455643,Matchday 9,2023-2024,1455643,A,0.0,9.0,0.0,17.0,-1.6,-0.2,908.4018379382446,,5250000.0,
Stellenbosch,TS Galaxy,3.0,0.0,FINISHED,2023-10-04,1455640,Matchday 9,2023-2024,1455640,H,1.0,5.0,10.0,13.0,-1.4,-0.2,1496.21522813951,6080000.0,3680000.0,1.6521739130434783
Swallows FC,Chippa United,0.0,0.0,FINISHED,2023-10-04,1455645,Matchday 9,2023-2024,1455645,D,12.0,9.0,22.0,13.0,1.0,0.0,753.9476134361341,,5180000.0,
Richards Bay,Polokwane City,0.0,1.0,FINISHED,2023-10-04,1455642,Matchday 9,2023-2024,1455642,A,5.0,7.0,7.0,10.0,-0.2,0.0,594.599100630916,6880000.0,4680000.0,1.4700854700854702
Sekhukhune United,Golden Arrows,0.0,1.0,FINISHED,2023-10-05,1455641,Matchday 9,2023-2024,1455641,A,7.0,10.0,15.0,19.0,0.0,0.2,686.9395752773827,9700000.0,6830000.0,1.4202049780380674
Sekhukhune United,Polokwane City,0.0,0.0,FINISHED,2023-10-08,1455725,Matchday 6,2023-2024,1455725,D,7.0,7.0,14.0,13.0,0.0,-0.2,0.08283526967326009,9700000.0,4680000.0,2.072649572649573
AmaZulu,Orlando Pirates,0.0,0.0,FINISHED,2023-10-24,1455644,Matchday 9,2023-2024,1455644,D,7.0,7.0,10.0,18.0,-0.4,0.4,503.02317226140366,10880000.0,22330000.0,0.4872369010300045
Siwelele,Royal AM,3.0,1.0,FINISHED,2023-10-26,1455632,Matchday 10,2023-2024,1455632,H,9.0,7.0,19.0,9.0,-0.2,0.0,456.58950795785546,5250000.0,,
Orlando Pirates,Polokwane City,1.0,1.0,FINISHED,2023-10-27,1455639,Matchday 10,2023-2024,1455639,D,8.0,8.0,16.0,14.0,0.6,0.0,300.07367905105605,22330000.0,4680000.0,4.771367521367521
Golden Arrows,Kaizer Chiefs,2.0,1.0,FINISHED,2023-10-28,1455652,Matchday 10,2023-2024,1455652,H,13.0,7.0,21.0,11.0,1.2,0.2,504.272327791487,6830000.0,16230000.0,0.4208256315465188
Chippa United,AmaZulu,1.0,1.0,FINISHED,2023-10-28,1455637,Matchday 10,2023-2024,1455637,D,10.0,8.0,14.0,11.0,0.4,0.2,461.27259629164047,5180000.0,10880000.0,0.47610294117647056
TS Galaxy,Sekhukhune United,2.0,0.0,FINISHED,2023-10-29,1455633,Matchday 10,2023-2024,1455633,H,2.0,5.0,12.0,14.0,-1.0,-0.2,225.8571765261528,3680000.0,9700000.0,0.37938144329896906
Richards Bay,Cape Town City,1.0,3.0,FINISHED,2023-10-29,1455634,Matchday 10,2023-2024,1455634,A,5.0,7.0,7.0,16.0,-0.2,0.0,1415.8509158453583,6880000.0,,
Cape Town Spurs,Orlando Pirates,2.0,1.0,FINISHED,2023-11-01,1455727,Matchday 6,2023-2024,1455727,H,0.0,6.0,0.0,14.0,-1.4,0.2,1250.0122779478036,,22330000.0,
TS Galaxy,Siwelele,2.0,3.0,FINISHED,2023-11-01,1455710,Matchday 6,2023-2024,1455710,A,5.0,9.0,12.0,19.0,-0.4,0.0,620.8932044419288,3680000.0,5250000.0,0.700952380952381
Orlando Pirates,Sekhukhune United,1.0,0.0,FINISHED,2023-11-07,1455630,Matchday 11,2023-2024,1455630,H,5.0,4.0,13.0,11.0,0.0,-0.6,300.02049415232636,22330000.0,9700000.0,2.302061855670103
Stellenbosch,Richards Bay,2.0,1.0,FINISHED,2023-11-07,1455628,Matchday 11,2023-2024,1455628,H,4.0,4.0,13.0,6.0,-0.6,-0.6,1377.396602947712,6080000.0,6880000.0,0.8837209302325582
Royal AM,Golden Arrows,1.0,0.0,FINISHED,2023-11-07,1455629,Matchday 11,2023-2024,1455629,H,4.0,13.0,9.0,21.0,-0.6,1.2,6.925397570849175,,6830000.0,
Cape Town City,Chippa United,2.0,1.0,FINISHED,2023-11-07,1455631,Matchday 11,2023-2024,1455631,H,10.0,8.0,16.0,14.0,0.8,0.2,886.1355341470515,,5180000.0,
Polokwane City,Siwelele,1.0,1.0,FINISHED,2023-11-08,1455625,Matchday 11,2023-2024,1455625,D,9.0,12.0,15.0,22.0,0.4,0.8,666.4603285034987,4680000.0,5250000.0,0.8914285714285715
Swallows FC,TS Galaxy,1.0,0.0,FINISHED,2023-11-08,1455624,Matchday 11,2023-2024,1455624,H,10.0,5.0,20.0,12.0,0.8,-0.4,318.34667513138703,,3680000.0,
Kaizer Chiefs,Cape Town Spurs,3.0,2.0,FINISHED,2023-11-08,1455626,Matchday 11,2023-2024,1455626,H,4.0,3.0,11.0,3.0,-0.4,-1.0,1253.9829474188039,16230000.0,,
Cape Town City,Royal AM,2.0,0.0,FINISHED,2023-11-10,1455623,Matchday 12,2023-2024,1455623,H,13.0,4.0,16.0,11.0,1.2,-0.6,1256.623529163144,,,
Kaizer Chiefs,Orlando Pirates,0.0,1.0,FINISHED,2023-11-11,1455638,Matchday 12,2023-2024,1455638,A,6.0,5.0,13.0,15.0,-0.2,-0.2,5.978268699146683,16230000.0,22330000.0,0.7268248992386923
Polokwane City,Swallows FC,0.0,0.0,FINISHED,2023-11-11,1455666,Matchday 12,2023-2024,1455666,D,9.0,10.0,16.0,20.0,0.4,0.6,302.69375270098885,4680000.0,,
Chippa United,Stellenbosch,0.0,0.0,FINISHED,2023-11-11,1455680,Matchday 12,2023-2024,1455680,D,8.0,7.0,13.0,13.0,0.2,0.0,843.8903781142693,5180000.0,6080000.0,0.8519736842105263
Golden Arrows,AmaZulu,1.0,3.0,FINISHED,2023-11-12,1455679,Matchday 12,2023-2024,1455679,A,10.0,6.0,20.0,12.0,0.4,0.0,20.109034086532077,6830000.0,10880000.0,0.6277573529411765
Richards Bay,Cape Town Spurs,1.0,0.0,FINISHED,2023-11-12,1455678,Matchday 12,2023-2024,1455678,H,1.0,3.0,6.0,3.0,-1.0,-0.8,1415.8509158453583,6880000.0,,
Sekhukhune United,Siwelele,2.0,1.0,FINISHED,2023-11-12,1455676,Matchday 12,2023-2024,1455676,H,1.0,10.0,11.0,20.0,-1.0,0.6,666.410273920029,9700000.0,5250000.0,1.8476190476190477
Richards Bay,Orlando Pirates,0.0,0.0,FINISHED,2023-11-25,1455674,Matchday 13,2023-2024,1455674,D,4.0,8.0,9.0,15.0,-0.6,0.2,494.1785726193095,6880000.0,22330000.0,0.3081056874160322
AmaZulu,Stellenbosch,0.0,1.0,FINISHED,2023-11-25,1455675,Matchday 13,2023-2024,1455675,A,6.0,7.0,14.0,11.0,0.2,0.0,1234.5377123884953,10880000.0,6080000.0,1.7894736842105263
Cape Town Spurs,Royal AM,1.0,2.0,FINISHED,2023-11-25,1455673,Matchday 13,2023-2024,1455673,A,3.0,3.0,3.0,10.0,-0.8,-1.0,1256.623529163144,,,
Golden Arrows,Cape Town City,0.0,1.0,FINISHED,2023-11-26,1455650,Matchday 13,2023-2024,1455650,A,9.0,15.0,19.0,16.0,0.0,1.6,1255.9775933974524,6830000.0,,
TS Galaxy,Polokwane City,3.0,0.0,FINISHED,2023-11-26,1455669,Matchday 13,2023-2024,1455669,H,4.0,7.0,9.0,14.0,-0.6,0.2,225.81389740526924,3680000.0,4680000.0,0.7863247863247863
Swallows FC,Kaizer Chiefs,0.0,1.0,FINISHED,2023-11-26,1455670,Matchday 13,2023-2024,1455670,A,11.0,6.0,18.0,13.0,0.8,-0.2,11.86480394702673,,16230000.0,
Cape Town Spurs,Stellenbosch,0.0,3.0,FINISHED,2023-11-28,1455651,Matchday 10,2023-2024,1455651,A,3.0,10.0,3.0,14.0,-0.6,0.6,42.85210673528772,,6080000.0,
Siwelele,Mamelodi Sundowns,0.0,2.0,FINISHED,2023-11-29,1455671,Matchday 13,2023-2024,1455671,A,10.0,15.0,19.0,28.0,0.6,1.6,428.0130608722853,5250000.0,40400000.0,0.12995049504950495
Orlando Pirates,Swallows FC,2.0,0.0,FINISHED,2023-12-05,1455726,Matchday 4,2023-2024,1455726,H,8.0,8.0,16.0,17.0,0.2,0.2,5.889312937022606,22330000.0,,
Sekhukhune United,Chippa United,2.0,0.0,FINISHED,2023-12-06,1455672,Matchday 13,2023-2024,1455672,H,4.0,6.0,11.0,13.0,-0.6,0.0,1021.3060443774077,9700000.0,5180000.0,1.8725868725868726
AmaZulu,Mamelodi Sundowns,0.0,1.0,FINISHED,2023-12-06,1455627,Matchday 11,2023-2024,1455627,A,5.0,15.0,13.0,28.0,0.0,1.6,530.738182466435,10880000.0,40400000.0,0.2693069306930693
Stellenbosch,Cape Town City,1.0,0.0,FINISHED,2023-12-08,1455667,Matchday 14,2023-2024,1455667,H,13.0,15.0,14.0,19.0,1.6,1.4,42.85210673528772,6080000.0,,
Polokwane City,Kaizer Chiefs,0.0,1.0,FINISHED,2023-12-09,1455742,Matchday 14,2023-2024,1455742,A,4.0,6.0,11.0,16.0,-0.6,-0.2,297.2773652263127,4680000.0,16230000.0,0.28835489833641403
Chippa United,Golden Arrows,2.0,0.0,FINISHED,2023-12-09,1455663,Matchday 14,2023-2024,1455663,H,3.0,6.0,12.0,16.0,-0.6,-0.4,441.1636950664042,5180000.0,6830000.0,0.7584187408491947
Orlando Pirates,TS Galaxy,1.0,0.0,FINISHED,2023-12-09,1455661,Matchday 14,2023-2024,1455661,H,10.0,6.0,16.0,11.0,0.6,0.0,312.8377902530316,22330000.0,3680000.0,6.067934782608695
Royal AM,Richards Bay,3.0,2.0,FINISHED,2023-12-10,1455660,Matchday 14,2023-2024,1455660,H,6.0,4.0,13.0,9.0,-0.6,-0.6,172.9234678429387,,6880000.0,
Mamelodi Sundowns,Cape Town Spurs,3.0,0.0,FINISHED,2023-12-13,1455662,Matchday 14,2023-2024,1455662,H,15.0,3.0,30.0,3.0,1.6,-1.0,1309.0092023555278,40400000.0,,
AmaZulu,Sekhukhune United,1.0,0.0,FINISHED,2023-12-13,1455664,Matchday 14,2023-2024,1455664,H,5.0,7.0,12.0,14.0,0.0,0.0,674.5546298160202,10880000.0,9700000.0,1.1216494845360825
Swallows FC,Siwelele,1.0,2.0,FINISHED,2023-12-15,1455665,Matchday 14,2023-2024,1455665,A,5.0,7.0,17.0,16.0,-0.4,0.0,364.9662233067797,,5250000.0,
Golden Arrows,Orlando Pirates,1.0,2.0,FINISHED,2023-12-17,1455649,Matchday 8,2023-2024,1455649,A,3.0,13.0,16.0,18.0,-1.0,1.0,507.8973058318857,6830000.0,22330000.0,0.3058665472458576
AmaZulu,Cape Town Spurs,1.0,1.0,FINISHED,2023-12-22,1455658,Matchday 15,2023-2024,1455658,D,7.0,0.0,15.0,3.0,0.2,-1.8,1273.874589325814,10880000.0,,
Siwelele,Orlando Pirates,3.0,1.0,FINISHED,2023-12-23,1455653,Matchday 15,2023-2024,1455653,H,7.0,13.0,16.0,18.0,-0.2,1.0,367.02395017310073,5250000.0,22330000.0,0.23510971786833856
Chippa United,Polokwane City,1.0,2.0,FINISHED,2023-12-23,1455657,Matchday 15,2023-2024,1455657,A,5.0,3.0,15.0,11.0,-0.2,-0.8,1021.3306183362473,5180000.0,4680000.0,1.106837606837607
Kaizer Chiefs,Richards Bay,1.0,0.0,FINISHED,2023-12-23,1455655,Matchday 15,2023-2024,1455655,H,9.0,4.0,16.0,9.0,0.2,-0.6,489.1277826434645,16230000.0,6880000.0,2.359011627906977
Golden Arrows,TS Galaxy,0.0,2.0,FINISHED,2023-12-23,1455656,Matchday 15,2023-2024,1455656,A,0.0,6.0,13.0,8.0,-1.4,0.4,501.2492909934793,6830000.0,3680000.0,1.8559782608695652
Royal AM,Swallows FC,0.0,0.0,FINISHED,2023-12-23,1455654,Matchday 15,2023-2024,1455654,D,9.0,4.0,16.0,14.0,-0.2,-0.6,505.1230639312536,,,
Cape Town City,Mamelodi Sundowns,0.0,0.0,FINISHED,2023-12-24,1455668,Matchday 15,2023-2024,1455668,D,12.0,15.0,19.0,30.0,1.0,1.8,1309.0092023555278,,40400000.0,
Mamelodi Sundowns,Swallows FC,3.0,0.0,FINISHED,2023-12-27,1455635,Matchday 10,2023-2024,1455635,H,13.0,2.0,28.0,12.0,1.6,-0.8,63.657616911651566,40400000.0,,
AmaZulu,Royal AM,3.0,0.0,FINISHED,2023-12-29,1455802,Matchday 16,2023-2024,1455802,H,7.0,10.0,13.0,14.0,0.2,0.2,17.3943183164239,10880000.0,,
Orlando Pirates,Stellenbosch,2.0,3.0,FINISHED,2023-12-29,1455829,Matchday 16,2023-2024,1455829,A,10.0,13.0,18.0,17.0,0.4,1.2,1220.6858842275062,22330000.0,6080000.0,3.6726973684210527
Swallows FC,Golden Arrows,0.0,3.0,FINISHED,2023-12-30,1455816,Matchday 16,2023-2024,1455816,A,1.0,0.0,12.0,10.0,-1.4,-1.6,511.70852376551466,,6830000.0,
Mamelodi Sundowns,Polokwane City,0.0,0.0,FINISHED,2023-12-30,1455825,Matchday 16,2023-2024,1455825,D,13.0,5.0,28.0,14.0,1.8,-0.6,239.07194874410342,40400000.0,4680000.0,8.632478632478632
Richards Bay,Siwelele,3.0,1.0,FINISHED,2023-12-30,1455827,Matchday 16,2023-2024,1455827,H,4.0,7.0,8.0,19.0,-0.4,0.0,568.4884950647302,6880000.0,5250000.0,1.3104761904761906
Sekhukhune United,Kaizer Chiefs,1.0,1.0,FINISHED,2023-12-30,1455824,Matchday 16,2023-2024,1455824,D,6.0,12.0,11.0,16.0,-0.2,0.6,297.22531271282986,9700000.0,16230000.0,0.5976586568083796
TS Galaxy,Chippa United,2.0,0.0,FINISHED,2023-12-30,1455826,Matchday 16,2023-2024,1455826,H,6.0,4.0,11.0,12.0,0.4,-0.4,888.662992481296,3680000.0,5180000.0,0.7104247104247104
Cape Town Spurs,Cape Town City,0.0,2.0,FINISHED,2023-12-31,1455828,Matchday 16,2023-2024,1455828,A,1.0,10.0,4.0,20.0,-1.6,0.6,0.0,,,
Siwelele,Stellenbosch,1.0,1.0,FINISHED,2024-02-16,1455815,Matchday 18,2023-2024,1455815,D,6.0,13.0,16.0,20.0,-0.4,1.2,875.4385978904638,5250000.0,6080000.0,0.8634868421052632
Cape Town Spurs,AmaZulu,3.0,1.0,FINISHED,2024-02-17,1455812,Matchday 18,2023-2024,1455812,H,1.0,7.0,4.0,13.0,-1.8,0.4,1273.874589325814,,10880000.0,
Sekhukhune United,Richards Bay,3.0,1.0,FINISHED,2024-02-17,1455811,Matchday 18,2023-2024,1455811,H,7.0,7.0,11.0,8.0,0.2,0.2,594.6220991882807,9700000.0,6880000.0,1.4098837209302326
Swallows FC,Polokwane City,0.0,1.0,FINISHED,2024-02-17,1455813,Matchday 18,2023-2024,1455813,A,1.0,5.0,9.0,14.0,-1.8,-0.6,302.69375270098885,,4680000.0,
Chippa United,Cape Town City,1.0,1.0,FINISHED,2024-02-17,1455814,Matchday 18,2023-2024,1455814,D,4.0,10.0,12.0,23.0,-0.6,0.8,886.1355341470515,5180000.0,,
Mamelodi Sundowns,Orlando Pirates,1.0,1.0,FINISHED,2024-02-17,1455810,Matchday 18,2023-2024,1455810,D,11.0,9.0,26.0,17.0,1.4,0.2,61.05551098911179,40400000.0,22330000.0,1.8092252575011196
TS Galaxy,Golden Arrows,3.0,1.0,FINISHED,2024-02-18,1455808,Matchday 18,2023-2024,1455808,H,9.0,3.0,14.0,12.0,1.0,-0.6,501.2492909934793,3680000.0,6830000.0,0.5387994143484627
Royal AM,Kaizer Chiefs,0.0,0.0,FINISHED,2024-02-18,1455809,Matchday 18,2023-2024,1455809,D,7.0,10.0,11.0,16.0,-0.6,0.4,497.6487365037908,,16230000.0,
Mamelodi Sundowns,AmaZulu,3.0,0.0,FINISHED,2024-02-27,1455818,Matchday 19,2023-2024,1455818,H,9.0,7.0,24.0,12.0,1.2,0.2,530.738182466435,40400000.0,10880000.0,3.713235294117647
Golden Arrows,Sekhukhune United,0.0,1.0,FINISHED,2024-02-28,1455806,Matchday 19,2023-2024,1455806,A,3.0,10.0,9.0,11.0,-0.8,0.8,686.9395752773827,6830000.0,9700000.0,0.7041237113402062
Cape Town City,Siwelele,1.0,1.0,FINISHED,2024-02-28,1455804,Matchday 19,2023-2024,1455804,D,8.0,7.0,23.0,17.0,0.4,-0.2,908.4018379382446,,5250000.0,
Stellenbosch,Chippa United,1.0,1.0,FINISHED,2024-03-01,1455807,Matchday 19,2023-2024,1455807,D,13.0,4.0,20.0,10.0,1.2,-0.6,843.8903781142693,6080000.0,5180000.0,1.1737451737451738
Richards Bay,Royal AM,1.0,2.0,FINISHED,2024-03-02,1455860,Matchday 19,2023-2024,1455860,A,4.0,8.0,8.0,11.0,-0.4,-0.2,172.9234678429387,6880000.0,,
Polokwane City,Orlando Pirates,0.0,1.0,FINISHED,2024-03-02,1455805,Matchday 19,2023-2024,1455805,A,7.0,7.0,14.0,17.0,-0.4,-0.2,300.07367905105605,4680000.0,22330000.0,0.2095835199283475
Kaizer Chiefs,Swallows FC,0.0,0.0,FINISHED,2024-03-02,1455740,Matchday 19,2023-2024,1455740,D,11.0,1.0,17.0,6.0,0.6,-1.6,11.86480394702673,16230000.0,,
Cape Town Spurs,TS Galaxy,2.0,0.0,FINISHED,2024-03-03,1455846,Matchday 19,2023-2024,1455846,H,4.0,12.0,7.0,16.0,-1.2,1.6,1528.712355504249,,3680000.0,
Cape Town City,Stellenbosch,0.0,1.0,FINISHED,2024-03-05,1455858,Matchday 20,2023-2024,1455858,A,6.0,11.0,21.0,21.0,0.2,1.0,42.85210673528772,,6080000.0,
Kaizer Chiefs,Golden Arrows,1.0,0.0,FINISHED,2024-03-05,1455857,Matchday 20,2023-2024,1455857,H,9.0,3.0,15.0,6.0,0.4,-0.6,504.272327791487,16230000.0,6830000.0,2.376281112737921
AmaZulu,Swallows FC,1.0,1.0,FINISHED,2024-03-05,1455859,Matchday 20,2023-2024,1455859,D,7.0,2.0,12.0,6.0,-0.2,-1.4,507.00453102470146,10880000.0,,
Chippa United,Richards Bay,3.0,0.0,FINISHED,2024-03-06,1455856,Matchday 20,2023-2024,1455856,H,5.0,3.0,8.0,7.0,-0.2,-0.6,617.6414829288439,5180000.0,6880000.0,0.752906976744186
Orlando Pirates,Cape Town Spurs,1.0,1.0,FINISHED,2024-03-06,1455855,Matchday 20,2023-2024,1455855,D,7.0,7.0,20.0,10.0,-0.2,-0.2,1250.0122779478036,22330000.0,,
Sekhukhune United,Royal AM,1.0,0.0,FINISHED,2024-03-06,1455854,Matchday 20,2023-2024,1455854,H,10.0,8.0,14.0,14.0,0.8,-0.2,680.0544179606063,9700000.0,,
Mamelodi Sundowns,Chippa United,2.0,0.0,FINISHED,2024-03-09,1455850,Matchday 21,2023-2024,1455850,H,9.0,5.0,24.0,10.0,1.2,0.0,807.1414964025447,40400000.0,5180000.0,7.7992277992278
Swallows FC,Sekhukhune United,1.0,4.0,FINISHED,2024-03-09,1455847,Matchday 21,2023-2024,1455847,A,2.0,10.0,4.0,17.0,-1.4,0.6,302.63946401845453,,9700000.0,
Orlando Pirates,Kaizer Chiefs,3.0,2.0,FINISHED,2024-03-09,1455851,Matchday 21,2023-2024,1455851,H,5.0,9.0,18.0,18.0,-0.4,0.4,5.978268699146683,22330000.0,16230000.0,1.3758471965495995
Richards Bay,TS Galaxy,0.0,0.0,FINISHED,2024-03-09,1455801,Matchday 21,2023-2024,1455801,D,3.0,9.0,7.0,15.0,-1.0,0.6,381.57695986500306,6880000.0,3680000.0,1.8695652173913044
Siwelele,AmaZulu,1.0,1.0,FINISHED,2024-03-09,1455830,Matchday 21,2023-2024,1455830,D,8.0,5.0,15.0,12.0,0.2,-0.4,469.9550370235814,5250000.0,10880000.0,0.48253676470588236
Stellenbosch,Cape Town Spurs,1.0,1.0,FINISHED,2024-03-09,1455849,Matchday 21,2023-2024,1455849,D,11.0,8.0,24.0,8.0,0.6,0.4,42.85210673528772,6080000.0,,
Polokwane City,Golden Arrows,0.0,1.0,FINISHED,2024-03-10,1455845,Matchday 21,2023-2024,1455845,A,7.0,3.0,11.0,3.0,0.0,-0.6,686.9358434887893,4680000.0,6830000.0,0.6852122986822841
Royal AM,Cape Town City,2.0,0.0,FINISHED,2024-03-10,1455844,Matchday 21,2023-2024,1455844,H,5.0,6.0,14.0,18.0,-0.6,0.2,1256.623529163144,,,
Mamelodi Sundowns,Siwelele,1.0,1.0,FINISHED,2024-03-12,1455838,Matchday 22,2023-2024,1455838,D,11.0,6.0,24.0,13.0,1.6,0.0,428.0130608722853,40400000.0,5250000.0,7.695238095238095
Polokwane City,Chippa United,1.0,0.0,FINISHED,2024-03-30,1455842,Matchday 22,2023-2024,1455842,H,7.0,5.0,10.0,9.0,0.0,-0.2,1021.3306183362473,4680000.0,5180000.0,0.9034749034749034
TS Galaxy,AmaZulu,2.0,0.0,FINISHED,2024-03-30,1455840,Matchday 22,2023-2024,1455840,H,10.0,5.0,16.0,12.0,0.8,-0.4,485.7237565219576,3680000.0,10880000.0,0.3382352941176471
Golden Arrows,Richards Bay,2.0,1.0,FINISHED,2024-03-30,1455836,Matchday 22,2023-2024,1455836,H,6.0,4.0,6.0,8.0,0.0,-0.8,176.48139239943563,6830000.0,6880000.0,0.9927325581395349
Cape Town City,Kaizer Chiefs,0.0,0.0,FINISHED,2024-03-30,1455843,Matchday 22,2023-2024,1455843,D,5.0,6.0,15.0,18.0,-0.2,0.0,1253.9829474188039,,16230000.0,
Stellenbosch,Royal AM,3.0,0.0,FINISHED,2024-03-30,1455841,Matchday 22,2023-2024,1455841,H,9.0,7.0,22.0,17.0,0.4,-0.2,1217.2577336136833,6080000.0,,
Sekhukhune United,Orlando Pirates,2.0,1.0,FINISHED,2024-03-30,1455839,Matchday 22,2023-2024,1455839,H,13.0,8.0,19.0,18.0,1.4,0.2,300.02049415232636,9700000.0,22330000.0,0.4343931930138827
Cape Town Spurs,Swallows FC,0.0,1.0,FINISHED,2024-03-31,1455837,Matchday 22,2023-2024,1455837,A,8.0,2.0,9.0,3.0,0.4,-1.4,1246.3111609025605,,,
Mamelodi Sundowns,Richards Bay,1.0,0.0,FINISHED,2024-04-02,1455803,Matchday 23,2023-2024,1455803,H,9.0,1.0,22.0,8.0,1.0,-1.4,504.13032975002403,40400000.0,6880000.0,5.872093023255814
AmaZulu,Polokwane City,0.0,0.0,FINISHED,2024-04-02,1455835,Matchday 23,2023-2024,1455835,D,2.0,7.0,9.0,12.0,-1.4,0.0,674.548969699843,10880000.0,4680000.0,2.324786324786325
Sekhukhune United,Cape Town City,2.0,2.0,FINISHED,2024-04-02,1455833,Matchday 23,2023-2024,1455833,D,15.0,3.0,22.0,13.0,1.6,-0.6,1543.6679540867367,9700000.0,,
Kaizer Chiefs,Stellenbosch,0.0,1.0,FINISHED,2024-04-02,1455834,Matchday 23,2023-2024,1455834,A,6.0,9.0,16.0,22.0,0.0,0.8,1224.541902196886,16230000.0,6080000.0,2.669407894736842
Chippa United,Cape Town Spurs,2.0,0.0,FINISHED,2024-04-03,1455848,Matchday 23,2023-2024,1455848,H,5.0,8.0,9.0,9.0,0.0,0.6,886.1355341470515,5180000.0,,
Swallows FC,Orlando Pirates,1.0,1.0,FINISHED,2024-04-03,1455769,Matchday 23,2023-2024,1455769,D,5.0,8.0,6.0,17.0,-0.6,0.2,5.889312937022606,,22330000.0,
Golden Arrows,Siwelele,2.0,2.0,FINISHED,2024-04-03,1455756,Matchday 23,2023-2024,1455756,D,6.0,4.0,9.0,11.0,-0.4,-0.4,459.8354704753759,6830000.0,5250000.0,1.3009523809523809
TS Galaxy,Royal AM,3.0,0.0,FINISHED,2024-04-03,1455768,Matchday 23,2023-2024,1455768,H,10.0,7.0,16.0,14.0,0.8,-0.2,494.69623894305175,3680000.0,,
Chippa United,Kaizer Chiefs,2.0,0.0,FINISHED,2024-04-06,1455766,Matchday 24,2023-2024,1455766,H,7.0,5.0,11.0,16.0,0.4,-0.2,753.05841286102,5180000.0,16230000.0,0.31916204559457795
Richards Bay,Swallows FC,1.0,0.0,FINISHED,2024-04-06,1455765,Matchday 24,2023-2024,1455765,H,1.0,6.0,5.0,7.0,-1.2,-0.4,499.30381724432266,6880000.0,,
Orlando Pirates,Golden Arrows,7.0,1.0,FINISHED,2024-04-06,1455764,Matchday 24,2023-2024,1455764,H,8.0,7.0,15.0,10.0,0.2,0.0,507.8973058318857,22330000.0,6830000.0,3.269399707174231
Stellenbosch,Sekhukhune United,0.0,0.0,FINISHED,2024-04-06,1455767,Matchday 24,2023-2024,1455767,D,11.0,13.0,24.0,23.0,1.0,1.2,1515.6973046794312,6080000.0,9700000.0,0.6268041237113402
Siwelele,TS Galaxy,0.0,1.0,FINISHED,2024-04-06,1455763,Matchday 24,2023-2024,1455763,A,5.0,10.0,11.0,19.0,0.0,1.0,620.8932044419288,5250000.0,3680000.0,1.4266304347826086
Cape Town City,AmaZulu,0.0,1.0,FINISHED,2024-04-07,1455760,Matchday 24,2023-2024,1455760,A,3.0,3.0,11.0,10.0,-0.6,-1.0,1273.874589325814,,10880000.0,
Royal AM,Polokwane City,3.0,2.0,FINISHED,2024-04-07,1455761,Matchday 24,2023-2024,1455761,H,6.0,7.0,14.0,12.0,-0.8,0.0,680.0507766550901,,4680000.0,
Cape Town Spurs,Mamelodi Sundowns,0.0,1.0,FINISHED,2024-04-09,1455762,Matchday 24,2023-2024,1455762,A,5.0,11.0,9.0,22.0,-0.2,1.2,1309.0092023555278,,40400000.0,
Swallows FC,Mamelodi Sundowns,2.0,2.0,FINISHED,2024-04-15,1455757,Matchday 25,2023-2024,1455757,D,5.0,13.0,7.0,22.0,-0.6,1.4,63.657616911651566,,40400000.0,
Sekhukhune United,Stellenbosch,1.0,1.0,FINISHED,2024-04-17,1455659,Matchday 15,2023-2024,1455659,D,11.0,11.0,21.0,22.0,1.0,1.0,1515.6973046794312,9700000.0,6080000.0,1.5953947368421053
Siwelele,Polokwane City,1.0,1.0,FINISHED,2024-04-17,1455853,Matchday 20,2023-2024,1455853,D,4.0,4.0,11.0,11.0,-0.2,-0.4,666.4603285034987,5250000.0,4680000.0,1.1217948717948718
Golden Arrows,Royal AM,1.0,1.0,FINISHED,2024-04-20,1455759,Matchday 25,2023-2024,1455759,D,7.0,6.0,10.0,14.0,-1.0,-0.8,6.925397570849175,6830000.0,,
Siwelele,Chippa United,0.0,2.0,FINISHED,2024-04-20,1455754,Matchday 25,2023-2024,1455754,A,4.0,9.0,12.0,14.0,-0.2,0.8,454.90581570858905,5250000.0,5180000.0,1.0135135135135136
Orlando Pirates,AmaZulu,1.0,0.0,FINISHED,2024-04-20,1455772,Matchday 25,2023-2024,1455772,H,8.0,6.0,15.0,13.0,1.2,-0.2,503.02317226140366,22330000.0,10880000.0,2.052389705882353
Sekhukhune United,Cape Town Spurs,1.0,0.0,FINISHED,2024-04-20,1455755,Matchday 25,2023-2024,1455755,H,9.0,2.0,19.0,9.0,0.8,-0.8,1543.6679540867367,9700000.0,,
Polokwane City,Cape Town City,2.0,2.0,FINISHED,2024-04-21,1455753,Matchday 25,2023-2024,1455753,D,5.0,2.0,12.0,8.0,-0.2,-0.8,1543.7319474521614,4680000.0,,
Richards Bay,Kaizer Chiefs,1.0,0.0,FINISHED,2024-04-21,1455771,Matchday 25,2023-2024,1455771,H,4.0,4.0,7.0,13.0,-0.8,-0.6,489.1277826434645,6880000.0,16230000.0,0.4239063462723352
TS Galaxy,Stellenbosch,1.0,2.0,FINISHED,2024-04-21,1455752,Matchday 25,2023-2024,1455752,A,10.0,9.0,22.0,20.0,0.8,0.8,1496.21522813951,3680000.0,6080000.0,0.6052631578947368
Mamelodi Sundowns,Sekhukhune United,2.0,1.0,FINISHED,2024-04-23,1455751,Matchday 26,2023-2024,1455751,H,11.0,9.0,20.0,22.0,0.8,0.4,239.01816026096265,40400000.0,9700000.0,4.164948453608248
Cape Town Spurs,Richards Bay,1.0,0.0,FINISHED,2024-04-26,1455747,Matchday 26,2023-2024,1455747,H,1.0,7.0,9.0,10.0,-1.0,0.0,1415.8509158453583,,6880000.0,
TS Galaxy,Swallows FC,2.0,1.0,FINISHED,2024-04-26,1455745,Matchday 26,2023-2024,1455745,H,10.0,5.0,19.0,7.0,1.0,-0.6,318.34667513138703,3680000.0,,
Stellenbosch,Polokwane City,5.0,0.0,FINISHED,2024-04-27,1455750,Matchday 26,2023-2024,1455750,H,11.0,6.0,20.0,13.0,1.0,0.0,1515.760156328165,6080000.0,4680000.0,1.2991452991452992
Kaizer Chiefs,Siwelele,2.0,1.0,FINISHED,2024-04-27,1455748,Matchday 26,2023-2024,1455748,H,1.0,3.0,10.0,9.0,-1.0,-0.6,369.4351841819827,16230000.0,5250000.0,3.0914285714285716
AmaZulu,Chippa United,2.0,1.0,FINISHED,2024-04-27,1455749,Matchday 26,2023-2024,1455749,H,5.0,9.0,10.0,14.0,-0.4,0.6,461.27259629164047,10880000.0,5180000.0,2.1003861003861
Royal AM,Orlando Pirates,0.0,4.0,FINISHED,2024-04-28,1455746,Matchday 26,2023-2024,1455746,A,7.0,10.0,12.0,15.0,-0.6,1.4,501.29312065190766,,22330000.0,
Cape Town City,Golden Arrows,1.0,1.0,FINISHED,2024-04-28,1455744,Matchday 26,2023-2024,1455744,D,3.0,8.0,9.0,11.0,-0.6,-0.8,1255.9775933974524,,6830000.0,
Mamelodi Sundowns,TS Galaxy,3.0,0.0,FINISHED,2024-04-29,1455677,Matchday 12,2023-2024,1455677,H,11.0,12.0,22.0,22.0,0.6,1.2,273.38745252065416,40400000.0,3680000.0,10.978260869565217
Richards Bay,AmaZulu,2.0,1.0,FINISHED,2024-04-30,1455786,Matchday 27,2023-2024,1455786,H,6.0,7.0,10.0,12.0,-0.2,-0.2,156.37380129368893,6880000.0,10880000.0,0.6323529411764706
Cape Town Spurs,Polokwane City,0.0,1.0,FINISHED,2024-04-30,1455743,Matchday 27,2023-2024,1455743,A,3.0,3.0,11.0,10.0,-0.8,-1.2,1543.7319474521614,,4680000.0,
Cape Town City,Orlando Pirates,0.0,2.0,FINISHED,2024-05-01,1455800,Matchday 27,2023-2024,1455800,A,4.0,10.0,9.0,18.0,-0.2,2.0,1250.0122779478036,,22330000.0,
Chippa United,Swallows FC,1.0,2.0,FINISHED,2024-05-01,1455799,Matchday 27,2023-2024,1455799,A,9.0,5.0,14.0,7.0,0.8,-0.2,753.9476134361341,5180000.0,,
Stellenbosch,Golden Arrows,3.0,0.0,FINISHED,2024-05-01,1455796,Matchday 27,2023-2024,1455796,H,11.0,6.0,20.0,12.0,1.4,-1.0,1216.5174700019006,6080000.0,6830000.0,0.890190336749634
Royal AM,Siwelele,0.0,1.0,FINISHED,2024-05-01,1455798,Matchday 27,2023-2024,1455798,A,4.0,2.0,11.0,6.0,-1.8,-0.8,456.58950795785546,,5250000.0,
Kaizer Chiefs,Mamelodi Sundowns,1.0,5.0,FINISHED,2024-05-02,1455758,Matchday 27,2023-2024,1455758,A,4.0,13.0,10.0,22.0,-0.6,1.2,58.65727490670219,16230000.0,40400000.0,0.40173267326732676
Sekhukhune United,TS Galaxy,0.0,0.0,FINISHED,2024-05-03,1455797,Matchday 27,2023-2024,1455797,D,6.0,9.0,21.0,19.0,0.0,0.2,225.8571765261528,9700000.0,3680000.0,2.635869565217391
Kaizer Chiefs,TS Galaxy,2.0,2.0,FINISHED,2024-05-07,1455822,Matchday 17,2023-2024,1455822,D,3.0,7.0,9.0,17.0,-1.4,-0.4,307.1715110310044,16230000.0,3680000.0,4.4103260869565215
Siwelele,Sekhukhune United,1.0,1.0,FINISHED,2024-05-07,1455820,Matchday 17,2023-2024,1455820,D,4.0,6.0,9.0,19.0,-0.6,0.0,666.410273920029,5250000.0,9700000.0,0.5412371134020618
Cape Town City,Swallows FC,2.0,0.0,FINISHED,2024-05-07,1455823,Matchday 17,2023-2024,1455823,H,3.0,5.0,6.0,10.0,-0.6,-0.2,1246.3111609025605,,,
Royal AM,Cape Town Spurs,0.0,1.0,FINISHED,2024-05-07,1455832,Matchday 17,2023-2024,1455832,A,4.0,3.0,11.0,11.0,-1.4,-0.8,1256.623529163144,,,
Golden Arrows,Mamelodi Sundowns,0.0,0.0,FINISHED,2024-05-08,1455819,Matchday 17,2023-2024,1455819,D,3.0,13.0,9.0,24.0,-1.8,1.8,537.6085491295763,6830000.0,40400000.0,0.16905940594059407
Stellenbosch,AmaZulu,0.0,0.0,FINISHED,2024-05-08,1455821,Matchday 17,2023-2024,1455821,D,11.0,7.0,22.0,9.0,1.8,0.0,1234.5377123884953,6080000.0,10880000.0,0.5588235294117647
Polokwane City,Richards Bay,0.0,0.0,FINISHED,2024-05-08,1455817,Matchday 17,2023-2024,1455817,D,5.0,9.0,12.0,10.0,-1.0,0.2,594.599100630916,4680000.0,6880000.0,0.6802325581395349
Orlando Pirates,Chippa United,2.0,0.0,FINISHED,2024-05-08,1455831,Matchday 17,2023-2024,1455831,H,13.0,9.0,21.0,14.0,2.6,0.8,753.3552243406666,22330000.0,5180000.0,4.3108108108108105
Siwelele,Cape Town Spurs,0.0,0.0,FINISHED,2024-05-10,1455795,Matchday 28,2023-2024,1455795,D,5.0,6.0,9.0,11.0,-0.4,-0.2,908.4018379382446,5250000.0,,
Polokwane City,Sekhukhune United,0.0,0.0,FINISHED,2024-05-11,1455794,Matchday 28,2023-2024,1455794,D,6.0,6.0,10.0,17.0,-0.8,0.0,0.08283526967326009,4680000.0,9700000.0,0.4824742268041237
Swallows FC,Stellenbosch,2.0,0.0,FINISHED,2024-05-11,1455793,Matchday 28,2023-2024,1455793,H,4.0,11.0,10.0,22.0,-0.6,1.8,1217.1029445092097,,6080000.0,
Mamelodi Sundowns,Royal AM,1.0,0.0,FINISHED,2024-05-11,1455791,Matchday 28,2023-2024,1455791,H,11.0,4.0,24.0,10.0,1.6,-1.0,530.8250357544052,40400000.0,,
Orlando Pirates,Richards Bay,0.0,1.0,FINISHED,2024-05-11,1455790,Matchday 28,2023-2024,1455790,A,15.0,10.0,23.0,11.0,3.0,0.4,494.1785726193095,22330000.0,6880000.0,3.245639534883721
Cape Town City,TS Galaxy,1.0,1.0,FINISHED,2024-05-12,1455789,Matchday 28,2023-2024,1455789,D,5.0,5.0,8.0,15.0,-0.2,-0.6,1528.712355504249,,3680000.0,
Golden Arrows,Chippa United,1.0,1.0,FINISHED,2024-05-12,1455770,Matchday 28,2023-2024,1455770,D,3.0,6.0,10.0,13.0,-1.8,0.0,441.1636950664042,6830000.0,5180000.0,1.3185328185328185
AmaZulu,Kaizer Chiefs,1.0,1.0,FINISHED,2024-05-12,1455792,Matchday 28,2023-2024,1455792,D,7.0,4.0,10.0,9.0,0.0,-1.2,499.21680619064676,10880000.0,16230000.0,0.6703635243376463
Royal AM,Mamelodi Sundowns,0.0,2.0,FINISHED,2024-05-14,1455647,Matchday 9,2023-2024,1455647,A,1.0,13.0,7.0,24.0,-1.4,1.8,530.8250357544052,,40400000.0,
Cape Town City,Richards Bay,3.0,1.0,FINISHED,2024-05-18,1455787,Matchday 29,2023-2024,1455787,H,6.0,10.0,8.0,14.0,0.0,0.4,1415.8509158453583,,6880000.0,
Golden Arrows,Cape Town Spurs,1.0,1.0,FINISHED,2024-05-18,1455861,Matchday 29,2023-2024,1455861,D,4.0,7.0,11.0,9.0,-0.6,0.0,1255.9775933974524,6830000.0,,
Sekhukhune United,AmaZulu,0.0,1.0,FINISHED,2024-05-18,1455783,Matchday 29,2023-2024,1455783,A,6.0,5.0,15.0,11.0,0.0,-0.2,674.5546298160202,9700000.0,10880000.0,0.8915441176470589
Kaizer Chiefs,Polokwane City,0.0,0.0,FINISHED,2024-05-18,1455785,Matchday 29,2023-2024,1455785,D,5.0,6.0,9.0,11.0,-0.8,-0.8,297.2773652263127,16230000.0,4680000.0,3.467948717948718
TS Galaxy,Orlando Pirates,1.0,0.0,FINISHED,2024-05-18,1455780,Matchday 29,2023-2024,1455780,H,6.0,12.0,16.0,20.0,-0.4,1.6,312.8377902530316,3680000.0,22330000.0,0.16480071652485445
Siwelele,Swallows FC,2.0,0.0,FINISHED,2024-05-18,1455781,Matchday 29,2023-2024,1455781,H,5.0,7.0,9.0,12.0,-0.4,0.0,364.9662233067797,5250000.0,,
Royal AM,Chippa United,0.0,0.0,FINISHED,2024-05-18,1455784,Matchday 29,2023-2024,1455784,D,0.0,4.0,7.0,13.0,-1.8,-0.4,444.9043999405845,,5180000.0,
Stellenbosch,Mamelodi Sundowns,0.0,1.0,FINISHED,2024-05-18,1455782,Matchday 29,2023-2024,1455782,A,10.0,13.0,19.0,24.0,1.4,2.0,1280.0575148753778,6080000.0,40400000.0,0.1504950495049505
TS Galaxy,Mamelodi Sundowns,1.0,1.0,FINISHED,2024-05-21,1455852,Matchday 20,2023-2024,1455852,D,6.0,13.0,18.0,26.0,-0.4,1.6,273.38745252065416,3680000.0,40400000.0,0.09108910891089109
Richards Bay,Stellenbosch,2.0,1.0,FINISHED,2024-05-25,1455773,Matchday 30,2023-2024,1455773,H,7.0,7.0,14.0,18.0,-0.2,1.0,1377.396602947712,6880000.0,6080000.0,1.131578947368421
Polokwane City,TS Galaxy,1.0,0.0,FINISHED,2024-05-25,1455774,Matchday 30,2023-2024,1455774,H,6.0,7.0,12.0,16.0,-0.8,0.2,225.81389740526924,4680000.0,3680000.0,1.2717391304347827
Chippa United,Sekhukhune United,0.0,1.0,FINISHED,2024-05-25,1455777,Matchday 30,2023-2024,1455777,A,2.0,3.0,11.0,12.0,-0.8,-0.4,1021.3060443774077,5180000.0,9700000.0,0.534020618556701
Orlando Pirates,Siwelele,1.0,1.0,FINISHED,2024-05-25,1455775,Matchday 30,2023-2024,1455775,D,9.0,8.0,19.0,11.0,1.2,0.4,367.02395017310073,22330000.0,5250000.0,4.253333333333333
AmaZulu,Golden Arrows,1.0,3.0,FINISHED,2024-05-25,1455779,Matchday 30,2023-2024,1455779,A,8.0,4.0,13.0,12.0,0.2,-0.6,20.109034086532077,10880000.0,6830000.0,1.5929721815519766
Mamelodi Sundowns,Cape Town City,0.0,1.0,FINISHED,2024-05-25,1455776,Matchday 30,2023-2024,1455776,A,11.0,8.0,24.0,11.0,0.8,0.4,1309.0092023555278,40400000.0,,
Cape Town Spurs,Kaizer Chiefs,2.0,0.0,FINISHED,2024-05-25,1455778,Matchday 30,2023-2024,1455778,H,8.0,6.0,9.0,7.0,0.2,-0.6,1253.9829474188039,,16230000.0,
Swallows FC,Royal AM,1.0,2.0,FINISHED,2024-05-25,1455788,Matchday 30,2023-2024,1455788,A,6.0,1.0,11.0,5.0,-0.4,-1.0,505.1230639312536,,,
Marumo Gallants,Kaizer Chiefs,1.0,2.0,FINISHED,2024-09-14,1557225,Matchday 1,2024-2025,1557225,A,5.0,3.0,14.0,7.0,-0.4,-1.2,369.4351841819827,2930000.0,16230000.0,0.18052988293284042
Royal AM,Cape Town City,1.0,1.0,FINISHED,2024-09-14,1557198,Matchday 1,2024-2025,1557198,D,4.0,10.0,8.0,14.0,-0.6,0.6,1256.623529163144,,,
Polokwane City,AmaZulu,2.0,1.0,FINISHED,2024-09-14,1557223,Matchday 1,2024-2025,1557223,H,9.0,5.0,12.0,12.0,0.4,-0.4,674.548969699843,4680000.0,10880000.0,0.43014705882352944
Richards Bay,TS Galaxy,1.0,0.0,FINISHED,2024-09-15,1557221,Matchday 1,2024-2025,1557221,H,10.0,6.0,16.0,13.0,0.2,0.0,381.57695986500306,6880000.0,3680000.0,1.8695652173913044
Mamelodi Sundowns,Siwelele,2.0,0.0,FINISHED,2024-09-17,1557212,Matchday 1,2024-2025,1557212,H,10.0,9.0,21.0,11.0,0.6,0.6,428.0130608722853,40400000.0,5250000.0,7.695238095238095
Stellenbosch,Golden Arrows,0.0,2.0,FINISHED,2024-09-18,1557220,Matchday 1,2024-2025,1557220,A,4.0,6.0,15.0,12.0,-0.2,-0.2,1216.5174700019006,6080000.0,6830000.0,0.890190336749634
Orlando Pirates,Chippa United,2.0,1.0,FINISHED,2024-09-18,1557224,Matchday 1,2024-2025,1557224,H,7.0,2.0,17.0,11.0,0.4,-0.8,753.3552243406666,22330000.0,5180000.0,4.3108108108108105
Sekhukhune United,Magesi,1.0,0.0,FINISHED,2024-09-18,1557222,Matchday 1,2024-2025,1557222,H,6.0,,12.0,,0.0,,11.174947881982355,9700000.0,,
Chippa United,Richards Bay,1.0,0.0,FINISHED,2024-09-21,1557227,Matchday 2,2024-2025,1557227,H,2.0,10.0,11.0,19.0,-0.8,0.2,617.6414829288439,5180000.0,6880000.0,0.752906976744186
Magesi,Polokwane City,0.0,2.0,FINISHED,2024-09-21,1557216,Matchday 2,2024-2025,1557216,A,0.0,9.0,0.0,14.0,-1.0,0.4,11.225364333413253,,4680000.0,
Golden Arrows,Marumo Gallants,2.0,0.0,FINISHED,2024-09-21,1557217,Matchday 2,2024-2025,1557217,H,9.0,2.0,12.0,11.0,0.8,-1.0,459.8354704753759,6830000.0,2930000.0,2.3310580204778155
Siwelele,Royal AM,0.0,0.0,FINISHED,2024-09-21,1557215,Matchday 2,2024-2025,1557215,D,6.0,5.0,10.0,9.0,0.0,-0.4,456.58950795785546,5250000.0,,
Mamelodi Sundowns,Marumo Gallants,4.0,1.0,FINISHED,2024-09-24,1557210,Matchday 3,2024-2025,1557210,H,10.0,1.0,23.0,10.0,0.8,-1.4,428.0130608722853,40400000.0,2930000.0,13.788395904436861
Royal AM,Richards Bay,0.0,0.0,FINISHED,2024-09-24,1557209,Matchday 3,2024-2025,1557209,D,6.0,9.0,7.0,19.0,-0.2,0.0,172.9234678429387,,6880000.0,
Orlando Pirates,Polokwane City,3.0,0.0,FINISHED,2024-09-24,1557211,Matchday 3,2024-2025,1557211,H,7.0,11.0,20.0,17.0,0.2,0.8,300.07367905105605,22330000.0,4680000.0,4.771367521367521
Stellenbosch,Cape Town City,3.0,0.0,FINISHED,2024-09-25,1557205,Matchday 3,2024-2025,1557205,H,1.0,11.0,12.0,14.0,-1.2,1.0,42.85210673528772,6080000.0,,
Siwelele,TS Galaxy,1.0,0.0,FINISHED,2024-09-25,1557206,Matchday 3,2024-2025,1557206,H,6.0,5.0,11.0,10.0,0.0,-0.2,620.8932044419288,5250000.0,3680000.0,1.4266304347826086
AmaZulu,Kaizer Chiefs,1.0,3.0,FINISHED,2024-09-25,1557204,Matchday 3,2024-2025,1557204,A,5.0,6.0,12.0,9.0,-0.4,-0.2,499.21680619064676,10880000.0,16230000.0,0.6703635243376463
Sekhukhune United,Chippa United,1.0,1.0,FINISHED,2024-09-25,1557207,Matchday 3,2024-2025,1557207,D,8.0,5.0,14.0,11.0,0.2,-0.2,1021.3060443774077,9700000.0,5180000.0,1.8725868725868726
Golden Arrows,Magesi,0.0,1.0,FINISHED,2024-09-26,1557208,Matchday 3,2024-2025,1557208,A,11.0,0.0,14.0,0.0,1.2,-1.5,696.1518864947277,6830000.0,,
Marumo Gallants,AmaZulu,1.0,0.0,FINISHED,2024-09-28,1557257,Matchday 4,2024-2025,1557257,H,0.0,4.0,9.0,11.0,-2.0,-0.8,469.9550370235814,2930000.0,10880000.0,0.2693014705882353
Cape Town City,Siwelele,1.0,0.0,FINISHED,2024-09-28,1557200,Matchday 4,2024-2025,1557200,H,8.0,8.0,13.0,13.0,0.0,0.2,908.4018379382446,,5250000.0,
Kaizer Chiefs,Mamelodi Sundowns,1.0,2.0,FINISHED,2024-09-28,1557202,Matchday 4,2024-2025,1557202,A,8.0,10.0,12.0,23.0,0.2,1.0,58.65727490670219,16230000.0,40400000.0,0.40173267326732676
Magesi,Royal AM,0.0,0.0,FINISHED,2024-09-28,1557201,Matchday 4,2024-2025,1557201,D,3.0,7.0,3.0,7.0,-0.6666666666666666,0.2,689.2601499614676,,,
Sekhukhune United,Golden Arrows,2.0,0.0,FINISHED,2024-09-28,1557203,Matchday 4,2024-2025,1557203,H,8.0,10.0,14.0,14.0,0.2,1.0,686.9395752773827,9700000.0,6830000.0,1.4202049780380674
Chippa United,TS Galaxy,2.0,1.0,FINISHED,2024-09-29,1557242,Matchday 4,2024-2025,1557242,H,5.0,4.0,9.0,10.0,-0.2,-0.4,888.662992481296,5180000.0,3680000.0,1.4076086956521738
Richards Bay,Orlando Pirates,0.0,1.0,FINISHED,2024-09-29,1557214,Matchday 4,2024-2025,1557214,A,7.0,7.0,17.0,22.0,-0.2,0.4,494.1785726193095,6880000.0,22330000.0,0.3081056874160322
Polokwane City,Stellenbosch,1.0,1.0,FINISHED,2024-09-29,1557138,Matchday 4,2024-2025,1557138,D,10.0,3.0,16.0,14.0,0.2,-0.6,1515.760156328165,4680000.0,6080000.0,0.7697368421052632
Orlando Pirates,Siwelele,2.0,0.0,FINISHED,2024-10-22,1557139,Matchday 12,2024-2025,1557139,H,10.0,5.0,22.0,13.0,0.8,-0.4,367.02395017310073,22330000.0,5250000.0,4.253333333333333
Chippa United,Stellenbosch,0.0,2.0,FINISHED,2024-10-23,1557314,Matchday 12,2024-2025,1557314,A,7.0,4.0,9.0,14.0,0.0,-0.2,843.8903781142693,5180000.0,6080000.0,0.8519736842105263
Mamelodi Sundowns,Royal AM,2.0,1.0,FINISHED,2024-10-23,1557195,Matchday 12,2024-2025,1557195,H,10.0,7.0,23.0,8.0,1.0,0.2,530.8250357544052,40400000.0,,
Orlando Pirates,AmaZulu,2.0,1.0,FINISHED,2024-10-25,1557255,Matchday 5,2024-2025,1557255,H,13.0,3.0,22.0,8.0,1.4,-1.0,503.02317226140366,22330000.0,10880000.0,2.052389705882353
Marumo Gallants,TS Galaxy,1.0,1.0,FINISHED,2024-10-26,1557253,Matchday 5,2024-2025,1557253,D,3.0,1.0,9.0,7.0,-1.4,-0.8,620.8932044419288,2930000.0,3680000.0,0.7961956521739131
Royal AM,Sekhukhune United,2.0,0.0,FINISHED,2024-10-26,1557250,Matchday 5,2024-2025,1557250,H,4.0,10.0,8.0,16.0,-0.2,0.6,680.0544179606063,,9700000.0,
Richards Bay,Stellenbosch,0.0,0.0,FINISHED,2024-10-26,1557254,Matchday 5,2024-2025,1557254,D,7.0,7.0,14.0,14.0,0.0,0.4,1377.396602947712,6880000.0,6080000.0,1.131578947368421
Siwelele,Kaizer Chiefs,1.0,0.0,FINISHED,2024-10-26,1557252,Matchday 5,2024-2025,1557252,H,4.0,7.0,13.0,12.0,-0.8,0.0,369.4351841819827,5250000.0,16230000.0,0.3234750462107209
Chippa United,Golden Arrows,2.0,0.0,FINISHED,2024-10-26,1557251,Matchday 5,2024-2025,1557251,H,7.0,9.0,9.0,13.0,-0.2,0.6,441.1636950664042,5180000.0,6830000.0,0.7584187408491947
Cape Town City,Magesi,0.0,0.0,FINISHED,2024-10-27,1557249,Matchday 5,2024-2025,1557249,D,10.0,4.0,16.0,4.0,0.2,-0.5,1544.1162690420529,,,
Polokwane City,Mamelodi Sundowns,1.0,0.0,FINISHED,2024-10-27,1557248,Matchday 5,2024-2025,1557248,H,10.0,12.0,16.0,23.0,0.2,1.2,239.07194874410342,4680000.0,40400000.0,0.11584158415841585
AmaZulu,Chippa United,2.0,0.0,FINISHED,2024-10-29,1557247,Matchday 6,2024-2025,1557247,H,0.0,10.0,8.0,12.0,-1.4,0.4,461.27259629164047,10880000.0,5180000.0,2.1003861003861
Sekhukhune United,Richards Bay,2.0,0.0,FINISHED,2024-10-29,1557246,Matchday 6,2024-2025,1557246,H,10.0,5.0,13.0,15.0,0.4,-0.2,594.6220991882807,9700000.0,6880000.0,1.4098837209302326
TS Galaxy,Orlando Pirates,0.0,2.0,FINISHED,2024-10-29,1557245,Matchday 6,2024-2025,1557245,A,1.0,15.0,8.0,22.0,-0.8,1.6,312.8377902530316,3680000.0,22330000.0,0.16480071652485445
Magesi,Kaizer Chiefs,2.0,2.0,FINISHED,2024-10-30,1557241,Matchday 6,2024-2025,1557241,D,5.0,6.0,5.0,12.0,-0.4,-0.2,300.0781538760699,,16230000.0,
Mamelodi Sundowns,Cape Town City,3.0,0.0,FINISHED,2024-10-30,1557197,Matchday 6,2024-2025,1557197,H,12.0,8.0,22.0,16.0,1.2,-0.2,1309.0092023555278,40400000.0,,
Golden Arrows,Siwelele,0.0,0.0,FINISHED,2024-10-30,1557226,Matchday 6,2024-2025,1557226,D,6.0,7.0,12.0,13.0,-0.2,-0.2,459.8354704753759,6830000.0,5250000.0,1.3009523809523809
Royal AM,Polokwane City,0.0,1.0,FINISHED,2024-10-30,1557240,Matchday 6,2024-2025,1557240,A,6.0,10.0,11.0,19.0,0.2,0.2,680.0507766550901,,4680000.0,
Stellenbosch,Marumo Gallants,1.0,0.0,FINISHED,2024-10-31,1557243,Matchday 6,2024-2025,1557243,H,8.0,4.0,12.0,9.0,0.6,-1.0,875.4385978904638,6080000.0,2930000.0,2.0750853242320817
Orlando Pirates,Richards Bay,1.0,0.0,FINISHED,2024-11-05,1557333,Matchday 17,2024-2025,1557333,H,15.0,2.0,22.0,12.0,1.8,-0.8,494.1785726193095,22330000.0,6880000.0,3.245639534883721
Mamelodi Sundowns,Polokwane City,2.0,0.0,FINISHED,2024-11-06,1557336,Matchday 17,2024-2025,1557336,H,12.0,10.0,22.0,19.0,1.4,0.2,239.07194874410342,40400000.0,4680000.0,8.632478632478632
Stellenbosch,TS Galaxy,1.0,1.0,FINISHED,2024-11-06,1557186,Matchday 13,2024-2025,1557186,D,11.0,1.0,12.0,7.0,1.2,-1.0,1496.21522813951,6080000.0,3680000.0,1.6521739130434783
Chippa United,Siwelele,0.0,0.0,FINISHED,2024-11-26,1557231,Matchday 8,2024-2025,1557231,D,7.0,7.0,12.0,13.0,-0.2,-0.2,454.90581570858905,5180000.0,5250000.0,0.9866666666666667
Sekhukhune United,TS Galaxy,1.0,3.0,FINISHED,2024-11-26,1557244,Matchday 8,2024-2025,1557244,A,10.0,2.0,16.0,7.0,0.6,-0.8,225.8571765261528,9700000.0,3680000.0,2.635869565217391
Royal AM,Golden Arrows,2.0,3.0,FINISHED,2024-11-26,1557229,Matchday 8,2024-2025,1557229,A,5.0,4.0,11.0,13.0,0.0,-0.6,6.925397570849175,,6830000.0,
Kaizer Chiefs,Richards Bay,2.0,1.0,FINISHED,2024-11-27,1557164,Matchday 8,2024-2025,1557164,H,7.0,2.0,10.0,11.0,0.2,-0.8,489.1277826434645,16230000.0,6880000.0,2.359011627906977
Cape Town City,Polokwane City,1.0,0.0,FINISHED,2024-11-27,1557199,Matchday 8,2024-2025,1557199,H,5.0,7.0,15.0,18.0,-1.0,-0.6,1543.7319474521614,,4680000.0,
Siwelele,Marumo Gallants,0.0,1.0,FINISHED,2024-11-29,1557232,Matchday 7,2024-2025,1557232,A,5.0,4.0,13.0,6.0,-0.4,-1.0,0.0,5250000.0,2930000.0,1.7918088737201365
Kaizer Chiefs,Royal AM,2.0,2.0,FINISHED,2024-11-30,1557236,Matchday 7,2024-2025,1557236,D,7.0,4.0,13.0,11.0,0.2,-0.2,497.6487365037908,16230000.0,,
Richards Bay,AmaZulu,1.0,3.0,FINISHED,2024-11-30,1557239,Matchday 7,2024-2025,1557239,A,1.0,3.0,8.0,8.0,-1.0,-0.6,156.37380129368893,6880000.0,10880000.0,0.6323529411764706
Chippa United,Magesi,2.0,0.0,FINISHED,2024-11-30,1557234,Matchday 7,2024-2025,1557234,H,7.0,6.0,12.0,6.0,-0.2,-0.2,1027.8230520333616,5180000.0,,
Mamelodi Sundowns,Sekhukhune United,3.0,0.0,FINISHED,2024-11-30,1557237,Matchday 7,2024-2025,1557237,H,12.0,7.0,22.0,15.0,1.2,0.0,239.01816026096265,40400000.0,9700000.0,4.164948453608248
Orlando Pirates,Stellenbosch,0.0,1.0,FINISHED,2024-12-01,1557233,Matchday 7,2024-2025,1557233,A,15.0,9.0,22.0,12.0,1.4,0.6,1220.6858842275062,22330000.0,6080000.0,3.6726973684210527
Golden Arrows,Cape Town City,3.0,2.0,FINISHED,2024-12-01,1557238,Matchday 7,2024-2025,1557238,H,4.0,7.0,15.0,18.0,-0.8,-0.8,1255.9775933974524,6830000.0,,
Polokwane City,TS Galaxy,1.0,1.0,FINISHED,2024-12-01,1557235,Matchday 7,2024-2025,1557235,D,7.0,5.0,17.0,9.0,-0.2,-0.2,225.81389740526924,4680000.0,3680000.0,1.2717391304347827
Richards Bay,Siwelele,0.0,1.0,FINISHED,2024-12-06,1557161,Matchday 9,2024-2025,1557161,A,1.0,5.0,8.0,10.0,-1.2,-0.4,568.4884950647302,6880000.0,5250000.0,1.3104761904761906
Sekhukhune United,Cape Town City,1.0,0.0,FINISHED,2024-12-07,1557158,Matchday 9,2024-2025,1557158,H,6.0,7.0,14.0,15.0,-0.6,-0.4,1543.6679540867367,9700000.0,,
TS Galaxy,AmaZulu,1.0,0.0,FINISHED,2024-12-07,1557159,Matchday 9,2024-2025,1557159,H,6.0,6.0,7.0,11.0,0.0,0.0,485.7237565219576,3680000.0,10880000.0,0.3382352941176471
Stellenbosch,Royal AM,,,UPCOMING,2024-12-07,1557163,Matchday 9,2024-2025,1557163,,11.0,4.0,15.0,11.0,0.8,-0.2,1217.2577336136833,6080000.0,,
Marumo Gallants,Magesi,3.0,1.0,FINISHED,2024-12-07,1557160,Matchday 9,2024-2025,1557160,H,7.0,6.0,8.0,6.0,-0.4,-0.2,669.483723717032,2930000.0,,
Polokwane City,Kaizer Chiefs,2.0,0.0,FINISHED,2024-12-08,1557156,Matchday 9,2024-2025,1557156,H,7.0,5.0,17.0,13.0,-0.2,-0.2,297.2773652263127,4680000.0,16230000.0,0.28835489833641403
AmaZulu,Royal AM,2.0,1.0,FINISHED,2024-12-13,1557155,Matchday 10,2024-2025,1557155,H,6.0,4.0,10.0,8.0,0.2,0.0,17.3943183164239,10880000.0,,
Chippa United,Cape Town City,0.0,1.0,FINISHED,2024-12-14,1557168,Matchday 10,2024-2025,1557168,A,7.0,4.0,14.0,14.0,0.0,-0.8,886.1355341470515,5180000.0,,
Siwelele,Magesi,1.0,0.0,FINISHED,2024-12-14,1557150,Matchday 10,2024-2025,1557150,H,8.0,3.0,12.0,6.0,0.2,-0.8,669.483723717032,5250000.0,,
Golden Arrows,Richards Bay,0.0,1.0,FINISHED,2024-12-14,1557153,Matchday 10,2024-2025,1557153,A,7.0,0.0,17.0,5.0,-0.4,-1.4,176.48139239943563,6830000.0,6880000.0,0.9927325581395349
Polokwane City,Marumo Gallants,1.0,0.0,FINISHED,2024-12-15,1557149,Matchday 10,2024-2025,1557149,H,7.0,10.0,17.0,10.0,0.0,0.6,666.4603285034987,4680000.0,2930000.0,1.5972696245733788
TS Galaxy,Kaizer Chiefs,1.0,1.0,FINISHED,2024-12-16,1557148,Matchday 10,2024-2025,1557148,D,8.0,5.0,9.0,12.0,0.2,-0.4,307.1715110310044,3680000.0,16230000.0,0.22674060382008626
Stellenbosch,Mamelodi Sundowns,0.0,1.0,FINISHED,2024-12-18,1557151,Matchday 10,2024-2025,1557151,A,8.0,12.0,15.0,22.0,0.5,1.6,1280.0575148753778,6080000.0,40400000.0,0.1504950495049505
Orlando Pirates,Marumo Gallants,8.0,1.0,FINISHED,2024-12-24,1557375,Matchday 20,2024-2025,1557375,H,12.0,7.0,22.0,10.0,1.0,0.2,367.02395017310073,22330000.0,2930000.0,7.621160409556314
AmaZulu,Mamelodi Sundowns,0.0,1.0,FINISHED,2024-12-24,1557165,Matchday 8,2024-2025,1557165,A,9.0,12.0,12.0,24.0,0.6,1.6,530.738182466435,10880000.0,40400000.0,0.2693069306930693
Siwelele,Stellenbosch,1.0,1.0,FINISHED,2024-12-28,1557144,Matchday 11,2024-2025,1557144,D,8.0,7.0,15.0,15.0,0.2,0.25,875.4385978904638,5250000.0,6080000.0,0.8634868421052632
Sekhukhune United,Marumo Gallants,1.0,0.0,FINISHED,2024-12-28,1557145,Matchday 11,2024-2025,1557145,H,6.0,6.0,16.0,10.0,-0.8,-1.2,666.410273920029,9700000.0,2930000.0,3.310580204778157
Richards Bay,Mamelodi Sundowns,0.0,2.0,FINISHED,2024-12-28,1557147,Matchday 11,2024-2025,1557147,A,3.0,15.0,5.0,27.0,-0.8,2.0,504.13032975002403,6880000.0,40400000.0,0.1702970297029703
Golden Arrows,Polokwane City,0.0,0.0,FINISHED,2024-12-28,1557146,Matchday 11,2024-2025,1557146,D,7.0,7.0,16.0,17.0,-0.2,0.0,686.9358434887893,6830000.0,4680000.0,1.4594017094017093
Royal AM,TS Galaxy,1.0,3.0,FINISHED,2024-12-29,1557143,Matchday 11,2024-2025,1557143,A,1.0,9.0,7.0,10.0,-0.75,0.6,494.69623894305175,,3680000.0,
Magesi,Orlando Pirates,0.0,1.0,FINISHED,2024-12-29,1557142,Matchday 11,2024-2025,1557142,A,2.0,12.0,6.0,25.0,-1.0,2.0,302.680704101384,,22330000.0,
Cape Town City,AmaZulu,0.0,1.0,FINISHED,2024-12-29,1557141,Matchday 11,2024-2025,1557141,A,6.0,9.0,14.0,9.0,-0.6,0.6,1273.874589325814,,10880000.0,
Kaizer Chiefs,Chippa United,1.0,0.0,FINISHED,2024-12-29,1557140,Matchday 11,2024-2025,1557140,H,6.0,7.0,12.0,14.0,-0.2,0.2,753.05841286102,16230000.0,5180000.0,3.1332046332046333
TS Galaxy,Magesi,0.0,0.0,FINISHED,2025-01-04,1557182,Matchday 12,2024-2025,1557182,D,11.0,1.0,13.0,6.0,1.0,-1.2,236.977316740276,3680000.0,,
Marumo Gallants,Richards Bay,0.0,0.0,FINISHED,2025-01-04,1557194,Matchday 12,2024-2025,1557194,D,6.0,3.0,10.0,5.0,-1.2,-1.0,568.4884950647302,2930000.0,6880000.0,0.4258720930232558
AmaZulu,Golden Arrows,0.0,0.0,FINISHED,2025-01-04,1557196,Matchday 12,2024-2025,1557196,D,9.0,8.0,12.0,14.0,0.4,0.2,20.109034086532077,10880000.0,6830000.0,1.5929721815519766
Polokwane City,Sekhukhune United,1.0,1.0,FINISHED,2025-01-05,1557193,Matchday 12,2024-2025,1557193,D,8.0,9.0,15.0,19.0,0.4,-0.2,0.08283526967326009,4680000.0,9700000.0,0.4824742268041237
Cape Town City,Kaizer Chiefs,1.0,0.0,FINISHED,2025-01-05,1557192,Matchday 12,2024-2025,1557192,H,6.0,8.0,11.0,15.0,-0.2,0.0,1253.9829474188039,,16230000.0,
Cape Town City,Orlando Pirates,1.0,0.0,FINISHED,2025-01-08,1557218,Matchday 2,2024-2025,1557218,H,6.0,12.0,13.0,27.0,-0.2,2.0,1250.0122779478036,,22330000.0,
Kaizer Chiefs,Stellenbosch,2.0,1.0,FINISHED,2025-01-08,1557213,Matchday 2,2024-2025,1557213,H,5.0,5.0,12.0,16.0,-0.4,0.0,1224.541902196886,16230000.0,6080000.0,2.669407894736842
AmaZulu,Sekhukhune United,0.0,2.0,FINISHED,2025-01-08,1557228,Matchday 2,2024-2025,1557228,A,7.0,7.0,13.0,17.0,0.0,-0.6,674.5546298160202,10880000.0,9700000.0,1.1216494845360825
Magesi,AmaZulu,0.0,1.0,FINISHED,2025-01-11,1557190,Matchday 13,2024-2025,1557190,A,1.0,7.0,7.0,13.0,-1.2,-0.2,683.911466747501,,10880000.0,
Marumo Gallants,Cape Town City,1.0,0.0,FINISHED,2025-01-11,1557188,Matchday 13,2024-2025,1557188,H,4.0,9.0,11.0,16.0,-1.4,0.2,908.4018379382446,2930000.0,,
Chippa United,Royal AM,,,UPCOMING,2025-01-11,1557187,Matchday 13,2024-2025,1557187,,4.0,1.0,14.0,6.0,-0.4,-1.0,444.9043999405845,5180000.0,,
Kaizer Chiefs,Golden Arrows,0.0,1.0,FINISHED,2025-01-12,1557185,Matchday 13,2024-2025,1557185,A,7.0,8.0,12.0,12.0,-0.2,0.2,504.272327791487,16230000.0,6830000.0,2.376281112737921
Siwelele,Sekhukhune United,0.0,3.0,FINISHED,2025-01-12,1557166,Matchday 13,2024-2025,1557166,A,8.0,10.0,15.0,17.0,0.2,0.2,666.410273920029,5250000.0,9700000.0,0.5412371134020618
Cape Town City,Richards Bay,2.0,1.0,FINISHED,2025-01-17,1557181,Matchday 14,2024-2025,1557181,H,9.0,4.0,13.0,5.0,0.2,-0.8,1415.8509158453583,,6880000.0,
Siwelele,Polokwane City,0.0,1.0,FINISHED,2025-01-17,1557258,Matchday 14,2024-2025,1557258,A,7.0,9.0,12.0,16.0,-0.4,0.6,666.4603285034987,5250000.0,4680000.0,1.1217948717948718
Golden Arrows,TS Galaxy,1.0,1.0,FINISHED,2025-01-18,1557180,Matchday 14,2024-2025,1557180,D,8.0,9.0,12.0,14.0,0.2,0.6,501.2492909934793,6830000.0,3680000.0,1.8559782608695652
Chippa United,Marumo Gallants,2.0,2.0,FINISHED,2025-01-18,1557178,Matchday 14,2024-2025,1557178,D,4.0,4.0,11.0,14.0,0.0,-1.6,454.90581570858905,5180000.0,2930000.0,1.7679180887372015
Kaizer Chiefs,Sekhukhune United,1.0,0.0,FINISHED,2025-01-19,1557177,Matchday 14,2024-2025,1557177,H,7.0,13.0,12.0,19.0,0.0,1.4,297.22531271282986,16230000.0,9700000.0,1.6731958762886598
Magesi,Mamelodi Sundowns,1.0,2.0,FINISHED,2025-01-22,1557179,Matchday 14,2024-2025,1557179,A,1.0,15.0,7.0,27.0,-1.0,1.8,241.6252502807211,,40400000.0,
Royal AM,Orlando Pirates,,,UPCOMING,2025-01-23,1557183,Matchday 14,2024-2025,1557183,,1.0,9.0,5.0,24.0,-1.0,1.4,501.29312065190766,,22330000.0,
AmaZulu,Stellenbosch,0.0,5.0,FINISHED,2025-01-23,1557176,Matchday 14,2024-2025,1557176,A,7.0,4.0,16.0,13.0,-0.2,-0.25,1234.5377123884953,10880000.0,6080000.0,1.7894736842105263
Richards Bay,Magesi,0.0,0.0,FINISHED,2025-01-31,1557175,Matchday 15,2024-2025,1557175,D,4.0,1.0,5.0,4.0,-0.6,-0.8,605.0542792381086,6880000.0,,
Polokwane City,Chippa United,1.0,0.0,FINISHED,2025-02-01,1557171,Matchday 15,2024-2025,1557171,H,11.0,4.0,18.0,11.0,0.8,0.0,1021.3306183362473,4680000.0,5180000.0,0.9034749034749034
Stellenbosch,Sekhukhune United,1.0,1.0,FINISHED,2025-02-01,1557174,Matchday 15,2024-2025,1557174,D,4.0,10.0,15.0,16.0,0.75,1.0,1515.6973046794312,6080000.0,9700000.0,0.6268041237113402
Marumo Gallants,Royal AM,,,UPCOMING,2025-02-01,1557173,Matchday 15,2024-2025,1557173,,5.0,0.0,12.0,4.0,-1.4,-1.5,456.58950795785546,2930000.0,,
AmaZulu,Siwelele,2.0,1.0,FINISHED,2025-02-01,1557170,Matchday 15,2024-2025,1557170,H,7.0,7.0,16.0,12.0,-1.0,-0.4,469.9550370235814,10880000.0,5250000.0,2.072380952380952
Orlando Pirates,Kaizer Chiefs,1.0,0.0,FINISHED,2025-02-01,1557172,Matchday 15,2024-2025,1557172,H,6.0,9.0,21.0,15.0,1.5,0.2,5.978268699146683,22330000.0,16230000.0,1.3758471965495995
TS Galaxy,Cape Town City,2.0,0.0,FINISHED,2025-02-02,1557169,Matchday 15,2024-2025,1557169,H,9.0,9.0,15.0,15.0,0.6,0.2,1528.712355504249,3680000.0,,
Mamelodi Sundowns,Golden Arrows,4.0,0.0,FINISHED,2025-02-02,1557184,Matchday 15,2024-2025,1557184,H,15.0,6.0,27.0,13.0,1.6,0.0,537.6085491295763,40400000.0,6830000.0,5.915080527086384
Kaizer Chiefs,AmaZulu,2.0,2.0,FINISHED,2025-02-04,1557344,Matchday 16,2024-2025,1557344,D,6.0,7.0,14.0,16.0,-0.2,-1.0,499.21680619064676,16230000.0,10880000.0,1.4917279411764706
Royal AM,Stellenbosch,,,UPCOMING,2025-02-04,1557345,Matchday 16,2024-2025,1557345,,0.0,5.0,4.0,13.0,-1.5,0.6,1217.2577336136833,,6080000.0,
Richards Bay,Marumo Gallants,2.0,1.0,FINISHED,2025-02-04,1557332,Matchday 16,2024-2025,1557332,H,5.0,5.0,5.0,11.0,-0.4,0.0,568.4884950647302,6880000.0,2930000.0,2.348122866894198
Magesi,Chippa United,1.0,4.0,FINISHED,2025-02-05,1557318,Matchday 16,2024-2025,1557318,A,2.0,1.0,4.0,8.0,-0.6,-0.75,1027.8230520333616,,5180000.0,
Cape Town City,Golden Arrows,1.0,1.0,FINISHED,2025-02-05,1557343,Matchday 16,2024-2025,1557343,D,9.0,6.0,15.0,13.0,0.0,-0.6,1255.9775933974524,,6830000.0,
Siwelele,Mamelodi Sundowns,0.0,3.0,FINISHED,2025-02-05,1557341,Matchday 16,2024-2025,1557341,A,4.0,15.0,12.0,27.0,-0.8,1.8,428.0130608722853,5250000.0,40400000.0,0.12995049504950495
Sekhukhune United,Orlando Pirates,1.0,2.0,FINISHED,2025-02-05,1557342,Matchday 16,2024-2025,1557342,A,8.0,9.0,17.0,21.0,0.8,2.0,300.02049415232636,9700000.0,22330000.0,0.4343931930138827
TS Galaxy,Polokwane City,0.0,0.0,FINISHED,2025-02-05,1557340,Matchday 16,2024-2025,1557340,D,9.0,11.0,17.0,18.0,0.8,0.6,225.81389740526924,3680000.0,4680000.0,0.7863247863247863
AmaZulu,Marumo Gallants,2.0,0.0,FINISHED,2025-02-07,1557339,Matchday 17,2024-2025,1557339,H,7.0,5.0,14.0,11.0,-1.0,0.0,469.9550370235814,10880000.0,2930000.0,3.7133105802047783
Stellenbosch,Kaizer Chiefs,0.0,1.0,FINISHED,2025-02-07,1557338,Matchday 17,2024-2025,1557338,A,5.0,7.0,12.0,12.0,1.0,0.0,1224.541902196886,6080000.0,16230000.0,0.37461491065927294
Magesi,Cape Town City,2.0,0.0,FINISHED,2025-02-08,1557337,Matchday 17,2024-2025,1557337,H,2.0,7.0,3.0,13.0,-1.0,-0.2,1544.1162690420529,,,
TS Galaxy,Chippa United,1.0,0.0,FINISHED,2025-02-08,1557335,Matchday 17,2024-2025,1557335,H,9.0,4.0,18.0,11.0,0.8,0.25,888.662992481296,3680000.0,5180000.0,0.7104247104247104
Richards Bay,Polokwane City,2.0,0.0,FINISHED,2025-02-08,1557191,Matchday 13,2024-2025,1557191,H,5.0,9.0,8.0,16.0,-0.4,0.4,594.599100630916,6880000.0,4680000.0,1.4700854700854702
Mamelodi Sundowns,Orlando Pirates,4.0,1.0,FINISHED,2025-02-08,1557189,Matchday 13,2024-2025,1557189,H,15.0,9.0,27.0,21.0,2.2,0.5,61.05551098911179,40400000.0,22330000.0,1.8092252575011196
Sekhukhune United,Siwelele,1.0,1.0,FINISHED,2025-02-09,1557348,Matchday 17,2024-2025,1557348,D,7.0,1.0,14.0,9.0,0.6,-1.6,666.410273920029,9700000.0,5250000.0,1.8476190476190477
Golden Arrows,Royal AM,,,UPCOMING,2025-02-09,1557347,Matchday 17,2024-2025,1557347,,6.0,0.0,14.0,1.0,-0.6,-2.0,6.925397570849175,6830000.0,,
TS Galaxy,Mamelodi Sundowns,1.0,0.0,FINISHED,2025-02-11,1557219,Matchday 2,2024-2025,1557219,H,9.0,15.0,20.0,30.0,0.6,2.6,273.38745252065416,3680000.0,40400000.0,0.09108910891089109
Richards Bay,Royal AM,,,UPCOMING,2025-02-18,1557328,Matchday 18,2024-2025,1557328,,8.0,,11.0,1.0,0.4,,172.9234678429387,6880000.0,,
Polokwane City,Magesi,0.0,1.0,FINISHED,2025-02-18,1557329,Matchday 18,2024-2025,1557329,A,8.0,4.0,16.0,5.0,0.0,-0.6,11.225364333413253,4680000.0,,
Kaizer Chiefs,Siwelele,1.0,4.0,FINISHED,2025-02-18,1557331,Matchday 18,2024-2025,1557331,A,7.0,1.0,14.0,9.0,0.0,-1.6,369.4351841819827,16230000.0,5250000.0,3.0914285714285716
Cape Town City,Chippa United,0.0,2.0,FINISHED,2025-02-18,1557330,Matchday 18,2024-2025,1557330,A,4.0,4.0,13.0,8.0,-0.8,0.25,886.1355341470515,,5180000.0,
TS Galaxy,Stellenbosch,2.0,3.0,FINISHED,2025-02-18,1557327,Matchday 18,2024-2025,1557327,A,11.0,4.0,20.0,9.0,0.8,0.75,1496.21522813951,3680000.0,6080000.0,0.6052631578947368
Sekhukhune United,AmaZulu,4.0,2.0,FINISHED,2025-02-19,1557326,Matchday 18,2024-2025,1557326,H,5.0,10.0,15.0,17.0,0.2,-0.2,674.5546298160202,9700000.0,10880000.0,0.8915441176470589
Marumo Gallants,Mamelodi Sundowns,1.0,3.0,FINISHED,2025-02-19,1557325,Matchday 18,2024-2025,1557325,A,4.0,12.0,8.0,27.0,-0.5,2.0,428.0130608722853,2930000.0,40400000.0,0.07252475247524752
Royal AM,Kaizer Chiefs,,,UPCOMING,2025-02-21,1557322,Matchday 19,2024-2025,1557322,,,7.0,1.0,14.0,,-0.4,497.6487365037908,,16230000.0,
Stellenbosch,Richards Bay,1.0,1.0,FINISHED,2025-02-21,1557323,Matchday 19,2024-2025,1557323,D,7.0,7.0,11.0,11.0,1.25,0.5,1377.396602947712,6080000.0,6880000.0,0.8837209302325582
AmaZulu,Magesi,3.0,0.0,FINISHED,2025-02-22,1557334,Matchday 19,2024-2025,1557334,H,7.0,7.0,14.0,8.0,-0.8,-0.2,683.911466747501,10880000.0,,
Mamelodi Sundowns,TS Galaxy,4.0,1.0,FINISHED,2025-02-22,1557256,Matchday 19,2024-2025,1557256,H,12.0,10.0,27.0,19.0,2.2,0.6,273.38745252065416,40400000.0,3680000.0,10.978260869565217
Chippa United,Sekhukhune United,0.0,1.0,FINISHED,2025-02-22,1557320,Matchday 19,2024-2025,1557320,A,7.0,5.0,11.0,18.0,0.6,0.0,1021.3060443774077,5180000.0,9700000.0,0.534020618556701
Orlando Pirates,Cape Town City,2.0,1.0,FINISHED,2025-02-22,1557321,Matchday 19,2024-2025,1557321,H,6.0,4.0,18.0,13.0,-0.5,-1.0,1250.0122779478036,22330000.0,,
Marumo Gallants,Polokwane City,0.0,0.0,FINISHED,2025-02-23,1557362,Matchday 19,2024-2025,1557362,D,1.0,7.0,5.0,16.0,-1.25,-0.2,666.4603285034987,2930000.0,4680000.0,0.6260683760683761
Stellenbosch,Magesi,2.0,1.0,FINISHED,2025-02-25,1557280,Matchday 24,2024-2025,1557280,H,5.0,7.0,9.0,8.0,0.0,-0.6,1516.3854933784648,6080000.0,,
Sekhukhune United,Mamelodi Sundowns,2.0,4.0,FINISHED,2025-02-26,1557281,Matchday 24,2024-2025,1557281,A,8.0,12.0,18.0,27.0,0.4,2.0,239.01816026096265,9700000.0,40400000.0,0.2400990099009901
Stellenbosch,Polokwane City,1.0,1.0,FINISHED,2025-02-28,1557374,Matchday 20,2024-2025,1557374,D,7.0,5.0,12.0,16.0,0.25,-0.4,1515.760156328165,6080000.0,4680000.0,1.2991452991452992
Mamelodi Sundowns,Kaizer Chiefs,1.0,0.0,FINISHED,2025-03-01,1557372,Matchday 20,2024-2025,1557372,H,12.0,4.0,27.0,13.0,1.8,-0.75,58.65727490670219,40400000.0,16230000.0,2.4892174984596425
Richards Bay,Chippa United,0.0,0.0,FINISHED,2025-03-01,1557370,Matchday 20,2024-2025,1557370,D,8.0,6.0,12.0,10.0,0.75,0.4,617.6414829288439,6880000.0,5180000.0,1.3281853281853282
Magesi,Siwelele,1.0,0.0,FINISHED,2025-03-01,1557373,Matchday 20,2024-2025,1557373,H,6.0,4.0,8.0,11.0,-0.8,-0.4,669.483723717032,,5250000.0,
Marumo Gallants,Orlando Pirates,2.0,0.0,FINISHED,2025-03-01,1557230,Matchday 8,2024-2025,1557230,H,1.0,9.0,6.0,18.0,-1.25,0.0,367.02395017310073,2930000.0,22330000.0,0.13121361397223466
TS Galaxy,Golden Arrows,2.0,0.0,FINISHED,2025-03-01,1557371,Matchday 20,2024-2025,1557371,H,7.0,5.0,16.0,13.0,-0.4,-0.75,501.2492909934793,3680000.0,6830000.0,0.5387994143484627
AmaZulu,Cape Town City,2.0,0.0,FINISHED,2025-03-02,1557368,Matchday 20,2024-2025,1557368,H,10.0,1.0,17.0,10.0,0.8,-1.4,1273.874589325814,10880000.0,,
Sekhukhune United,Royal AM,,,UPCOMING,2025-03-02,1557369,Matchday 20,2024-2025,1557369,,7.0,,15.0,0.0,0.0,,680.0544179606063,9700000.0,,
Marumo Gallants,Stellenbosch,0.0,1.0,FINISHED,2025-03-04,1557367,Matchday 21,2024-2025,1557367,A,4.0,8.0,9.0,13.0,-0.6,0.2,875.4385978904638,2930000.0,6080000.0,0.4819078947368421
Kaizer Chiefs,Magesi,1.0,0.0,FINISHED,2025-03-04,1557366,Matchday 21,2024-2025,1557366,H,4.0,9.0,10.0,11.0,-0.75,0.0,300.0781538760699,16230000.0,,
Chippa United,Orlando Pirates,0.0,1.0,FINISHED,2025-03-05,1557361,Matchday 21,2024-2025,1557361,A,7.0,9.0,8.0,15.0,0.6,-0.4,753.3552243406666,5180000.0,22330000.0,0.23197492163009403
Polokwane City,Royal AM,,,UPCOMING,2025-03-05,1557363,Matchday 21,2024-2025,1557363,,3.0,,14.0,0.0,-0.6,,680.0507766550901,4680000.0,,
Richards Bay,Sekhukhune United,2.0,1.0,FINISHED,2025-03-05,1557317,Matchday 21,2024-2025,1557317,H,8.0,7.0,13.0,14.0,0.75,0.25,594.6220991882807,6880000.0,9700000.0,0.709278350515464
Cape Town City,TS Galaxy,1.0,1.0,FINISHED,2025-03-05,1557360,Matchday 21,2024-2025,1557360,D,1.0,9.0,10.0,18.0,-1.4,0.0,1528.712355504249,,3680000.0,
Golden Arrows,Mamelodi Sundowns,1.0,1.0,FINISHED,2025-03-05,1557346,Matchday 21,2024-2025,1557346,D,2.0,12.0,10.0,27.0,-1.5,1.4,537.6085491295763,6830000.0,40400000.0,0.16905940594059407
Siwelele,AmaZulu,0.0,0.0,FINISHED,2025-03-05,1557365,Matchday 21,2024-2025,1557365,D,4.0,10.0,11.0,17.0,-0.4,1.0,469.9550370235814,5250000.0,10880000.0,0.48253676470588236
TS Galaxy,Siwelele,3.0,1.0,FINISHED,2025-03-11,1557359,Matchday 22,2024-2025,1557359,H,7.0,5.0,16.0,9.0,-0.2,-0.2,620.8932044419288,3680000.0,5250000.0,0.700952380952381
Royal AM,Chippa United,,,UPCOMING,2025-03-11,1557356,Matchday 22,2024-2025,1557356,,,4.0,0.0,8.0,,-0.2,444.9043999405845,,5180000.0,
Stellenbosch,Orlando Pirates,0.0,0.0,FINISHED,2025-03-11,1557357,Matchday 22,2024-2025,1557357,D,11.0,9.0,15.0,18.0,0.6,-0.4,1220.6858842275062,6080000.0,22330000.0,0.2722794446932378
Mamelodi Sundowns,AmaZulu,2.0,0.0,FINISHED,2025-03-11,1557358,Matchday 22,2024-2025,1557358,H,13.0,10.0,25.0,17.0,1.6,1.0,530.738182466435,40400000.0,10880000.0,3.713235294117647
Magesi,Richards Bay,1.0,0.0,FINISHED,2025-03-11,1557355,Matchday 22,2024-2025,1557355,H,6.0,8.0,10.0,13.0,-0.6,0.75,605.0542792381086,,6880000.0,
Kaizer Chiefs,Cape Town City,0.0,0.0,FINISHED,2025-03-12,1557354,Matchday 22,2024-2025,1557354,D,6.0,1.0,13.0,8.0,-0.5,-1.4,1253.9829474188039,16230000.0,,
Marumo Gallants,Sekhukhune United,1.0,2.0,FINISHED,2025-03-12,1557353,Matchday 22,2024-2025,1557353,A,4.0,6.0,9.0,11.0,-0.6,0.0,666.410273920029,2930000.0,9700000.0,0.3020618556701031
Polokwane City,Golden Arrows,0.0,1.0,FINISHED,2025-03-12,1557352,Matchday 22,2024-2025,1557352,A,2.0,2.0,11.0,8.0,-0.75,-1.5,686.9358434887893,4680000.0,6830000.0,0.6852122986822841
Royal AM,Siwelele,,,UPCOMING,2025-03-14,1557351,Matchday 23,2024-2025,1557351,,,5.0,,6.0,,0.0,456.58950795785546,,5250000.0,
AmaZulu,TS Galaxy,1.0,2.0,FINISHED,2025-03-14,1557350,Matchday 23,2024-2025,1557350,A,7.0,7.0,17.0,18.0,0.2,0.0,485.7237565219576,10880000.0,3680000.0,2.9565217391304346
Magesi,Golden Arrows,1.0,0.0,FINISHED,2025-03-15,1557349,Matchday 23,2024-2025,1557349,H,6.0,5.0,13.0,11.0,-0.6,-0.25,696.1518864947277,,6830000.0,
Cape Town City,Marumo Gallants,0.0,1.0,FINISHED,2025-03-15,1557364,Matchday 23,2024-2025,1557364,A,2.0,4.0,6.0,8.0,-1.0,-0.4,908.4018379382446,,2930000.0,
Chippa United,Polokwane City,2.0,0.0,FINISHED,2025-03-15,1557319,Matchday 23,2024-2025,1557319,H,4.0,2.0,8.0,10.0,0.0,-0.5,1021.3306183362473,5180000.0,4680000.0,1.106837606837607
Sekhukhune United,Stellenbosch,1.0,2.0,FINISHED,2025-03-16,1557284,Matchday 23,2024-2025,1557284,A,6.0,9.0,11.0,16.0,-0.25,0.4,1515.6973046794312,9700000.0,6080000.0,1.5953947368421053
Richards Bay,Kaizer Chiefs,2.0,0.0,FINISHED,2025-03-16,1557285,Matchday 23,2024-2025,1557285,H,5.0,4.0,13.0,11.0,0.0,-0.75,489.1277826434645,6880000.0,16230000.0,0.4239063462723352
Orlando Pirates,Mamelodi Sundowns,2.0,1.0,FINISHED,2025-03-16,1557272,Matchday 23,2024-2025,1557272,H,7.0,13.0,16.0,25.0,-0.6,1.6,61.05551098911179,22330000.0,40400000.0,0.5527227722772278
Orlando Pirates,Royal AM,,,UPCOMING,2025-03-29,1557282,Matchday 24,2024-2025,1557282,,10.0,,16.0,,0.2,,501.29312065190766,22330000.0,,
Golden Arrows,Kaizer Chiefs,2.0,1.0,FINISHED,2025-03-29,1557278,Matchday 24,2024-2025,1557278,H,4.0,4.0,10.0,11.0,-0.5,-0.5,504.272327791487,6830000.0,16230000.0,0.4208256315465188
Magesi,Stellenbosch,1.0,0.0,FINISHED,2025-03-29,1557152,Matchday 8,2024-2025,1557152,H,9.0,11.0,16.0,16.0,0.2,0.6,1516.3854933784648,,6080000.0,
Chippa United,AmaZulu,2.0,1.0,FINISHED,2025-03-29,1557283,Matchday 24,2024-2025,1557283,H,4.0,7.0,11.0,14.0,0.0,0.4,461.27259629164047,5180000.0,10880000.0,0.47610294117647056
TS Galaxy,Marumo Gallants,1.0,2.0,FINISHED,2025-03-30,1557276,Matchday 24,2024-2025,1557276,A,10.0,7.0,20.0,8.0,0.4,0.2,620.8932044419288,3680000.0,2930000.0,1.2559726962457338
Siwelele,Cape Town City,0.0,0.0,FINISHED,2025-03-30,1557277,Matchday 24,2024-2025,1557277,D,4.0,2.0,5.0,6.0,0.0,-0.8,908.4018379382446,5250000.0,,
Polokwane City,Richards Bay,3.0,1.0,FINISHED,2025-03-30,1557279,Matchday 24,2024-2025,1557279,H,2.0,8.0,9.0,15.0,-0.75,0.4,594.599100630916,4680000.0,6880000.0,0.6802325581395349
AmaZulu,Richards Bay,1.0,0.0,FINISHED,2025-04-04,1557275,Matchday 25,2024-2025,1557275,H,4.0,7.0,14.0,15.0,-0.4,0.0,156.37380129368893,10880000.0,6880000.0,1.5813953488372092
Golden Arrows,Chippa United,0.0,0.0,FINISHED,2025-04-05,1557288,Matchday 25,2024-2025,1557288,D,7.0,7.0,12.0,13.0,-0.2,0.5,441.1636950664042,6830000.0,5180000.0,1.3185328185328185
Kaizer Chiefs,TS Galaxy,1.0,1.0,FINISHED,2025-04-05,1557287,Matchday 25,2024-2025,1557287,D,4.0,10.0,8.0,17.0,-0.6,0.8,307.1715110310044,16230000.0,3680000.0,4.4103260869565215
Marumo Gallants,Siwelele,1.0,1.0,FINISHED,2025-04-05,1557273,Matchday 25,2024-2025,1557273,D,9.0,2.0,10.0,6.0,0.4,-0.75,0.0,2930000.0,5250000.0,0.5580952380952381
Royal AM,Magesi,,,UPCOMING,2025-04-05,1557270,Matchday 25,2024-2025,1557270,,,12.0,,18.0,,0.6,689.2601499614676,,,
Polokwane City,Orlando Pirates,0.0,1.0,FINISHED,2025-04-05,1557269,Matchday 25,2024-2025,1557269,A,4.0,7.0,9.0,16.0,-0.25,0.0,300.07367905105605,4680000.0,22330000.0,0.2095835199283475
Cape Town City,Sekhukhune United,1.0,2.0,FINISHED,2025-04-06,1557268,Matchday 25,2024-2025,1557268,A,3.0,3.0,4.0,11.0,-0.6,-0.75,1543.6679540867367,,9700000.0,
Stellenbosch,AmaZulu,1.0,0.0,FINISHED,2025-04-15,1557262,Matchday 26,2024-2025,1557262,H,8.0,4.0,15.0,14.0,0.2,-0.6,1234.5377123884953,6080000.0,10880000.0,0.5588235294117647
Royal AM,Mamelodi Sundowns,,,UPCOMING,2025-04-18,1557267,Matchday 26,2024-2025,1557267,,,10.0,,22.0,,0.8,530.8250357544052,,40400000.0,
Richards Bay,Cape Town City,1.0,0.0,FINISHED,2025-04-18,1557266,Matchday 26,2024-2025,1557266,H,6.0,3.0,14.0,4.0,-0.2,-0.4,1415.8509158453583,6880000.0,,
Sekhukhune United,Polokwane City,2.0,0.0,FINISHED,2025-04-19,1557263,Matchday 26,2024-2025,1557263,H,6.0,3.0,13.0,6.0,0.0,-0.5,0.08283526967326009,9700000.0,4680000.0,2.072649572649573
Marumo Gallants,Golden Arrows,1.0,1.0,FINISHED,2025-04-19,1557265,Matchday 26,2024-2025,1557265,D,7.0,8.0,11.0,10.0,0.0,0.2,459.8354704753759,2930000.0,6830000.0,0.4289897510980966
Chippa United,Kaizer Chiefs,0.0,0.0,FINISHED,2025-04-19,1557264,Matchday 26,2024-2025,1557264,D,7.0,5.0,14.0,9.0,0.5,-0.4,753.05841286102,5180000.0,16230000.0,0.31916204559457795
Magesi,TS Galaxy,2.0,1.0,FINISHED,2025-04-20,1557261,Matchday 26,2024-2025,1557261,H,9.0,8.0,18.0,17.0,0.5,0.4,236.977316740276,,3680000.0,
Cape Town City,Royal AM,,,UPCOMING,2025-04-26,1557316,Matchday 27,2024-2025,1557316,,2.0,,3.0,,-0.6,,1256.623529163144,,,
Kaizer Chiefs,Marumo Gallants,1.0,2.0,FINISHED,2025-04-26,1557274,Matchday 27,2024-2025,1557274,A,3.0,8.0,9.0,12.0,-0.6,0.2,369.4351841819827,16230000.0,2930000.0,5.539249146757679
Golden Arrows,AmaZulu,0.0,1.0,FINISHED,2025-04-26,1557313,Matchday 27,2024-2025,1557313,A,8.0,3.0,10.0,13.0,0.2,-0.8,20.109034086532077,6830000.0,10880000.0,0.6277573529411765
Polokwane City,Siwelele,1.0,1.0,FINISHED,2025-04-26,1557302,Matchday 27,2024-2025,1557302,D,3.0,3.0,5.0,7.0,-0.8,-0.5,666.4603285034987,4680000.0,5250000.0,0.8914285714285715
TS Galaxy,Sekhukhune United,1.0,1.0,FINISHED,2025-04-27,1557312,Matchday 27,2024-2025,1557312,D,7.0,9.0,14.0,16.0,0.2,0.4,225.8571765261528,3680000.0,9700000.0,0.37938144329896906
Stellenbosch,Chippa United,1.0,0.0,FINISHED,2025-04-30,1557154,Matchday 27,2024-2025,1557154,H,10.0,8.0,18.0,12.0,0.4,0.75,843.8903781142693,6080000.0,5180000.0,1.1737451737451738
Mamelodi Sundowns,Richards Bay,3.0,0.0,FINISHED,2025-04-30,1557315,Matchday 27,2024-2025,1557315,H,7.0,6.0,19.0,14.0,0.5,-0.2,504.13032975002403,40400000.0,6880000.0,5.872093023255814
Orlando Pirates,Sekhukhune United,0.0,1.0,FINISHED,2025-04-30,1557167,Matchday 10,2024-2025,1557167,A,10.0,10.0,19.0,16.0,0.75,0.6,300.02049415232636,22330000.0,9700000.0,2.302061855670103
AmaZulu,Polokwane City,1.0,1.0,FINISHED,2025-05-02,1557310,Matchday 28,2024-2025,1557310,D,6.0,4.0,13.0,6.0,-0.2,-0.6,674.548969699843,10880000.0,4680000.0,2.324786324786325
Royal AM,Marumo Gallants,,,UPCOMING,2025-05-02,1557311,Matchday 28,2024-2025,1557311,,,11.0,,15.0,,0.6,456.58950795785546,,2930000.0,
Golden Arrows,Stellenbosch,0.0,3.0,FINISHED,2025-05-03,1557305,Matchday 28,2024-2025,1557305,A,5.0,10.0,10.0,21.0,-0.2,0.4,1216.5174700019006,6830000.0,6080000.0,1.1233552631578947
Kaizer Chiefs,Orlando Pirates,1.0,2.0,FINISHED,2025-05-03,1557309,Matchday 28,2024-2025,1557309,A,2.0,7.0,6.0,16.0,-0.8,0.25,5.978268699146683,16230000.0,22330000.0,0.7268248992386923
Cape Town City,Mamelodi Sundowns,0.0,2.0,FINISHED,2025-05-03,1557286,Matchday 28,2024-2025,1557286,A,1.0,7.0,3.0,19.0,-0.75,1.0,1309.0092023555278,,40400000.0,
Siwelele,Chippa United,2.0,0.0,FINISHED,2025-05-03,1557308,Matchday 28,2024-2025,1557308,H,3.0,8.0,8.0,12.0,-0.5,0.4,454.90581570858905,5250000.0,5180000.0,1.0135135135135136
Magesi,Sekhukhune United,1.0,1.0,FINISHED,2025-05-03,1557307,Matchday 28,2024-2025,1557307,D,12.0,10.0,18.0,16.0,1.0,0.6,11.174947881982355,,9700000.0,
TS Galaxy,Richards Bay,0.0,1.0,FINISHED,2025-05-04,1557306,Matchday 28,2024-2025,1557306,A,5.0,6.0,12.0,11.0,-0.2,-0.6,381.57695986500306,3680000.0,6880000.0,0.5348837209302325
Golden Arrows,Orlando Pirates,1.0,2.0,FINISHED,2025-05-06,1557324,Matchday 18,2024-2025,1557324,A,5.0,9.0,9.0,16.0,-0.6,0.5,507.8973058318857,6830000.0,22330000.0,0.3058665472458576
Mamelodi Sundowns,Chippa United,3.0,0.0,FINISHED,2025-05-07,1557157,Matchday 9,2024-2025,1557157,H,9.0,5.0,22.0,9.0,1.5,-0.4,807.1414964025447,40400000.0,5180000.0,7.7992277992278
Mamelodi Sundowns,Stellenbosch,3.0,0.0,FINISHED,2025-05-11,1557271,Matchday 25,2024-2025,1557271,H,9.0,12.0,22.0,21.0,1.75,1.0,1280.0575148753778,40400000.0,6080000.0,6.644736842105263
Orlando Pirates,Golden Arrows,3.0,0.0,FINISHED,2025-05-13,1557162,Matchday 9,2024-2025,1557162,H,9.0,2.0,19.0,9.0,0.5,-1.0,507.8973058318857,22330000.0,6830000.0,3.269399707174231
Chippa United,Mamelodi Sundowns,0.0,3.0,FINISHED,2025-05-14,1557292,Matchday 30,2024-2025,1557292,A,2.0,12.0,9.0,22.0,-1.2,2.75,807.1414964025447,5180000.0,40400000.0,0.12821782178217822
Orlando Pirates,TS Galaxy,1.0,1.0,FINISHED,2025-05-17,1557300,Matchday 29,2024-2025,1557300,D,12.0,2.0,19.0,12.0,1.0,-0.6,312.8377902530316,22330000.0,3680000.0,6.067934782608695
Sekhukhune United,Kaizer Chiefs,1.0,1.0,FINISHED,2025-05-17,1557377,Matchday 29,2024-2025,1557377,D,11.0,2.0,14.0,6.0,0.8,-0.6,297.22531271282986,9700000.0,16230000.0,0.5976586568083796
Stellenbosch,Siwelele,2.0,1.0,FINISHED,2025-05-17,1557297,Matchday 29,2024-2025,1557297,H,9.0,6.0,20.0,11.0,0.2,0.5,875.4385978904638,6080000.0,5250000.0,1.158095238095238
Richards Bay,Golden Arrows,0.0,0.0,FINISHED,2025-05-17,1557298,Matchday 29,2024-2025,1557298,D,6.0,1.0,14.0,9.0,-0.8,-1.6,176.48139239943563,6880000.0,6830000.0,1.007320644216691
Polokwane City,Cape Town City,0.0,2.0,FINISHED,2025-05-17,1557299,Matchday 29,2024-2025,1557299,A,5.0,1.0,7.0,3.0,-0.2,-1.0,1543.7319474521614,4680000.0,,
Marumo Gallants,Chippa United,1.0,1.0,FINISHED,2025-05-17,1557301,Matchday 29,2024-2025,1557301,D,8.0,1.0,15.0,8.0,0.5,-1.8,454.90581570858905,2930000.0,5180000.0,0.5656370656370656
Royal AM,AmaZulu,,,UPCOMING,2025-05-17,1557303,Matchday 29,2024-2025,1557303,,,7.0,,14.0,,0.0,17.3943183164239,,10880000.0,
Mamelodi Sundowns,Magesi,2.0,0.0,FINISHED,2025-05-18,1557296,Matchday 29,2024-2025,1557296,H,15.0,10.0,22.0,16.0,2.8,0.75,241.6252502807211,40400000.0,,
Siwelele,Orlando Pirates,0.0,1.0,FINISHED,2025-05-20,1557260,Matchday 26,2024-2025,1557260,A,6.0,10.0,10.0,20.0,0.2,0.8,367.02395017310073,5250000.0,22330000.0,0.23510971786833856
Cape Town City,Stellenbosch,0.0,0.0,FINISHED,2025-05-24,1557294,Matchday 30,2024-2025,1557294,D,3.0,12.0,6.0,20.0,-0.5,0.6,42.85210673528772,,6080000.0,
Kaizer Chiefs,Polokwane City,0.0,0.0,FINISHED,2025-05-24,1557291,Matchday 30,2024-2025,1557291,D,3.0,2.0,7.0,6.0,-0.4,-1.0,297.2773652263127,16230000.0,4680000.0,3.467948717948718
Golden Arrows,Sekhukhune United,3.0,2.0,FINISHED,2025-05-24,1557295,Matchday 30,2024-2025,1557295,H,1.0,9.0,9.0,15.0,-1.6,0.6,686.9395752773827,6830000.0,9700000.0,0.7041237113402062
Magesi,Marumo Gallants,1.0,1.0,FINISHED,2025-05-24,1557290,Matchday 30,2024-2025,1557290,D,7.0,6.0,16.0,15.0,0.0,0.25,669.483723717032,,2930000.0,
Siwelele,Richards Bay,0.0,2.0,FINISHED,2025-05-24,1557289,Matchday 30,2024-2025,1557289,A,5.0,7.0,7.0,14.0,0.0,-0.4,568.4884950647302,5250000.0,6880000.0,0.7630813953488372
AmaZulu,Orlando Pirates,1.0,1.0,FINISHED,2025-05-24,1557304,Matchday 30,2024-2025,1557304,D,7.0,13.0,11.0,20.0,0.25,1.2,503.02317226140366,10880000.0,22330000.0,0.4872369010300045
TS Galaxy,Royal AM,,,UPCOMING,2025-05-24,1557293,Matchday 30,2024-2025,1557293,,3.0,,13.0,,-0.4,,494.69623894305175,3680000.0,,
Orlando Pirates,Magesi,1.0,1.0,FINISHED,2025-05-28,1557259,Matchday 27,2024-2025,1557259,D,11.0,5.0,20.0,17.0,1.0,-0.25,302.680704101384,22330000.0,,
Siwelele,Golden Arrows,1.0,1.0,FINISHED,2025-05-29,1557376,Matchday 19,2024-2025,1557376,D,4.0,4.0,7.0,9.0,-0.4,-1.2,459.8354704753759,5250000.0,6830000.0,0.7686676427525623
Polokwane City,Magesi,0.0,0.0,FINISHED,2025-08-09,1634281,Matchday 1,2025-2026,1634281,D,3.0,6.0,6.0,15.0,-0.8,-0.2,11.225364333413253,4680000.0,,
AmaZulu,Orbit College,1.0,0.0,FINISHED,2025-08-09,1634268,Matchday 1,2025-2026,1634268,H,5.0,,9.0,,0.0,,596.0580790920137,10880000.0,,
Richards Bay,Marumo Gallants,1.0,2.0,FINISHED,2025-08-09,1634280,Matchday 1,2025-2026,1634280,A,10.0,6.0,16.0,13.0,0.2,0.25,568.4884950647302,6880000.0,2930000.0,2.348122866894198
Siwelele,Golden Arrows,3.0,1.0,FINISHED,2025-08-09,1634278,Matchday 1,2025-2026,1634278,H,4.0,5.0,7.0,10.0,-0.4,-0.6,459.8354704753759,5250000.0,6830000.0,0.7686676427525623
Chippa United,Mamelodi Sundowns,1.0,1.0,FINISHED,2025-08-09,1634254,Matchday 1,2025-2026,1634254,D,1.0,15.0,9.0,22.0,-1.8,2.6,807.1414964025447,5180000.0,40400000.0,0.12821782178217822
Orlando Pirates,Sekhukhune United,0.0,1.0,FINISHED,2025-08-09,1634279,Matchday 1,2025-2026,1634279,A,9.0,6.0,18.0,15.0,0.8,0.0,300.02049415232636,22330000.0,9700000.0,2.302061855670103
TS Galaxy,Durban City,0.0,2.0,FINISHED,2025-08-10,1634277,Matchday 1,2025-2026,1634277,A,2.0,,10.0,,-0.5,,494.69623894305175,3680000.0,6830000.0,0.5387994143484627
Stellenbosch,Kaizer Chiefs,0.0,2.0,FINISHED,2025-08-10,1634276,Matchday 1,2025-2026,1634276,A,10.0,3.0,20.0,8.0,0.4,-0.4,1224.541902196886,6080000.0,16230000.0,0.37461491065927294
Mamelodi Sundowns,AmaZulu,2.0,0.0,FINISHED,2025-08-12,1634275,Matchday 2,2025-2026,1634275,H,13.0,8.0,22.0,11.0,2.2,0.5,530.738182466435,40400000.0,10880000.0,3.713235294117647
Marumo Gallants,Orlando Pirates,2.0,1.0,FINISHED,2025-08-12,1634274,Matchday 2,2025-2026,1634274,H,8.0,6.0,16.0,18.0,0.5,0.0,367.02395017310073,2930000.0,22330000.0,0.13121361397223466
Orbit College,Siwelele,1.0,0.0,FINISHED,2025-08-12,1634273,Matchday 2,2025-2026,1634273,H,0.0,4.0,0.0,10.0,-1.0,-0.4,403.07345630209915,,5250000.0,
Magesi,Stellenbosch,1.0,1.0,FINISHED,2025-08-13,1634269,Matchday 2,2025-2026,1634269,D,4.0,7.0,16.0,17.0,-0.4,-0.2,1516.3854933784648,,6080000.0,
Kaizer Chiefs,Polokwane City,1.0,0.0,FINISHED,2025-08-13,1634283,Matchday 2,2025-2026,1634283,H,5.0,4.0,8.0,7.0,0.0,-0.4,297.2773652263127,16230000.0,4680000.0,3.467948717948718
Golden Arrows,Richards Bay,1.0,0.0,FINISHED,2025-08-13,1634271,Matchday 2,2025-2026,1634271,H,5.0,7.0,7.0,13.0,-0.8,-0.2,176.48139239943563,6830000.0,6880000.0,0.9927325581395349
Sekhukhune United,TS Galaxy,1.0,0.0,FINISHED,2025-08-13,1634284,Matchday 2,2025-2026,1634284,H,8.0,2.0,18.0,9.0,0.2,-0.75,225.8571765261528,9700000.0,3680000.0,2.635869565217391
Durban City,Chippa United,1.0,0.0,FINISHED,2025-08-13,1634272,Matchday 2,2025-2026,1634272,H,3.0,2.0,3.0,10.0,2.0,-1.6,444.9043999405845,6830000.0,5180000.0,1.3185328185328185
Chippa United,TS Galaxy,1.0,4.0,FINISHED,2025-08-19,1634267,Matchday 3,2025-2026,1634267,A,2.0,1.0,7.0,6.0,-1.4,-1.0,888.662992481296,5180000.0,3680000.0,1.4076086956521738
Kaizer Chiefs,Richards Bay,1.0,0.0,FINISHED,2025-08-19,1634265,Matchday 3,2025-2026,1634265,H,8.0,7.0,10.0,13.0,0.4,0.2,489.1277826434645,16230000.0,6880000.0,2.359011627906977
Siwelele,Polokwane City,0.0,1.0,FINISHED,2025-08-19,1634263,Matchday 3,2025-2026,1634263,A,4.0,3.0,10.0,7.0,-0.4,-0.6,666.4603285034987,5250000.0,4680000.0,1.1217948717948718
Durban City,Golden Arrows,1.0,1.0,FINISHED,2025-08-19,1634266,Matchday 3,2025-2026,1634266,D,6.0,8.0,6.0,9.0,1.5,0.0,6.925397570849175,6830000.0,6830000.0,1.0
Orbit College,Sekhukhune United,0.0,3.0,FINISHED,2025-08-19,1634264,Matchday 3,2025-2026,1634264,A,3.0,8.0,3.0,18.0,0.0,0.2,297.2839702298305,,9700000.0,
Magesi,Mamelodi Sundowns,0.0,2.0,FINISHED,2025-08-20,1634261,Matchday 3,2025-2026,1634261,A,4.0,13.0,14.0,22.0,-0.4,2.0,241.6252502807211,,40400000.0,
Orlando Pirates,Stellenbosch,1.0,0.0,FINISHED,2025-08-20,1634260,Matchday 3,2025-2026,1634260,H,5.0,5.0,15.0,17.0,-0.2,-0.8,1220.6858842275062,22330000.0,6080000.0,3.6726973684210527
AmaZulu,Marumo Gallants,1.0,0.0,FINISHED,2025-08-20,1634262,Matchday 3,2025-2026,1634262,H,5.0,8.0,11.0,19.0,-0.25,0.5,469.9550370235814,10880000.0,2930000.0,3.7133105802047783
Polokwane City,Durban City,0.0,0.0,FINISHED,2025-08-26,1634258,Matchday 4,2025-2026,1634258,D,5.0,7.0,10.0,7.0,-0.4,1.0,680.0507766550901,4680000.0,6830000.0,0.6852122986822841
Stellenbosch,Marumo Gallants,1.0,0.0,FINISHED,2025-08-26,1634256,Matchday 4,2025-2026,1634256,H,5.0,8.0,14.0,16.0,-0.4,0.2,875.4385978904638,6080000.0,2930000.0,2.0750853242320817
Orlando Pirates,Orbit College,1.0,0.0,FINISHED,2025-08-26,1634259,Matchday 4,2025-2026,1634259,H,5.0,3.0,18.0,3.0,-0.2,-1.0,94.51975338137561,22330000.0,,
TS Galaxy,Siwelele,2.0,0.0,FINISHED,2025-08-26,1634313,Matchday 4,2025-2026,1634313,H,4.0,4.0,6.0,9.0,0.0,-0.4,620.8932044419288,3680000.0,5250000.0,0.700952380952381
Richards Bay,Chippa United,1.0,0.0,FINISHED,2025-08-26,1634257,Matchday 4,2025-2026,1634257,H,4.0,2.0,10.0,4.0,-0.2,-1.4,617.6414829288439,6880000.0,5180000.0,1.3281853281853282
Sekhukhune United,AmaZulu,1.0,1.0,FINISHED,2025-08-27,1634194,Matchday 4,2025-2026,1634194,D,10.0,7.0,21.0,14.0,0.8,0.0,674.5546298160202,9700000.0,10880000.0,0.8915441176470589
Kaizer Chiefs,Mamelodi Sundowns,0.0,0.0,FINISHED,2025-08-27,1634298,Matchday 4,2025-2026,1634298,D,11.0,13.0,13.0,25.0,0.8,1.8,58.65727490670219,16230000.0,40400000.0,0.40173267326732676
Golden Arrows,Magesi,2.0,1.0,FINISHED,2025-08-27,1634270,Matchday 4,2025-2026,1634270,H,8.0,4.0,9.0,11.0,0.0,-0.4,696.1518864947277,6830000.0,,
Siwelele,Richards Bay,0.0,0.0,FINISHED,2025-08-29,1634311,Matchday 5,2025-2026,1634311,D,4.0,6.0,8.0,13.0,-0.4,0.0,568.4884950647302,5250000.0,6880000.0,0.7630813953488372
Stellenbosch,Mamelodi Sundowns,0.0,1.0,FINISHED,2025-08-30,1634309,Matchday 5,2025-2026,1634309,A,5.0,11.0,17.0,26.0,-0.4,1.2,1280.0575148753778,6080000.0,40400000.0,0.1504950495049505
Magesi,AmaZulu,1.0,1.0,FINISHED,2025-08-30,1634310,Matchday 5,2025-2026,1634310,D,3.0,8.0,8.0,15.0,-0.6,0.0,683.911466747501,,10880000.0,
Sekhukhune United,Durban City,2.0,0.0,FINISHED,2025-08-30,1634307,Matchday 5,2025-2026,1634307,H,10.0,8.0,19.0,8.0,0.8,0.75,680.0544179606063,9700000.0,6830000.0,1.4202049780380674
Golden Arrows,Kaizer Chiefs,0.0,1.0,FINISHED,2025-08-30,1634308,Matchday 5,2025-2026,1634308,A,8.0,11.0,12.0,14.0,0.0,0.8,504.272327791487,6830000.0,16230000.0,0.4208256315465188
Orbit College,TS Galaxy,1.0,3.0,FINISHED,2025-08-30,1634306,Matchday 5,2025-2026,1634306,A,3.0,6.0,3.0,9.0,-1.0,0.5,372.21584992362483,,3680000.0,
Chippa United,Orlando Pirates,0.0,3.0,FINISHED,2025-08-31,1634305,Matchday 5,2025-2026,1634305,A,2.0,7.0,3.0,18.0,-1.0,0.0,753.3552243406666,5180000.0,22330000.0,0.23197492163009403
Marumo Gallants,Polokwane City,1.0,1.0,FINISHED,2025-08-31,1634304,Matchday 5,2025-2026,1634304,D,7.0,6.0,13.0,8.0,0.0,0.0,666.4603285034987,2930000.0,4680000.0,0.6260683760683761
Mamelodi Sundowns,Magesi,3.0,0.0,FINISHED,2025-09-14,1634398,Matchday 16,2025-2026,1634398,H,11.0,3.0,26.0,9.0,1.0,-0.6,241.6252502807211,40400000.0,,
Chippa United,Orbit College,2.0,1.0,FINISHED,2025-09-16,1634303,Matchday 6,2025-2026,1634303,H,1.0,3.0,2.0,3.0,-1.6,-1.2,819.8119288368035,5180000.0,,
Durban City,Siwelele,2.0,0.0,FINISHED,2025-09-16,1634302,Matchday 6,2025-2026,1634302,H,8.0,4.0,8.0,8.0,0.2,-0.4,456.58950795785546,6830000.0,5250000.0,1.3009523809523809
Kaizer Chiefs,Sekhukhune United,1.0,3.0,FINISHED,2025-09-16,1634282,Matchday 6,2025-2026,1634282,A,13.0,13.0,16.0,19.0,1.0,1.4,297.22531271282986,16230000.0,9700000.0,1.6731958762886598
Marumo Gallants,Mamelodi Sundowns,1.0,1.0,FINISHED,2025-09-17,1634299,Matchday 6,2025-2026,1634299,D,7.0,13.0,13.0,26.0,0.0,1.6,428.0130608722853,2930000.0,40400000.0,0.07252475247524752
AmaZulu,Stellenbosch,2.0,1.0,FINISHED,2025-09-17,1634301,Matchday 6,2025-2026,1634301,H,8.0,4.0,13.0,14.0,0.0,-0.6,1234.5377123884953,10880000.0,6080000.0,1.7894736842105263
Polokwane City,Golden Arrows,2.0,1.0,FINISHED,2025-09-17,1634297,Matchday 6,2025-2026,1634297,H,6.0,7.0,9.0,12.0,0.0,-0.2,686.9358434887893,4680000.0,6830000.0,0.6852122986822841
Richards Bay,TS Galaxy,1.0,1.0,FINISHED,2025-09-17,1634296,Matchday 6,2025-2026,1634296,D,4.0,9.0,14.0,11.0,-0.4,0.8,381.57695986500306,6880000.0,3680000.0,1.8695652173913044
Stellenbosch,Richards Bay,0.0,1.0,FINISHED,2025-09-20,1634290,Matchday 7,2025-2026,1634290,A,4.0,5.0,11.0,12.0,-0.4,-0.2,1377.396602947712,6080000.0,6880000.0,0.8837209302325582
Sekhukhune United,Golden Arrows,1.0,0.0,FINISHED,2025-09-20,1634293,Matchday 7,2025-2026,1634293,H,13.0,7.0,21.0,12.0,1.6,0.0,686.9395752773827,9700000.0,6830000.0,1.4202049780380674
Orbit College,Marumo Gallants,1.0,1.0,FINISHED,2025-09-20,1634291,Matchday 7,2025-2026,1634291,D,3.0,5.0,3.0,13.0,-1.2,-0.2,403.07345630209915,,2930000.0,
Mamelodi Sundowns,Durban City,3.0,1.0,FINISHED,2025-09-20,1634292,Matchday 7,2025-2026,1634292,H,11.0,8.0,24.0,11.0,1.2,0.2,530.8250357544052,40400000.0,6830000.0,5.915080527086384
Magesi,Siwelele,2.0,0.0,FINISHED,2025-09-20,1634294,Matchday 7,2025-2026,1634294,H,2.0,1.0,6.0,5.0,-1.2,-1.2,669.483723717032,,5250000.0,
Polokwane City,Chippa United,2.0,1.0,FINISHED,2025-09-21,1634289,Matchday 7,2025-2026,1634289,H,8.0,3.0,12.0,5.0,0.2,-1.4,1021.3306183362473,4680000.0,5180000.0,0.9034749034749034
Siwelele,Orlando Pirates,0.0,1.0,FINISHED,2025-09-23,1634287,Matchday 8,2025-2026,1634287,A,1.0,9.0,5.0,18.0,-1.4,0.6,367.02395017310073,5250000.0,22330000.0,0.23510971786833856
Kaizer Chiefs,Marumo Gallants,1.0,1.0,FINISHED,2025-09-24,1634285,Matchday 8,2025-2026,1634285,D,10.0,3.0,15.0,11.0,0.2,-0.4,369.4351841819827,16230000.0,2930000.0,5.539249146757679
Stellenbosch,Durban City,0.0,0.0,FINISHED,2025-09-24,1634221,Matchday 8,2025-2026,1634221,D,3.0,5.0,8.0,11.0,-0.6,-0.4,1217.2577336136833,6080000.0,6830000.0,0.890190336749634
Richards Bay,Magesi,1.0,0.0,FINISHED,2025-09-24,1634208,Matchday 8,2025-2026,1634208,H,8.0,4.0,15.0,8.0,0.2,-0.8,605.0542792381086,6880000.0,,
Sekhukhune United,Chippa United,1.0,1.0,FINISHED,2025-09-24,1634255,Matchday 8,2025-2026,1634255,D,13.0,3.0,21.0,5.0,1.6,-1.4,1021.3060443774077,9700000.0,5180000.0,1.8725868725868726
Golden Arrows,Mamelodi Sundowns,1.0,0.0,FINISHED,2025-09-24,1634286,Matchday 8,2025-2026,1634286,H,4.0,11.0,12.0,24.0,-0.4,1.2,537.6085491295763,6830000.0,40400000.0,0.16905940594059407
TS Galaxy,AmaZulu,3.0,1.0,FINISHED,2025-09-24,1634220,Matchday 8,2025-2026,1634220,H,10.0,8.0,12.0,16.0,1.2,0.0,485.7237565219576,3680000.0,10880000.0,0.3382352941176471
Orbit College,Polokwane City,1.0,0.0,FINISHED,2025-09-24,1634300,Matchday 8,2025-2026,1634300,H,1.0,11.0,4.0,14.0,-1.4,0.6,297.35433508663965,,4680000.0,
Golden Arrows,Orbit College,3.0,0.0,FINISHED,2025-09-27,1634219,Matchday 9,2025-2026,1634219,H,6.0,4.0,14.0,7.0,-0.2,-0.6,600.2778976873244,6830000.0,,
Polokwane City,Sekhukhune United,1.0,0.0,FINISHED,2025-09-27,1634218,Matchday 9,2025-2026,1634218,H,8.0,11.0,13.0,21.0,0.2,1.0,0.08283526967326009,4680000.0,9700000.0,0.4824742268041237
Mamelodi Sundowns,Richards Bay,4.0,1.0,FINISHED,2025-09-27,1634216,Matchday 9,2025-2026,1634216,H,10.0,11.0,21.0,15.0,1.0,0.6,504.13032975002403,40400000.0,6880000.0,5.872093023255814
Durban City,Magesi,3.0,1.0,FINISHED,2025-09-27,1634215,Matchday 9,2025-2026,1634215,H,5.0,4.0,12.0,8.0,-0.4,-0.6,689.2601499614676,6830000.0,,
Siwelele,Marumo Gallants,1.0,0.0,FINISHED,2025-09-28,1634213,Matchday 9,2025-2026,1634213,H,1.0,4.0,5.0,12.0,-1.4,-0.2,0.0,5250000.0,2930000.0,1.7918088737201365
Chippa United,Stellenbosch,0.0,0.0,FINISHED,2025-09-28,1634212,Matchday 9,2025-2026,1634212,D,4.0,4.0,6.0,9.0,-0.8,-0.4,843.8903781142693,5180000.0,6080000.0,0.8519736842105263
Orlando Pirates,TS Galaxy,2.0,0.0,FINISHED,2025-09-30,1634214,Matchday 9,2025-2026,1634214,H,12.0,13.0,18.0,14.0,1.0,1.8,312.8377902530316,22330000.0,3680000.0,6.067934782608695
Kaizer Chiefs,AmaZulu,1.0,1.0,FINISHED,2025-10-01,1634217,Matchday 9,2025-2026,1634217,D,8.0,8.0,16.0,13.0,0.0,0.0,499.21680619064676,16230000.0,10880000.0,1.4917279411764706
Richards Bay,Orbit College,1.0,2.0,FINISHED,2025-10-17,1634211,Matchday 10,2025-2026,1634211,A,8.0,4.0,14.0,7.0,-0.2,-1.0,588.1137377239806,6880000.0,,
AmaZulu,Durban City,1.0,0.0,FINISHED,2025-10-18,1634223,Matchday 10,2025-2026,1634223,H,6.0,7.0,13.0,15.0,-0.2,0.0,17.3943183164239,10880000.0,6830000.0,1.5929721815519766
Magesi,TS Galaxy,2.0,1.0,FINISHED,2025-10-18,1634224,Matchday 10,2025-2026,1634224,H,4.0,10.0,7.0,14.0,-0.8,0.8,236.977316740276,,3680000.0,
Marumo Gallants,Chippa United,2.0,1.0,FINISHED,2025-10-19,1634205,Matchday 10,2025-2026,1634205,H,4.0,5.0,11.0,7.0,-0.2,-0.6,454.90581570858905,2930000.0,5180000.0,0.5656370656370656
Orlando Pirates,Polokwane City,1.0,0.0,FINISHED,2025-10-22,1634209,Matchday 10,2025-2026,1634209,H,15.0,10.0,20.0,16.0,1.6,0.4,300.07367905105605,22330000.0,4680000.0,4.771367521367521
Kaizer Chiefs,Siwelele,0.0,0.0,FINISHED,2025-10-22,1634204,Matchday 10,2025-2026,1634204,D,6.0,4.0,17.0,8.0,-0.2,-0.8,369.4351841819827,16230000.0,5250000.0,3.0914285714285716
Stellenbosch,Golden Arrows,4.0,3.0,FINISHED,2025-10-22,1634206,Matchday 10,2025-2026,1634206,H,2.0,6.0,7.0,14.0,-0.6,0.2,1216.5174700019006,6080000.0,6830000.0,0.890190336749634
Siwelele,Sekhukhune United,1.0,0.0,FINISHED,2025-10-31,1634202,Matchday 11,2025-2026,1634202,H,4.0,10.0,8.0,20.0,-0.8,0.8,666.410273920029,5250000.0,9700000.0,0.5412371134020618
Durban City,Kaizer Chiefs,0.0,1.0,FINISHED,2025-10-31,1634203,Matchday 11,2025-2026,1634203,A,7.0,6.0,15.0,17.0,0.2,-0.2,497.6487365037908,6830000.0,16230000.0,0.4208256315465188
Orbit College,Magesi,3.0,1.0,FINISHED,2025-11-01,1634200,Matchday 11,2025-2026,1634200,H,7.0,6.0,10.0,9.0,-0.4,-0.6,296.4272094859066,,,
Mamelodi Sundowns,Orlando Pirates,1.0,1.0,FINISHED,2025-11-01,1634201,Matchday 11,2025-2026,1634201,D,10.0,15.0,21.0,20.0,1.4,1.6,61.05551098911179,40400000.0,22330000.0,1.8092252575011196
Polokwane City,Richards Bay,1.0,1.0,FINISHED,2025-11-01,1634199,Matchday 11,2025-2026,1634199,D,9.0,7.0,15.0,11.0,0.2,-0.4,594.599100630916,4680000.0,6880000.0,0.6802325581395349
Chippa United,AmaZulu,0.0,3.0,FINISHED,2025-11-01,1634198,Matchday 11,2025-2026,1634198,A,5.0,8.0,6.0,16.0,-0.2,0.0,461.27259629164047,5180000.0,10880000.0,0.47610294117647056
TS Galaxy,Stellenbosch,2.0,0.0,FINISHED,2025-11-02,1634197,Matchday 11,2025-2026,1634197,H,7.0,5.0,13.0,9.0,0.2,-0.2,1496.21522813951,3680000.0,6080000.0,0.6052631578947368
Golden Arrows,Marumo Gallants,4.0,0.0,FINISHED,2025-11-02,1634196,Matchday 11,2025-2026,1634196,H,6.0,6.0,13.0,13.0,0.2,0.0,459.8354704753759,6830000.0,2930000.0,2.3310580204778155
Chippa United,Magesi,0.0,0.0,FINISHED,2025-11-04,1634210,Matchday 12,2025-2026,1634210,D,2.0,6.0,5.0,8.0,-1.0,-0.4,1027.8230520333616,5180000.0,,
Sekhukhune United,Richards Bay,1.0,1.0,FINISHED,2025-11-04,1634252,Matchday 12,2025-2026,1634252,D,7.0,7.0,20.0,12.0,0.2,-0.4,594.6220991882807,9700000.0,6880000.0,1.4098837209302326
AmaZulu,Polokwane City,0.0,1.0,FINISHED,2025-11-04,1634195,Matchday 12,2025-2026,1634195,A,10.0,7.0,18.0,15.0,0.6,0.0,674.548969699843,10880000.0,4680000.0,2.324786324786325
Kaizer Chiefs,Orbit College,4.0,1.0,FINISHED,2025-11-04,1634238,Matchday 12,2025-2026,1634238,H,6.0,10.0,19.0,13.0,-0.2,0.2,99.22993375297557,16230000.0,,
Mamelodi Sundowns,TS Galaxy,1.0,0.0,FINISHED,2025-11-05,1634249,Matchday 12,2025-2026,1634249,H,8.0,7.0,21.0,16.0,0.8,0.2,273.38745252065416,40400000.0,3680000.0,10.978260869565217
Golden Arrows,Orlando Pirates,1.0,3.0,FINISHED,2025-11-05,1634250,Matchday 12,2025-2026,1634250,A,9.0,13.0,16.0,20.0,1.2,1.4,507.8973058318857,6830000.0,22330000.0,0.3058665472458576
Durban City,Marumo Gallants,1.0,0.0,FINISHED,2025-11-05,1634251,Matchday 12,2025-2026,1634251,H,4.0,5.0,12.0,10.0,-0.4,-0.8,456.58950795785546,6830000.0,2930000.0,2.3310580204778155
Stellenbosch,Siwelele,0.0,2.0,FINISHED,2025-11-05,1634248,Matchday 12,2025-2026,1634248,A,5.0,7.0,9.0,8.0,-0.4,-0.2,875.4385978904638,6080000.0,5250000.0,1.158095238095238
AmaZulu,Siwelele,2.0,0.0,FINISHED,2025-11-22,1634247,Matchday 13,2025-2026,1634247,H,7.0,10.0,15.0,11.0,0.2,0.6,469.9550370235814,10880000.0,5250000.0,2.072380952380952
Marumo Gallants,Sekhukhune United,1.0,1.0,FINISHED,2025-11-22,1634244,Matchday 13,2025-2026,1634244,D,4.0,5.0,7.0,18.0,-1.0,-0.2,666.410273920029,2930000.0,9700000.0,0.3020618556701031
TS Galaxy,Golden Arrows,2.0,1.0,FINISHED,2025-11-23,1634241,Matchday 13,2025-2026,1634241,H,6.0,9.0,16.0,13.0,0.0,1.0,501.2492909934793,3680000.0,6830000.0,0.5387994143484627
Richards Bay,Durban City,0.0,0.0,FINISHED,2025-11-23,1634222,Matchday 13,2025-2026,1634222,D,5.0,7.0,13.0,12.0,-0.6,0.2,172.9234678429387,6880000.0,6830000.0,1.007320644216691
Orlando Pirates,Chippa United,2.0,0.0,FINISHED,2025-11-25,1634246,Matchday 13,2025-2026,1634246,H,13.0,3.0,22.0,6.0,1.2,-0.8,753.3552243406666,22330000.0,5180000.0,4.3108108108108105
Orbit College,Stellenbosch,1.0,2.0,FINISHED,2025-11-26,1634243,Matchday 13,2025-2026,1634243,A,9.0,5.0,10.0,8.0,-0.4,-0.6,1222.7378129340802,,6080000.0,
Richards Bay,AmaZulu,2.0,0.0,FINISHED,2025-11-28,1634239,Matchday 14,2025-2026,1634239,H,3.0,10.0,14.0,18.0,-0.8,1.0,156.37380129368893,6880000.0,10880000.0,0.6323529411764706
Durban City,Orlando Pirates,0.0,2.0,FINISHED,2025-11-29,1634314,Matchday 14,2025-2026,1634314,A,7.0,13.0,12.0,25.0,0.2,1.4,501.29312065190766,6830000.0,22330000.0,0.3058665472458576
Siwelele,Chippa United,0.0,0.0,FINISHED,2025-11-29,1634236,Matchday 14,2025-2026,1634236,D,10.0,2.0,11.0,6.0,0.4,-1.2,454.90581570858905,5250000.0,5180000.0,1.0135135135135136
Polokwane City,TS Galaxy,0.0,0.0,FINISHED,2025-11-29,1634237,Matchday 14,2025-2026,1634237,D,7.0,6.0,18.0,19.0,0.0,-0.2,225.81389740526924,4680000.0,3680000.0,1.2717391304347827
Marumo Gallants,Magesi,1.0,1.0,FINISHED,2025-11-30,1634234,Matchday 14,2025-2026,1634234,D,4.0,4.0,8.0,8.0,-1.0,-0.8,669.483723717032,2930000.0,,
Golden Arrows,AmaZulu,0.0,1.0,FINISHED,2025-12-02,1634228,Matchday 15,2025-2026,1634228,A,6.0,9.0,12.0,15.0,0.6,0.6,20.109034086532077,6830000.0,10880000.0,0.6277573529411765
Magesi,Sekhukhune United,0.0,1.0,FINISHED,2025-12-03,1634227,Matchday 15,2025-2026,1634227,A,5.0,3.0,9.0,16.0,-0.6,-0.4,11.174947881982355,,9700000.0,
Chippa United,Kaizer Chiefs,0.0,0.0,FINISHED,2025-12-03,1634229,Matchday 15,2025-2026,1634229,D,2.0,9.0,7.0,19.0,-1.2,0.8,753.05841286102,5180000.0,16230000.0,0.31916204559457795
Orbit College,Durban City,0.0,3.0,FINISHED,2025-12-03,1634226,Matchday 15,2025-2026,1634226,A,6.0,4.0,10.0,11.0,-0.8,-0.6,593.7533467440414,,6830000.0,
Stellenbosch,Polokwane City,1.0,2.0,FINISHED,2025-12-03,1634225,Matchday 15,2025-2026,1634225,A,7.0,8.0,11.0,16.0,-0.4,0.2,1515.760156328165,6080000.0,4680000.0,1.2991452991452992
Siwelele,Mamelodi Sundowns,1.0,1.0,FINISHED,2025-12-03,1634230,Matchday 15,2025-2026,1634230,D,8.0,10.0,12.0,21.0,0.2,1.0,428.0130608722853,5250000.0,40400000.0,0.12995049504950495
TS Galaxy,Kaizer Chiefs,0.0,0.0,FINISHED,2025-12-07,1634288,Matchday 7,2025-2026,1634288,D,7.0,9.0,17.0,17.0,0.2,0.8,307.1715110310044,3680000.0,16230000.0,0.22674060382008626
Mamelodi Sundowns,Orbit College,2.0,0.0,FINISHED,2026-01-19,1634235,Matchday 14,2025-2026,1634235,H,8.0,6.0,19.0,10.0,0.6,-0.8,100.45481256964966,40400000.0,,
Sekhukhune United,Stellenbosch,0.0,1.0,FINISHED,2026-01-20,1634233,Matchday 14,2025-2026,1634233,A,5.0,6.0,16.0,8.0,-0.2,-0.6,1515.6973046794312,9700000.0,6080000.0,1.5953947368421053
Kaizer Chiefs,Golden Arrows,1.0,0.0,FINISHED,2026-01-20,1634232,Matchday 14,2025-2026,1634232,H,9.0,3.0,15.0,9.0,0.8,-0.2,504.272327791487,16230000.0,6830000.0,2.376281112737921
TS Galaxy,Marumo Gallants,2.0,0.0,FINISHED,2026-01-21,1634240,Matchday 15,2025-2026,1634240,H,8.0,5.0,15.0,9.0,0.4,-0.8,620.8932044419288,3680000.0,2930000.0,1.2559726962457338
Richards Bay,Siwelele,1.0,1.0,FINISHED,2026-01-23,1634388,Matchday 16,2025-2026,1634388,D,6.0,8.0,14.0,12.0,0.2,0.2,568.4884950647302,6880000.0,5250000.0,1.3104761904761906
Sekhukhune United,Orlando Pirates,0.0,0.0,FINISHED,2026-01-24,1634401,Matchday 16,2025-2026,1634401,D,5.0,13.0,15.0,28.0,-0.2,1.4,300.02049415232636,9700000.0,22330000.0,0.4343931930138827
Orbit College,Chippa United,0.0,1.0,FINISHED,2026-01-24,1634374,Matchday 16,2025-2026,1634374,A,3.0,3.0,10.0,8.0,-1.4,-1.0,819.8119288368035,,5180000.0,
Durban City,Polokwane City,1.0,0.0,FINISHED,2026-01-25,1634396,Matchday 16,2025-2026,1634396,H,7.0,8.0,14.0,18.0,0.2,0.2,680.0507766550901,6830000.0,4680000.0,1.4594017094017093
AmaZulu,TS Galaxy,3.0,2.0,FINISHED,2026-01-25,1634397,Matchday 16,2025-2026,1634397,H,9.0,8.0,17.0,15.0,0.6,0.4,485.7237565219576,10880000.0,3680000.0,2.9565217391304346
Sekhukhune United,Mamelodi Sundowns,0.0,2.0,FINISHED,2026-01-27,1634207,Matchday 10,2025-2026,1634207,A,6.0,11.0,13.0,21.0,0.0,1.2,239.01816026096265,9700000.0,40400000.0,0.2400990099009901
Marumo Gallants,Kaizer Chiefs,0.0,1.0,FINISHED,2026-01-28,1634399,Matchday 16,2025-2026,1634399,A,2.0,11.0,8.0,17.0,-1.4,1.0,369.4351841819827,2930000.0,16230000.0,0.18052988293284042
Richards Bay,Golden Arrows,2.0,2.0,FINISHED,2026-01-30,1634395,Matchday 17,2025-2026,1634395,D,7.0,3.0,14.0,9.0,0.4,-0.2,176.48139239943563,6880000.0,6830000.0,1.007320644216691
Marumo Gallants,AmaZulu,0.0,1.0,FINISHED,2026-01-31,1634393,Matchday 17,2025-2026,1634393,A,2.0,9.0,7.0,19.0,-0.8,0.2,469.9550370235814,2930000.0,10880000.0,0.2693014705882353
Orlando Pirates,Magesi,2.0,0.0,FINISHED,2026-01-31,1634253,Matchday 6,2025-2026,1634253,H,11.0,5.0,26.0,9.0,1.2,-0.4,302.680704101384,22330000.0,,
Polokwane City,Orbit College,2.0,2.0,FINISHED,2026-01-31,1634391,Matchday 17,2025-2026,1634391,D,8.0,0.0,17.0,10.0,0.2,-2.0,297.35433508663965,4680000.0,,
Chippa United,Durban City,2.0,0.0,FINISHED,2026-01-31,1634403,Matchday 17,2025-2026,1634403,H,6.0,10.0,8.0,14.0,-0.2,0.6,444.9043999405845,5180000.0,6830000.0,0.7584187408491947
TS Galaxy,Sekhukhune United,0.0,1.0,FINISHED,2026-02-01,1634389,Matchday 17,2025-2026,1634389,A,8.0,5.0,14.0,10.0,0.4,-0.4,225.8571765261528,3680000.0,9700000.0,0.37938144329896906
AmaZulu,Orlando Pirates,0.0,2.0,FINISHED,2026-02-03,1634295,Matchday 7,2025-2026,1634295,A,12.0,13.0,19.0,26.0,0.6,1.6,503.02317226140366,10880000.0,22330000.0,0.4872369010300045
Magesi,Golden Arrows,0.0,2.0,FINISHED,2026-02-13,1634386,Matchday 18,2025-2026,1634386,A,2.0,1.0,8.0,10.0,-1.0,-1.0,696.1518864947277,,6830000.0,
Durban City,TS Galaxy,2.0,0.0,FINISHED,2026-02-13,1634387,Matchday 18,2025-2026,1634387,H,7.0,5.0,14.0,11.0,0.0,0.0,494.69623894305175,6830000.0,3680000.0,1.8559782608695652
Orlando Pirates,Marumo Gallants,3.0,0.0,FINISHED,2026-02-14,1634381,Matchday 18,2025-2026,1634381,H,13.0,2.0,26.0,6.0,1.6,-0.8,367.02395017310073,22330000.0,2930000.0,7.621160409556314
Polokwane City,Siwelele,0.0,0.0,FINISHED,2026-02-14,1634384,Matchday 18,2025-2026,1634384,D,8.0,6.0,15.0,13.0,0.2,0.0,666.4603285034987,4680000.0,5250000.0,0.8914285714285715
Chippa United,Richards Bay,3.0,0.0,FINISHED,2026-02-14,1634382,Matchday 18,2025-2026,1634382,H,8.0,7.0,11.0,14.0,0.2,0.4,617.6414829288439,5180000.0,6880000.0,0.752906976744186
Sekhukhune United,Orbit College,2.0,0.0,FINISHED,2026-02-15,1634380,Matchday 18,2025-2026,1634380,H,7.0,1.0,10.0,10.0,-0.2,-1.4,297.2839702298305,9700000.0,,
Orlando Pirates,Mamelodi Sundowns,1.0,2.0,FINISHED,2026-02-18,1634392,Matchday 17,2025-2026,1634392,A,13.0,11.0,26.0,21.0,1.8,1.0,61.05551098911179,22330000.0,40400000.0,0.5527227722772278
Stellenbosch,Magesi,1.0,1.0,FINISHED,2026-02-18,1634394,Matchday 17,2025-2026,1634394,D,6.0,2.0,11.0,8.0,-0.6,-1.0,1516.3854933784648,6080000.0,,
AmaZulu,Mamelodi Sundowns,0.0,1.0,FINISHED,2026-02-24,1634385,Matchday 18,2025-2026,1634385,A,9.0,13.0,19.0,21.0,-0.2,1.2,530.738182466435,10880000.0,40400000.0,0.2693069306930693
Kaizer Chiefs,Stellenbosch,1.0,2.0,FINISHED,2026-02-24,1634383,Matchday 18,2025-2026,1634383,A,11.0,7.0,17.0,12.0,1.0,-0.2,1224.541902196886,16230000.0,6080000.0,2.669407894736842
Magesi,Polokwane City,0.0,2.0,FINISHED,2026-02-27,1634379,Matchday 19,2025-2026,1634379,A,2.0,6.0,6.0,13.0,-1.0,0.0,11.225364333413253,,4680000.0,
Stellenbosch,AmaZulu,1.0,0.0,FINISHED,2026-02-27,1634378,Matchday 19,2025-2026,1634378,H,10.0,9.0,15.0,18.0,0.4,0.0,1234.5377123884953,6080000.0,10880000.0,0.5588235294117647
Golden Arrows,Chippa United,0.0,0.0,FINISHED,2026-02-28,1634376,Matchday 19,2025-2026,1634376,D,4.0,11.0,13.0,13.0,-0.2,1.2,441.1636950664042,6830000.0,5180000.0,1.3185328185328185
Orbit College,Richards Bay,0.0,0.0,FINISHED,2026-02-28,1634390,Matchday 19,2025-2026,1634390,D,1.0,6.0,7.0,11.0,-1.6,-0.2,588.1137377239806,,6880000.0,
Kaizer Chiefs,Orlando Pirates,0.0,3.0,FINISHED,2026-02-28,1634377,Matchday 19,2025-2026,1634377,A,8.0,10.0,17.0,23.0,0.2,1.2,5.978268699146683,16230000.0,22330000.0,0.7268248992386923
Siwelele,TS Galaxy,1.0,0.0,FINISHED,2026-02-28,1634312,Matchday 19,2025-2026,1634312,H,4.0,4.0,14.0,11.0,-0.4,-0.4,620.8932044419288,5250000.0,3680000.0,1.4266304347826086
Mamelodi Sundowns,Sekhukhune United,3.0,1.0,FINISHED,2026-03-01,1634418,Matchday 19,2025-2026,1634418,H,13.0,7.0,23.0,12.0,1.2,0.0,239.01816026096265,40400000.0,9700000.0,4.164948453608248
Marumo Gallants,Durban City,0.0,1.0,FINISHED,2026-03-01,1634432,Matchday 19,2025-2026,1634432,A,1.0,9.0,5.0,16.0,-1.4,0.4,456.58950795785546,2930000.0,6830000.0,0.4289897510980966
Siwelele,Stellenbosch,0.0,0.0,FINISHED,2026-03-03,1634430,Matchday 20,2025-2026,1634430,D,7.0,10.0,17.0,17.0,0.2,0.4,875.4385978904638,5250000.0,6080000.0,0.8634868421052632
TS Galaxy,Orbit College,1.0,2.0,FINISHED,2026-03-03,1634429,Matchday 20,2025-2026,1634429,A,3.0,2.0,11.0,8.0,-0.6,-1.0,372.21584992362483,3680000.0,,
Richards Bay,Kaizer Chiefs,1.0,0.0,FINISHED,2026-03-03,1634431,Matchday 20,2025-2026,1634431,H,6.0,7.0,9.0,16.0,-0.2,-0.4,489.1277826434645,6880000.0,16230000.0,0.4239063462723352
AmaZulu,Magesi,0.0,0.0,FINISHED,2026-03-04,1634428,Matchday 20,2025-2026,1634428,D,6.0,1.0,15.0,6.0,-0.4,-1.4,683.911466747501,10880000.0,,
Durban City,Sekhukhune United,1.0,1.0,FINISHED,2026-03-04,1634426,Matchday 20,2025-2026,1634426,D,12.0,7.0,16.0,12.0,1.0,-0.2,680.0544179606063,6830000.0,9700000.0,0.7041237113402062
Polokwane City,Orlando Pirates,1.0,2.0,FINISHED,2026-03-04,1634424,Matchday 20,2025-2026,1634424,A,8.0,12.0,16.0,23.0,0.4,1.8,300.07367905105605,4680000.0,22330000.0,0.2095835199283475
Chippa United,Marumo Gallants,1.0,3.0,FINISHED,2026-03-04,1634427,Matchday 20,2025-2026,1634427,A,11.0,0.0,13.0,5.0,1.2,-1.6,454.90581570858905,5180000.0,2930000.0,1.7679180887372015
Mamelodi Sundowns,Golden Arrows,2.0,1.0,FINISHED,2026-03-04,1634425,Matchday 20,2025-2026,1634425,H,15.0,5.0,23.0,11.0,1.6,0.0,537.6085491295763,40400000.0,6830000.0,5.915080527086384
Orbit College,Mamelodi Sundowns,0.0,2.0,FINISHED,2026-03-10,1634373,Matchday 21,2025-2026,1634373,A,5.0,15.0,8.0,26.0,-0.4,1.4,100.45481256964966,,40400000.0,
Orlando Pirates,Richards Bay,2.0,0.0,FINISHED,2026-03-11,1634231,Matchday 15,2025-2026,1634231,H,12.0,6.0,25.0,12.0,1.6,-0.4,494.1785726193095,22330000.0,6880000.0,3.245639534883721
Stellenbosch,TS Galaxy,1.0,1.0,FINISHED,2026-03-13,1634422,Matchday 21,2025-2026,1634422,D,11.0,0.0,17.0,8.0,0.6,-1.2,1496.21522813951,6080000.0,3680000.0,1.6521739130434783
Sekhukhune United,Polokwane City,0.0,0.0,FINISHED,2026-03-14,1634419,Matchday 21,2025-2026,1634419,D,7.0,5.0,13.0,13.0,-0.2,0.0,0.08283526967326009,9700000.0,4680000.0,2.072649572649573
Magesi,Chippa United,2.0,2.0,FINISHED,2026-03-14,1634423,Matchday 21,2025-2026,1634423,D,2.0,10.0,7.0,13.0,-1.2,0.8,1027.8230520333616,,5180000.0,
Marumo Gallants,Golden Arrows,1.0,2.0,FINISHED,2026-03-14,1634416,Matchday 21,2025-2026,1634416,A,3.0,5.0,5.0,8.0,-0.8,0.0,459.8354704753759,2930000.0,6830000.0,0.4289897510980966
AmaZulu,Richards Bay,2.0,1.0,FINISHED,2026-03-14,1634421,Matchday 21,2025-2026,1634421,H,4.0,5.0,13.0,12.0,-0.6,-0.8,156.37380129368893,10880000.0,6880000.0,1.5813953488372092
Orlando Pirates,Siwelele,1.0,1.0,FINISHED,2026-03-14,1634402,Matchday 21,2025-2026,1634402,D,12.0,7.0,25.0,15.0,1.6,0.2,367.02395017310073,22330000.0,5250000.0,4.253333333333333
Kaizer Chiefs,Durban City,1.0,0.0,FINISHED,2026-03-15,1634417,Matchday 21,2025-2026,1634417,H,6.0,10.0,15.0,17.0,-0.6,0.4,497.6487365037908,16230000.0,6830000.0,2.376281112737921
Mamelodi Sundowns,Marumo Gallants,3.0,1.0,FINISHED,2026-03-17,1634410,Matchday 22,2025-2026,1634410,H,15.0,3.0,26.0,5.0,1.4,-0.8,428.0130608722853,40400000.0,2930000.0,13.788395904436861
Golden Arrows,Stellenbosch,1.0,1.0,FINISHED,2026-03-18,1634400,Matchday 16,2025-2026,1634400,D,8.0,9.0,11.0,15.0,0.4,0.4,1216.5174700019006,6830000.0,6080000.0,1.1233552631578947
Stellenbosch,Chippa United,2.0,1.0,FINISHED,2026-03-21,1634413,Matchday 22,2025-2026,1634413,H,9.0,8.0,16.0,14.0,0.4,0.6,843.8903781142693,6080000.0,5180000.0,1.1737451737451738
Polokwane City,AmaZulu,0.0,1.0,FINISHED,2026-03-21,1634414,Matchday 22,2025-2026,1634414,A,6.0,4.0,14.0,16.0,0.2,-0.6,674.548969699843,4680000.0,10880000.0,0.43014705882352944
Kaizer Chiefs,Magesi,2.0,0.0,FINISHED,2026-03-21,1634411,Matchday 22,2025-2026,1634411,H,6.0,3.0,17.0,5.0,-0.6,-0.8,300.0781538760699,16230000.0,,
Durban City,Richards Bay,1.0,0.0,FINISHED,2026-03-22,1634408,Matchday 22,2025-2026,1634408,H,7.0,4.0,17.0,11.0,0.0,-1.0,172.9234678429387,6830000.0,6880000.0,0.9927325581395349
TS Galaxy,Orlando Pirates,0.0,6.0,FINISHED,2026-03-22,1634409,Matchday 22,2025-2026,1634409,A,1.0,10.0,9.0,23.0,-1.0,1.0,312.8377902530316,3680000.0,22330000.0,0.16480071652485445
Siwelele,Orbit College,1.0,0.0,FINISHED,2026-03-22,1634415,Matchday 22,2025-2026,1634415,H,7.0,5.0,15.0,5.0,0.2,-0.6,403.07345630209915,5250000.0,,
Golden Arrows,Sekhukhune United,1.0,0.0,FINISHED,2026-03-22,1634412,Matchday 22,2025-2026,1634412,H,8.0,8.0,9.0,13.0,0.4,0.2,686.9395752773827,6830000.0,9700000.0,0.7041237113402062
Mamelodi Sundowns,Chippa United,4.0,1.0,FINISHED,2026-04-03,1634327,Matchday 25,2025-2026,1634327,H,15.0,5.0,28.0,13.0,1.6,0.0,807.1414964025447,40400000.0,5180000.0,7.7992277992278
Orbit College,Kaizer Chiefs,1.0,3.0,FINISHED,2026-04-06,1634328,Matchday 23,2025-2026,1634328,A,4.0,6.0,5.0,17.0,-0.8,-0.4,99.22993375297557,,16230000.0,
AmaZulu,Sekhukhune United,2.0,2.0,FINISHED,2026-04-06,1634407,Matchday 23,2025-2026,1634407,D,7.0,5.0,16.0,12.0,0.0,-0.2,674.5546298160202,10880000.0,9700000.0,1.1216494845360825
Chippa United,Siwelele,1.0,0.0,FINISHED,2026-04-07,1634406,Matchday 23,2025-2026,1634406,H,2.0,9.0,13.0,15.0,-1.2,0.4,454.90581570858905,5180000.0,5250000.0,0.9866666666666667
Magesi,Marumo Gallants,3.0,0.0,FINISHED,2026-04-07,1634420,Matchday 23,2025-2026,1634420,H,3.0,3.0,5.0,5.0,-0.8,-1.0,669.483723717032,,2930000.0,
Durban City,Mamelodi Sundowns,0.0,1.0,FINISHED,2026-04-07,1634405,Matchday 23,2025-2026,1634405,A,10.0,15.0,17.0,28.0,0.6,2.0,530.8250357544052,6830000.0,40400000.0,0.16905940594059407
Orlando Pirates,Golden Arrows,5.0,0.0,FINISHED,2026-04-07,1634375,Matchday 23,2025-2026,1634375,H,13.0,8.0,23.0,12.0,2.4,0.2,507.8973058318857,22330000.0,6830000.0,3.269399707174231
Richards Bay,Stellenbosch,2.0,1.0,FINISHED,2026-04-07,1634341,Matchday 23,2025-2026,1634341,H,4.0,9.0,10.0,19.0,-0.6,0.4,1377.396602947712,6880000.0,6080000.0,1.131578947368421
TS Galaxy,Polokwane City,1.0,2.0,FINISHED,2026-04-08,1634340,Matchday 23,2025-2026,1634340,A,1.0,5.0,6.0,13.0,-2.0,0.0,225.81389740526924,3680000.0,4680000.0,0.7863247863247863
Richards Bay,Orlando Pirates,2.0,2.0,FINISHED,2026-04-10,1634339,Matchday 24,2025-2026,1634339,D,6.0,13.0,12.0,25.0,-0.4,2.8,494.1785726193095,6880000.0,22330000.0,0.3081056874160322
Golden Arrows,Durban City,1.0,0.0,FINISHED,2026-04-11,1634338,Matchday 24,2025-2026,1634338,H,7.0,7.0,12.0,16.0,-0.8,0.0,6.925397570849175,6830000.0,6830000.0,1.0
Siwelele,AmaZulu,1.0,1.0,FINISHED,2026-04-11,1634337,Matchday 24,2025-2026,1634337,D,8.0,8.0,12.0,17.0,0.2,0.2,469.9550370235814,5250000.0,10880000.0,0.48253676470588236
Sekhukhune United,Magesi,1.0,0.0,FINISHED,2026-04-11,1634335,Matchday 24,2025-2026,1634335,H,3.0,5.0,10.0,7.0,-0.6,-0.2,11.174947881982355,9700000.0,,
Chippa United,Polokwane City,1.0,1.0,FINISHED,2026-04-11,1634334,Matchday 24,2025-2026,1634334,D,4.0,7.0,15.0,13.0,-1.0,0.2,1021.3306183362473,5180000.0,4680000.0,1.106837606837607
Kaizer Chiefs,TS Galaxy,2.0,0.0,FINISHED,2026-04-12,1634333,Matchday 24,2025-2026,1634333,H,9.0,1.0,17.0,5.0,0.2,-1.8,307.1715110310044,16230000.0,3680000.0,4.4103260869565215
Marumo Gallants,Orbit College,0.0,0.0,FINISHED,2026-04-12,1634332,Matchday 24,2025-2026,1634332,D,3.0,4.0,4.0,5.0,-1.0,-0.8,403.07345630209915,2930000.0,,
Magesi,Kaizer Chiefs,1.0,4.0,FINISHED,2026-04-15,1634245,Matchday 13,2025-2026,1634245,A,5.0,12.0,6.0,19.0,0.0,1.2,300.0781538760699,,16230000.0,
Stellenbosch,Sekhukhune United,3.0,1.0,FINISHED,2026-04-17,1634331,Matchday 25,2025-2026,1634331,H,6.0,6.0,16.0,13.0,0.0,0.0,1515.6973046794312,6080000.0,9700000.0,0.6268041237113402
Orbit College,Golden Arrows,1.0,2.0,FINISHED,2026-04-18,1634329,Matchday 25,2025-2026,1634329,A,4.0,10.0,6.0,15.0,-0.8,-0.4,600.2778976873244,,6830000.0,
Marumo Gallants,Siwelele,0.0,0.0,FINISHED,2026-04-18,1634343,Matchday 25,2025-2026,1634343,D,4.0,6.0,4.0,13.0,-0.8,0.0,0.0,2930000.0,5250000.0,0.5580952380952381
Orlando Pirates,AmaZulu,3.0,0.0,FINISHED,2026-04-18,1634344,Matchday 25,2025-2026,1634344,H,11.0,9.0,23.0,15.0,2.6,0.4,503.02317226140366,22330000.0,10880000.0,2.052389705882353
Polokwane City,Kaizer Chiefs,0.0,0.0,FINISHED,2026-04-18,1634326,Matchday 25,2025-2026,1634326,D,5.0,15.0,13.0,21.0,-0.2,2.0,297.2773652263127,4680000.0,16230000.0,0.28835489833641403
TS Galaxy,Richards Bay,0.0,1.0,FINISHED,2026-04-19,1634325,Matchday 25,2025-2026,1634325,A,1.0,4.0,4.0,10.0,-2.0,-0.6,381.57695986500306,3680000.0,6880000.0,0.5348837209302325
Magesi,Durban City,5.0,2.0,FINISHED,2026-04-19,1634324,Matchday 25,2025-2026,1634324,H,4.0,4.0,6.0,16.0,-0.6,-0.4,689.2601499614676,,6830000.0,
Mamelodi Sundowns,Stellenbosch,1.0,1.0,FINISHED,2026-04-22,1634336,Matchday 24,2025-2026,1634336,D,15.0,8.0,30.0,19.0,1.8,0.4,1280.0575148753778,40400000.0,6080000.0,6.644736842105263
Golden Arrows,Siwelele,0.0,0.0,FINISHED,2026-04-24,1634322,Matchday 26,2025-2026,1634322,D,10.0,6.0,18.0,13.0,-0.4,0.0,459.8354704753759,6830000.0,5250000.0,1.3009523809523809
Durban City,Orbit College,1.0,1.0,FINISHED,2026-04-24,1634323,Matchday 26,2025-2026,1634323,D,3.0,1.0,13.0,6.0,-1.0,-1.2,593.7533467440414,6830000.0,,
AmaZulu,Chippa United,5.0,1.0,FINISHED,2026-04-25,1634318,Matchday 26,2025-2026,1634318,H,8.0,5.0,12.0,15.0,-0.2,-0.6,461.27259629164047,10880000.0,5180000.0,2.1003861003861
Sekhukhune United,Marumo Gallants,1.0,1.0,FINISHED,2026-04-25,1634319,Matchday 26,2025-2026,1634319,D,5.0,2.0,12.0,5.0,-0.4,-1.2,666.410273920029,9700000.0,2930000.0,3.310580204778157
Polokwane City,Stellenbosch,1.0,0.0,FINISHED,2026-04-26,1634317,Matchday 26,2025-2026,1634317,H,6.0,8.0,11.0,17.0,0.0,0.4,1515.760156328165,4680000.0,6080000.0,0.7697368421052632
TS Galaxy,Magesi,0.0,0.0,FINISHED,2026-04-26,1634316,Matchday 26,2025-2026,1634316,D,1.0,6.0,1.0,9.0,-2.0,0.0,236.977316740276,3680000.0,,
Orlando Pirates,Kaizer Chiefs,1.0,1.0,FINISHED,2026-04-26,1634321,Matchday 26,2025-2026,1634321,D,11.0,13.0,23.0,19.0,2.8,1.8,5.978268699146683,22330000.0,16230000.0,1.3758471965495995
Richards Bay,Mamelodi Sundowns,0.0,0.0,FINISHED,2026-04-26,1634320,Matchday 26,2025-2026,1634320,D,7.0,13.0,12.0,28.0,0.0,1.6,504.13032975002403,6880000.0,40400000.0,0.1702970297029703
Polokwane City,Mamelodi Sundowns,0.0,1.0,FINISHED,2026-04-29,1634242,Matchday 13,2025-2026,1634242,A,8.0,11.0,14.0,26.0,0.2,1.2,239.07194874410342,4680000.0,40400000.0,0.11584158415841585
Siwelele,Kaizer Chiefs,2.0,0.0,FINISHED,2026-04-29,1634404,Matchday 17,2025-2026,1634404,H,6.0,11.0,13.0,17.0,0.0,1.4,369.4351841819827,5250000.0,16230000.0,0.3234750462107209
Mamelodi Sundowns,Polokwane City,3.0,0.0,FINISHED,2026-05-03,1634347,Matchday 30,2025-2026,1634347,H,11.0,8.0,26.0,13.0,1.0,0.2,239.07194874410342,40400000.0,4680000.0,8.632478632478632
Stellenbosch,Orlando Pirates,0.0,2.0,FINISHED,2026-05-05,1634372,Matchday 27,2025-2026,1634372,A,7.0,11.0,16.0,21.0,0.2,2.8,1220.6858842275062,6080000.0,22330000.0,0.2722794446932378
Siwelele,Durban City,2.0,2.0,FINISHED,2026-05-05,1634358,Matchday 27,2025-2026,1634358,D,6.0,4.0,15.0,11.0,0.2,-0.8,456.58950795785546,5250000.0,6830000.0,0.7686676427525623
Magesi,Orbit College,1.0,2.0,FINISHED,2026-05-05,1634330,Matchday 27,2025-2026,1634330,A,7.0,2.0,10.0,7.0,0.4,-0.8,296.4272094859066,,,
Chippa United,Sekhukhune United,1.0,3.0,FINISHED,2026-05-06,1634315,Matchday 27,2025-2026,1634315,A,4.0,5.0,12.0,13.0,-1.4,-0.4,1021.3060443774077,5180000.0,9700000.0,0.534020618556701
Mamelodi Sundowns,Kaizer Chiefs,1.0,1.0,FINISHED,2026-05-06,1634370,Matchday 27,2025-2026,1634370,D,11.0,8.0,26.0,17.0,1.0,0.6,58.65727490670219,40400000.0,16230000.0,2.4892174984596425
AmaZulu,Golden Arrows,1.0,1.0,FINISHED,2026-05-06,1634371,Matchday 27,2025-2026,1634371,D,8.0,10.0,12.0,18.0,0.4,-0.4,20.109034086532077,10880000.0,6830000.0,1.5929721815519766
Richards Bay,Polokwane City,0.0,0.0,FINISHED,2026-05-06,1634368,Matchday 27,2025-2026,1634368,D,8.0,5.0,12.0,12.0,0.2,-0.6,594.599100630916,6880000.0,4680000.0,1.4700854700854702
Marumo Gallants,TS Galaxy,1.0,1.0,FINISHED,2026-05-06,1634369,Matchday 27,2025-2026,1634369,D,3.0,1.0,6.0,2.0,-1.0,-2.0,620.8932044419288,2930000.0,3680000.0,0.7961956521739131
Durban City,Stellenbosch,0.0,0.0,FINISHED,2026-05-08,1634367,Matchday 28,2025-2026,1634367,D,2.0,4.0,12.0,13.0,-1.0,-0.4,1217.2577336136833,6830000.0,6080000.0,1.1233552631578947
Orbit College,AmaZulu,0.0,0.0,FINISHED,2026-05-09,1634365,Matchday 28,2025-2026,1634365,D,5.0,6.0,9.0,13.0,-0.4,0.2,596.0580790920137,,10880000.0,
Mamelodi Sundowns,Siwelele,7.0,4.0,FINISHED,2026-05-09,1634363,Matchday 28,2025-2026,1634363,H,9.0,7.0,24.0,15.0,0.8,0.4,428.0130608722853,40400000.0,5250000.0,7.695238095238095
Magesi,Orlando Pirates,0.0,3.0,FINISHED,2026-05-09,1634362,Matchday 28,2025-2026,1634362,A,4.0,11.0,9.0,24.0,-0.4,2.0,302.680704101384,,22330000.0,
Golden Arrows,Polokwane City,0.0,0.0,FINISHED,2026-05-09,1634364,Matchday 28,2025-2026,1634364,D,8.0,5.0,16.0,10.0,-0.6,-0.6,686.9358434887893,6830000.0,4680000.0,1.4594017094017093
TS Galaxy,Chippa United,1.0,1.0,FINISHED,2026-05-09,1634361,Matchday 28,2025-2026,1634361,D,2.0,4.0,3.0,9.0,-0.8,-1.6,888.662992481296,3680000.0,5180000.0,0.7104247104247104
Marumo Gallants,Richards Bay,1.0,1.0,FINISHED,2026-05-09,1634366,Matchday 28,2025-2026,1634366,D,4.0,9.0,7.0,13.0,-0.6,0.4,568.4884950647302,2930000.0,6880000.0,0.4258720930232558
Sekhukhune United,Kaizer Chiefs,0.0,2.0,FINISHED,2026-05-10,1634342,Matchday 28,2025-2026,1634342,A,8.0,6.0,13.0,18.0,0.2,0.2,297.22531271282986,9700000.0,16230000.0,0.5976586568083796
TS Galaxy,Mamelodi Sundowns,3.0,2.0,FINISHED,2026-05-12,1634353,Matchday 29,2025-2026,1634353,H,3.0,11.0,4.0,24.0,-0.6,1.4,273.38745252065416,3680000.0,40400000.0,0.09108910891089109
Chippa United,Golden Arrows,0.0,2.0,FINISHED,2026-05-16,1634433,Matchday 29,2025-2026,1634433,A,5.0,9.0,7.0,16.0,-1.0,0.4,441.1636950664042,5180000.0,6830000.0,0.7584187408491947
Richards Bay,Sekhukhune United,1.0,1.0,FINISHED,2026-05-16,1634356,Matchday 29,2025-2026,1634356,D,7.0,7.0,13.0,10.0,0.2,-0.2,594.6220991882807,6880000.0,9700000.0,0.709278350515464
Stellenbosch,Orbit College,2.0,0.0,FINISHED,2026-05-16,1634354,Matchday 29,2025-2026,1634354,H,5.0,6.0,11.0,10.0,-0.2,0.0,1222.7378129340802,6080000.0,,
AmaZulu,Kaizer Chiefs,0.0,1.0,FINISHED,2026-05-16,1634359,Matchday 29,2025-2026,1634359,A,6.0,6.0,14.0,21.0,0.2,0.0,499.21680619064676,10880000.0,16230000.0,0.6703635243376463
Polokwane City,Marumo Gallants,1.0,1.0,FINISHED,2026-05-16,1634352,Matchday 29,2025-2026,1634352,D,5.0,5.0,11.0,8.0,-0.6,0.0,666.4603285034987,4680000.0,2930000.0,1.5972696245733788
Orlando Pirates,Durban City,0.0,0.0,FINISHED,2026-05-16,1634357,Matchday 29,2025-2026,1634357,D,11.0,3.0,24.0,10.0,1.6,-0.8,501.29312065190766,22330000.0,6830000.0,3.269399707174231
Siwelele,Magesi,1.0,0.0,FINISHED,2026-05-16,1634355,Matchday 29,2025-2026,1634355,H,6.0,4.0,12.0,9.0,-0.2,-0.8,669.483723717032,5250000.0,,
Magesi,Richards Bay,1.0,0.0,FINISHED,2026-05-23,1634348,Matchday 30,2025-2026,1634348,H,4.0,7.0,8.0,11.0,-0.4,0.2,605.0542792381086,,6880000.0,
Durban City,AmaZulu,0.0,1.0,FINISHED,2026-05-23,1634351,Matchday 30,2025-2026,1634351,A,4.0,5.0,8.0,14.0,-0.6,0.0,17.3943183164239,6830000.0,10880000.0,0.6277573529411765
Kaizer Chiefs,Chippa United,0.0,1.0,FINISHED,2026-05-23,1634349,Matchday 30,2025-2026,1634349,A,8.0,2.0,21.0,6.0,0.2,-1.6,753.05841286102,16230000.0,5180000.0,3.1332046332046333
Golden Arrows,TS Galaxy,0.0,0.0,FINISHED,2026-05-23,1634350,Matchday 30,2025-2026,1634350,D,9.0,6.0,19.0,7.0,0.6,0.0,501.2492909934793,6830000.0,3680000.0,1.8559782608695652
Orbit College,Orlando Pirates,0.0,2.0,FINISHED,2026-05-23,1634345,Matchday 30,2025-2026,1634345,A,5.0,11.0,9.0,22.0,-0.4,1.6,94.51975338137561,,22330000.0,
Marumo Gallants,Stellenbosch,0.0,0.0,FINISHED,2026-05-23,1634346,Matchday 30,2025-2026,1634346,D,5.0,5.0,9.0,13.0,0.0,-0.2,875.4385978904638,2930000.0,6080000.0,0.4819078947368421
Sekhukhune United,Siwelele,2.0,2.0,FINISHED,2026-05-23,1634360,Matchday 30,2025-2026,1634360,D,5.0,8.0,11.0,14.0,-0.4,0.0,666.410273920029,9700000.0,5250000.0,1.8476190476190477
Golden Arrows,Chippa United,0.0,0.0,FINISHED,2026-08-01,21920138,Matchday 1,2026-2027,21920138,D,7.0,4.0,17.0,9.0,0.4,-1.4,441.1636950664042,6830000.0,5180000.0,1.3185328185328185
Sekhukhune United,Durban City,1.0,0.0,FINISHED,2026-08-01,21920101,Matchday 1,2026-2027,21920101,H,6.0,4.0,11.0,7.0,0.0,-0.2,680.0544179606063,9700000.0,6830000.0,1.4202049780380674
Stellenbosch,AmaZulu,0.0,1.0,FINISHED,2026-08-01,21920135,Matchday 1,2026-2027,21920135,A,5.0,8.0,13.0,16.0,-0.2,0.8,1234.5377123884953,6080000.0,10880000.0,0.5588235294117647
Orlando Pirates,Milford FC,2.0,0.0,FINISHED,2026-08-01,21920061,Matchday 1,2026-2027,21920061,H,11.0,,22.0,,1.4,,489.0345394467553,22330000.0,,
Kruger United,Kaizer Chiefs,1.0,3.0,FINISHED,2026-08-01,21920046,Matchday 1,2026-2027,21920046,A,,7.0,,18.0,,0.0,307.1715110310044,2080000.0,16230000.0,0.1281577325939618
Richards Bay,Polokwane City,1.0,2.0,FINISHED,2026-08-02,21920230,Matchday 1,2026-2027,21920230,A,4.0,3.0,11.0,11.0,-0.2,-0.8,594.599100630916,6880000.0,4680000.0,1.4700854700854702
Siwelele,TS Galaxy,2.0,2.0,FINISHED,2026-08-02,21920097,Matchday 1,2026-2027,21920097,D,8.0,7.0,14.0,8.0,0.0,0.2,620.8932044419288,5250000.0,3680000.0,1.4266304347826086
Polokwane City,Stellenbosch,3.0,3.0,FINISHED,2026-08-11,21920174,Matchday 2,2026-2027,21920174,D,6.0,5.0,14.0,12.0,-0.4,-0.2,1515.760156328165,4680000.0,6080000.0,0.7697368421052632
Marumo Gallants,Kruger United,0.0,0.0,FINISHED,2026-08-11,21920141,Matchday 2,2026-2027,21920141,D,5.0,0.0,7.0,0.0,0.0,-2.0,620.8932044419288,2930000.0,2080000.0,1.4086538461538463
TS Galaxy,Mamelodi Sundowns,2.0,3.0,FINISHED,2026-08-11,21920224,Matchday 2,2026-2027,21920224,A,7.0,10.0,8.0,21.0,0.2,1.2,273.38745252065416,3680000.0,40400000.0,0.09108910891089109
Chippa United,Richards Bay,1.0,1.0,FINISHED,2026-08-11,21920100,Matchday 2,2026-2027,21920100,D,5.0,3.0,9.0,11.0,-0.6,-0.4,617.6414829288439,5180000.0,6880000.0,0.752906976744186
Milford FC,Siwelele,1.0,0.0,FINISHED,2026-08-12,21920225,Matchday 2,2026-2027,21920225,H,0.0,6.0,0.0,12.0,-2.0,-0.4,455.0419854260548,,5250000.0,
Durban City,Golden Arrows,0.0,0.0,FINISHED,2026-08-12,21920080,Matchday 2,2026-2027,21920080,D,3.0,7.0,7.0,17.0,-0.4,0.4,6.925397570849175,6830000.0,6830000.0,1.0
AmaZulu,Orlando Pirates,1.0,1.0,FINISHED,2026-08-12,21920117,Matchday 2,2026-2027,21920117,D,8.0,13.0,16.0,24.0,0.2,1.8,503.02317226140366,10880000.0,22330000.0,0.4872369010300045
Kaizer Chiefs,Sekhukhune United,2.0,0.0,FINISHED,2026-08-12,21920052,Matchday 2,2026-2027,21920052,H,10.0,8.0,18.0,13.0,0.8,0.2,297.22531271282986,16230000.0,9700000.0,1.6731958762886598
Stellenbosch,Marumo Gallants,3.0,1.0,FINISHED,2026-08-14,21920036,Matchday 3,2026-2027,21920036,H,6.0,5.0,10.0,8.0,0.2,0.0,875.4385978904638,6080000.0,2930000.0,2.0750853242320817
Kaizer Chiefs,Mamelodi Sundowns,1.0,1.0,FINISHED,2026-08-15,21920192,Matchday 3,2026-2027,21920192,D,12.0,10.0,18.0,21.0,1.2,1.2,58.65727490670219,16230000.0,40400000.0,0.40173267326732676
AmaZulu,Siwelele,2.0,0.0,FINISHED,2026-08-15,21920126,Matchday 3,2026-2027,21920126,H,8.0,5.0,14.0,12.0,0.2,-0.6,469.9550370235814,10880000.0,5250000.0,2.072380952380952
Sekhukhune United,Polokwane City,2.0,0.0,FINISHED,2026-08-15,21920153,Matchday 3,2026-2027,21920153,H,5.0,7.0,13.0,12.0,-0.6,0.2,0.08283526967326009,9700000.0,4680000.0,2.072649572649573
Durban City,Richards Bay,1.0,1.0,FINISHED,2026-08-15,21920034,Matchday 3,2026-2027,21920034,D,3.0,3.0,5.0,12.0,-0.4,-0.4,172.9234678429387,6830000.0,6880000.0,0.9927325581395349
Milford FC,Kruger United,2.0,1.0,FINISHED,2026-08-15,21920115,Matchday 3,2026-2027,21920115,H,3.0,1.0,3.0,1.0,-0.5,-1.0,478.89266976481616,,2080000.0,
Chippa United,Orlando Pirates,0.0,3.0,FINISHED,2026-08-16,21920109,Matchday 3,2026-2027,21920109,A,6.0,11.0,10.0,22.0,-0.2,1.4,753.3552243406666,5180000.0,22330000.0,0.23197492163009403
TS Galaxy,Golden Arrows,0.0,0.0,FINISHED,2026-08-16,21920201,Matchday 3,2026-2027,21920201,D,6.0,7.0,8.0,15.0,0.0,0.4,501.2492909934793,3680000.0,6830000.0,0.5387994143484627
Mamelodi Sundowns,Marumo Gallants,2.0,0.0,FINISHED,2026-08-19,21920171,Matchday 1,2026-2027,21920171,H,8.0,4.0,19.0,8.0,0.6,-0.4,428.0130608722853,40400000.0,2930000.0,13.788395904436861
Orlando Pirates,Sekhukhune United,2.0,0.0,FINISHED,2026-08-25,21920203,Matchday 4,2026-2027,21920203,H,11.0,8.0,22.0,15.0,1.4,0.2,300.02049415232636,22330000.0,9700000.0,2.302061855670103
Siwelele,Chippa United,1.0,1.0,FINISHED,2026-08-25,21920151,Matchday 4,2026-2027,21920151,D,5.0,5.0,11.0,10.0,-0.4,-0.8,454.90581570858905,5250000.0,5180000.0,1.0135135135135136
Kruger United,Durban City,0.0,2.0,FINISHED,2026-08-25,21920047,Matchday 4,2026-2027,21920047,A,1.0,3.0,1.0,6.0,-1.0,-0.4,494.69623894305175,2080000.0,6830000.0,0.30453879941434847
Marumo Gallants,TS Galaxy,2.0,3.0,FINISHED,2026-08-25,21920067,Matchday 4,2026-2027,21920067,A,3.0,6.0,8.0,9.0,-0.8,0.0,620.8932044419288,2930000.0,3680000.0,0.7961956521739131
Mamelodi Sundowns,AmaZulu,5.0,2.0,FINISHED,2026-08-26,21920122,Matchday 4,2026-2027,21920122,H,10.0,10.0,19.0,16.0,1.0,0.6,530.738182466435,40400000.0,10880000.0,3.713235294117647
Richards Bay,Kaizer Chiefs,2.0,2.0,FINISHED,2026-08-26,21920164,Matchday 4,2026-2027,21920164,D,3.0,10.0,10.0,16.0,-0.4,0.8,489.1277826434645,6880000.0,16230000.0,0.4239063462723352
Polokwane City,Milford FC,0.0,0.0,FINISHED,2026-08-26,21920159,Matchday 4,2026-2027,21920159,D,6.0,6.0,11.0,6.0,-0.2,0.0,664.7706830398749,4680000.0,,
Golden Arrows,Stellenbosch,1.0,0.0,FINISHED,2026-08-26,21920228,Matchday 4,2026-2027,21920228,H,7.0,8.0,16.0,13.0,0.4,0.6,1216.5174700019006,6830000.0,6080000.0,1.1233552631578947
Durban City,Stellenbosch,0.0,0.0,FINISHED,2026-09-01,21920186,Matchday 5,2026-2027,21920186,D,5.0,5.0,9.0,10.0,0.0,0.0,1217.2577336136833,6830000.0,6080000.0,1.1233552631578947
Kruger United,Orlando Pirates,0.0,4.0,FINISHED,2026-09-01,21920079,Matchday 5,2026-2027,21920079,A,1.0,13.0,1.0,24.0,-1.25,1.8,312.8377902530316,2080000.0,22330000.0,0.09314823107926556
Mamelodi Sundowns,Milford FC,2.0,0.0,FINISHED,2026-09-02,21920095,Matchday 10,2026-2027,21920095,H,10.0,7.0,21.0,7.0,1.0,0.0,517.5819798652949,40400000.0,,
Richards Bay,AmaZulu,1.0,2.0,FINISHED,2026-09-04,21920148,Matchday 5,2026-2027,21920148,A,3.0,10.0,10.0,15.0,-0.4,0.2,156.37380129368893,6880000.0,10880000.0,0.6323529411764706
Marumo Gallants,Polokwane City,2.0,2.0,FINISHED,2026-09-04,21920180,Matchday 5,2026-2027,21920180,D,2.0,6.0,7.0,11.0,-1.0,-0.2,666.4603285034987,2930000.0,4680000.0,0.6260683760683761
Chippa United,Milford FC,0.0,0.0,FINISHED,2026-09-05,21920200,Matchday 5,2026-2027,21920200,D,6.0,7.0,8.0,7.0,-0.4,-0.4,457.7970507657679,5180000.0,,
Sekhukhune United,TS Galaxy,0.0,0.0,FINISHED,2026-09-05,21920193,Matchday 5,2026-2027,21920193,D,7.0,6.0,12.0,12.0,-0.2,0.0,225.8571765261528,9700000.0,3680000.0,2.635869565217391
Golden Arrows,Mamelodi Sundowns,1.0,2.0,FINISHED,2026-09-06,21920120,Matchday 5,2026-2027,21920120,A,7.0,13.0,16.0,23.0,0.2,1.6,537.6085491295763,6830000.0,40400000.0,0.16905940594059407
Kaizer Chiefs,Siwelele,3.0,2.0,FINISHED,2026-09-06,21920202,Matchday 5,2026-2027,21920202,H,8.0,3.0,16.0,11.0,0.6,-0.6,369.4351841819827,16230000.0,5250000.0,3.0914285714285716
Mamelodi Sundowns,Siwelele,3.0,0.0,FINISHED,2026-09-09,21920012,Matchday 7,2026-2027,21920012,H,13.0,2.0,23.0,10.0,1.6,-0.8,428.0130608722853,40400000.0,5250000.0,7.695238095238095
Stellenbosch,Sekhukhune United,,,UPCOMING,2026-09-11,21920185,Matchday 6,2026-2027,21920185,,5.0,7.0,10.0,13.0,0.0,-0.2,1515.6973046794312,6080000.0,9700000.0,0.6268041237113402
AmaZulu,Marumo Gallants,,,UPCOMING,2026-09-12,21920146,Matchday 6,2026-2027,21920146,,10.0,2.0,18.0,7.0,0.2,-1.0,469.9550370235814,10880000.0,2930000.0,3.7133105802047783
Polokwane City,Kaizer Chiefs,,,UPCOMING,2026-09-12,21920215,Matchday 6,2026-2027,21920215,,6.0,11.0,9.0,18.0,-0.2,1.0,297.2773652263127,4680000.0,16230000.0,0.28835489833641403
Chippa United,Mamelodi Sundowns,,,UPCOMING,2026-09-12,21920188,Matchday 6,2026-2027,21920188,,4.0,15.0,8.0,23.0,-0.6,2.2,807.1414964025447,5180000.0,40400000.0,0.12821782178217822
Siwelele,Golden Arrows,,,UPCOMING,2026-09-13,21920116,Matchday 6,2026-2027,21920116,,1.0,6.0,7.0,13.0,-1.4,0.0,459.8354704753759,5250000.0,6830000.0,0.7686676427525623
Milford FC,Richards Bay,,,UPCOMING,2026-09-13,21920084,Matchday 6,2026-2027,21920084,,8.0,3.0,8.0,7.0,0.0,-0.4,160.96094363985532,,6880000.0,
TS Galaxy,Kruger United,,,UPCOMING,2026-09-13,21920156,Matchday 6,2026-2027,21920156,,6.0,1.0,13.0,1.0,0.0,-1.8,0.0,3680000.0,2080000.0,1.7692307692307692
Orlando Pirates,Durban City,,,UPCOMING,2026-09-17,21920112,Matchday 6,2026-2027,21920112,,13.0,6.0,24.0,10.0,2.2,0.2,501.29312065190766,22330000.0,6830000.0,3.269399707174231
Kruger United,Stellenbosch,,,UPCOMING,2026-09-19,21920195,Matchday 7,2026-2027,21920195,,1.0,5.0,1.0,10.0,-1.75,0.25,1496.21522813951,2080000.0,6080000.0,0.34210526315789475
Richards Bay,Sekhukhune United,,,UPCOMING,2026-09-19,21920165,Matchday 7,2026-2027,21920165,,3.0,4.0,6.0,12.0,-0.25,-0.5,594.6220991882807,6880000.0,9700000.0,0.709278350515464
Polokwane City,AmaZulu,,,UPCOMING,2026-09-19,21920050,Matchday 7,2026-2027,21920050,,3.0,7.0,9.0,15.0,-0.5,0.0,674.548969699843,4680000.0,10880000.0,0.43014705882352944
Milford FC,Durban City,,,UPCOMING,2026-09-20,21920145,Matchday 7,2026-2027,21920145,,5.0,6.0,8.0,9.0,-0.25,0.5,15.813148756079126,,6830000.0,
Golden Arrows,Kaizer Chiefs,,,UPCOMING,2026-09-20,21920199,Matchday 7,2026-2027,21920199,,5.0,8.0,12.0,18.0,0.0,0.75,504.272327791487,6830000.0,16230000.0,0.4208256315465188
TS Galaxy,Chippa United,,,UPCOMING,2026-09-20,21920088,Matchday 7,2026-2027,21920088,,5.0,3.0,12.0,8.0,0.0,-0.75,888.662992481296,3680000.0,5180000.0,0.7104247104247104
Marumo Gallants,Orlando Pirates,,,UPCOMING,2026-09-20,21920170,Matchday 7,2026-2027,21920170,,1.0,10.0,6.0,23.0,-1.25,2.25,367.02395017310073,2930000.0,22330000.0,0.13121361397223466
Durban City,AmaZulu,,,UPCOMING,2026-10-16,21920123,Matchday 8,2026-2027,21920123,,5.0,6.0,8.0,14.0,0.6666666666666666,0.0,17.3943183164239,6830000.0,10880000.0,0.6277573529411765
Chippa United,Kruger United,,,UPCOMING,2026-10-17,21920176,Matchday 8,2026-2027,21920176,,2.0,0.0,8.0,1.0,-1.0,-2.3333333333333335,888.662992481296,5180000.0,2080000.0,2.4903846153846154
Richards Bay,Mamelodi Sundowns,,,UPCOMING,2026-10-17,21920223,Matchday 8,2026-2027,21920223,,2.0,12.0,5.0,22.0,-0.3333333333333333,2.25,504.13032975002403,6880000.0,40400000.0,0.1702970297029703
Kaizer Chiefs,Stellenbosch,,,UPCOMING,2026-10-17,21920173,Matchday 8,2026-2027,21920173,,5.0,4.0,17.0,10.0,0.3333333333333333,0.3333333333333333,1224.541902196886,16230000.0,6080000.0,2.669407894736842
Golden Arrows,Milford FC,,,UPCOMING,2026-10-17,21920024,Matchday 8,2026-2027,21920024,,4.0,2.0,11.0,8.0,0.0,-0.6666666666666666,22.41744602797916,6830000.0,,
Sekhukhune United,Marumo Gallants,,,UPCOMING,2026-10-17,21920196,Matchday 8,2026-2027,21920196,,4.0,1.0,9.0,5.0,0.0,-1.0,666.410273920029,9700000.0,2930000.0,3.310580204778157
Siwelele,Polokwane City,,,UPCOMING,2026-10-18,21920099,Matchday 8,2026-2027,21920099,,1.0,2.0,6.0,9.0,-1.5,-0.6666666666666666,666.4603285034987,5250000.0,4680000.0,1.1217948717948718
Orlando Pirates,TS Galaxy,,,UPCOMING,2026-10-18,21920191,Matchday 8,2026-2027,21920191,,9.0,5.0,20.0,11.0,3.0,0.3333333333333333,312.8377902530316,22330000.0,3680000.0,6.067934782608695
Marumo Gallants,Siwelele,,,UPCOMING,2026-10-30,21920054,Matchday 9,2026-2027,21920054,,1.0,1.0,4.0,6.0,-0.5,-1.3333333333333333,0.0,2930000.0,5250000.0,0.5580952380952381
Stellenbosch,Chippa United,,,UPCOMING,2026-10-30,21920007,Matchday 9,2026-2027,21920007,,1.0,2.0,9.0,7.0,-0.5,0.0,843.8903781142693,6080000.0,5180000.0,1.1737451737451738
Orlando Pirates,Kaizer Chiefs,,,UPCOMING,2026-10-31,21920178,Matchday 9,2026-2027,21920178,,6.0,4.0,17.0,14.0,3.0,0.5,5.978268699146683,22330000.0,16230000.0,1.3758471965495995
AmaZulu,Golden Arrows,,,UPCOMING,2026-10-31,21920063,Matchday 9,2026-2027,21920063,,3.0,3.0,13.0,10.0,-1.0,0.0,20.109034086532077,10880000.0,6830000.0,1.5929721815519766
Polokwane City,TS Galaxy,,,UPCOMING,2026-10-31,21920114,Matchday 9,2026-2027,21920114,,2.0,4.0,8.0,10.0,0.0,0.5,225.81389740526924,4680000.0,3680000.0,1.2717391304347827
Kruger United,Richards Bay,,,UPCOMING,2026-10-31,21920071,Matchday 9,2026-2027,21920071,,0.0,1.0,1.0,4.0,-3.0,-0.5,381.57695986500306,2080000.0,6880000.0,0.3023255813953488
Mamelodi Sundowns,Durban City,,,UPCOMING,2026-11-01,21920118,Matchday 9,2026-2027,21920118,,9.0,4.0,19.0,7.0,2.0,1.0,530.8250357544052,40400000.0,6830000.0,5.915080527086384
Milford FC,Sekhukhune United,,,UPCOMING,2026-11-01,21920217,Matchday 9,2026-2027,21920217,,1.0,1.0,8.0,9.0,-1.0,-1.0,664.7748264029013,,9700000.0,
Polokwane City,Kruger United,,,UPCOMING,2026-11-04,21920212,Matchday 10,2026-2027,21920212,,1.0,0.0,7.0,1.0,0.0,-4.0,225.81389740526924,4680000.0,2080000.0,2.25
TS Galaxy,Durban City,,,UPCOMING,2026-11-04,21920065,Matchday 10,2026-2027,21920065,,1.0,1.0,7.0,6.0,0.0,0.0,494.69623894305175,3680000.0,6830000.0,0.5387994143484627
Kaizer Chiefs,AmaZulu,,,UPCOMING,2026-11-04,21920086,Matchday 10,2026-2027,21920086,,3.0,3.0,11.0,13.0,1.0,1.0,499.21680619064676,16230000.0,10880000.0,1.4917279411764706
Golden Arrows,Marumo Gallants,,,UPCOMING,2026-11-04,21920098,Matchday 10,2026-2027,21920098,,0.0,1.0,7.0,3.0,-1.0,0.0,459.8354704753759,6830000.0,2930000.0,2.3310580204778155
Chippa United,Sekhukhune United,,,UPCOMING,2026-11-04,21920043,Matchday 10,2026-2027,21920043,,1.0,1.0,7.0,8.0,0.0,0.0,1021.3060443774077,5180000.0,9700000.0,0.534020618556701
Siwelele,Orlando Pirates,,,UPCOMING,2026-11-04,21920214,Matchday 10,2026-2027,21920214,,0.0,3.0,3.0,16.0,-2.0,4.0,367.02395017310073,5250000.0,22330000.0,0.23510971786833856
Richards Bay,Stellenbosch,,,UPCOMING,2026-11-04,21920019,Matchday 10,2026-2027,21920019,,0.0,1.0,3.0,6.0,-1.0,0.0,1377.396602947712,6880000.0,6080000.0,1.131578947368421
Stellenbosch,TS Galaxy,,,UPCOMING,2026-11-27,21920030,Matchday 11,2026-2027,21920030,,,,5.0,6.0,,,1496.21522813951,6080000.0,3680000.0,1.6521739130434783
Durban City,Polokwane City,,,UPCOMING,2026-11-27,21920022,Matchday 11,2026-2027,21920022,,,,6.0,6.0,,,680.0507766550901,6830000.0,4680000.0,1.4594017094017093
AmaZulu,Milford FC,,,UPCOMING,2026-11-28,21920237,Matchday 11,2026-2027,21920237,,,1.0,10.0,8.0,,0.0,15.68272617208639,10880000.0,,
Chippa United,Kaizer Chiefs,,,UPCOMING,2026-11-28,21920083,Matchday 11,2026-2027,21920083,,,,4.0,11.0,,,753.05841286102,5180000.0,16230000.0,0.31916204559457795
Kruger United,Mamelodi Sundowns,,,UPCOMING,2026-11-28,21920053,Matchday 11,2026-2027,21920053,,,6.0,1.0,19.0,,2.0,273.38745252065416,2080000.0,40400000.0,0.05148514851485148
Orlando Pirates,Golden Arrows,,,UPCOMING,2026-11-28,21920110,Matchday 11,2026-2027,21920110,,,,13.0,6.0,,,507.8973058318857,22330000.0,6830000.0,3.269399707174231
Marumo Gallants,Richards Bay,,,UPCOMING,2026-11-29,21920168,Matchday 11,2026-2027,21920168,,,,2.0,3.0,,,568.4884950647302,2930000.0,6880000.0,0.4258720930232558
Sekhukhune United,Siwelele,,,UPCOMING,2026-11-29,21920010,Matchday 11,2026-2027,21920010,,,0.0,7.0,2.0,,-3.0,666.410273920029,9700000.0,5250000.0,1.8476190476190477
Marumo Gallants,Chippa United,,,UPCOMING,2026-12-04,21920194,Matchday 12,2026-2027,21920194,,,,1.0,3.0,,,454.90581570858905,2930000.0,5180000.0,0.5656370656370656
Orlando Pirates,Stellenbosch,,,UPCOMING,2026-12-05,21920127,Matchday 12,2026-2027,21920127,,,,10.0,5.0,,,1220.6858842275062,22330000.0,6080000.0,3.6726973684210527
Mamelodi Sundowns,Polokwane City,,,UPCOMING,2026-12-05,21920032,Matchday 12,2026-2027,21920032,,3.0,,16.0,3.0,3.0,,239.07194874410342,40400000.0,4680000.0,8.632478632478632
Milford FC,Kaizer Chiefs,,,UPCOMING,2026-12-05,21920129,Matchday 12,2026-2027,21920129,,,,8.0,8.0,,,485.29540005333604,,16230000.0,
Sekhukhune United,AmaZulu,,,UPCOMING,2026-12-05,21920139,Matchday 12,2026-2027,21920139,,,,4.0,7.0,,,674.5546298160202,9700000.0,10880000.0,0.8915441176470589
Golden Arrows,Kruger United,,,UPCOMING,2026-12-05,21920040,Matchday 12,2026-2027,21920040,,,,5.0,1.0,,,501.2492909934793,6830000.0,2080000.0,3.2836538461538463
Siwelele,Durban City,,,UPCOMING,2026-12-06,21920229,Matchday 12,2026-2027,21920229,,,,1.0,6.0,,,456.58950795785546,5250000.0,6830000.0,0.7686676427525623
TS Galaxy,Richards Bay,,,UPCOMING,2026-12-06,21920073,Matchday 12,2026-2027,21920073,,,,5.0,3.0,,,381.57695986500306,3680000.0,6880000.0,0.5348837209302325
Stellenbosch,Milford FC,,,UPCOMING,2026-12-15,21920060,Matchday 13,2026-2027,21920060,,,,4.0,5.0,,,1224.5806099226177,6080000.0,,
Mamelodi Sundowns,Sekhukhune United,,,UPCOMING,2026-12-15,21920014,Matchday 13,2026-2027,21920014,,,,15.0,4.0,,,239.01816026096265,40400000.0,9700000.0,4.164948453608248
Chippa United,AmaZulu,,,UPCOMING,2026-12-15,21920169,Matchday 13,2026-2027,21920169,,,,2.0,6.0,,,461.27259629164047,5180000.0,10880000.0,0.47610294117647056
Kaizer Chiefs,TS Galaxy,,,UPCOMING,2026-12-15,21920119,Matchday 13,2026-2027,21920119,,,,5.0,5.0,,,307.1715110310044,16230000.0,3680000.0,4.4103260869565215
Kruger United,Siwelele,,,UPCOMING,2026-12-15,21920008,Matchday 13,2026-2027,21920008,,,,0.0,1.0,,,620.8932044419288,2080000.0,5250000.0,0.3961904761904762
Durban City,Marumo Gallants,,,UPCOMING,2026-12-15,21920049,Matchday 13,2026-2027,21920049,,,,5.0,1.0,,,456.58950795785546,6830000.0,2930000.0,2.3310580204778155
Richards Bay,Orlando Pirates,,,UPCOMING,2026-12-16,21920069,Matchday 13,2026-2027,21920069,,,,2.0,9.0,,,494.1785726193095,6880000.0,22330000.0,0.3081056874160322
Polokwane City,Golden Arrows,,,UPCOMING,2026-12-16,21920204,Matchday 13,2026-2027,21920204,,,,2.0,4.0,,,686.9358434887893,4680000.0,6830000.0,0.6852122986822841
Stellenbosch,Mamelodi Sundowns,,,UPCOMING,2026-12-18,21920189,Matchday 14,2026-2027,21920189,,,,1.0,12.0,,,1280.0575148753778,6080000.0,40400000.0,0.1504950495049505
Orlando Pirates,Polokwane City,,,UPCOMING,2026-12-19,21920157,Matchday 14,2026-2027,21920157,,,,6.0,2.0,,,300.07367905105605,22330000.0,4680000.0,4.771367521367521
AmaZulu,Kruger United,,,UPCOMING,2026-12-19,21920011,Matchday 14,2026-2027,21920011,,,,3.0,0.0,,,485.7237565219576,10880000.0,2080000.0,5.230769230769231
Marumo Gallants,Kaizer Chiefs,,,UPCOMING,2026-12-19,21920070,Matchday 14,2026-2027,21920070,,,,1.0,4.0,,,369.4351841819827,2930000.0,16230000.0,0.18052988293284042
Sekhukhune United,Golden Arrows,,,UPCOMING,2026-12-19,21920207,Matchday 14,2026-2027,21920207,,,,1.0,3.0,,,686.9395752773827,9700000.0,6830000.0,1.4202049780380674
TS Galaxy,Milford FC,,,UPCOMING,2026-12-20,21920150,Matchday 14,2026-2027,21920150,,,,4.0,2.0,,,478.89266976481616,3680000.0,,
Richards Bay,Siwelele,,,UPCOMING,2026-12-20,21920243,Matchday 14,2026-2027,21920243,,,,1.0,1.0,,,568.4884950647302,6880000.0,5250000.0,1.3104761904761906
Durban City,Chippa United,,,UPCOMING,2026-12-20,21920137,Matchday 14,2026-2027,21920137,,,,4.0,2.0,,,444.9043999405845,6830000.0,5180000.0,1.3185328185328185
Siwelele,Stellenbosch,,,UPCOMING,2027-01-08,21920057,Matchday 15,2026-2027,21920057,,,,0.0,1.0,,,875.4385978904638,5250000.0,6080000.0,0.8634868421052632
Polokwane City,Chippa United,,,UPCOMING,2027-01-09,21920038,Matchday 15,2026-2027,21920038,,,,1.0,1.0,,,1021.3306183362473,4680000.0,5180000.0,0.9034749034749034
AmaZulu,TS Galaxy,,,UPCOMING,2027-01-09,21920108,Matchday 15,2026-2027,21920108,,,,3.0,1.0,,,485.7237565219576,10880000.0,3680000.0,2.9565217391304346
Golden Arrows,Richards Bay,,,UPCOMING,2027-01-09,21920134,Matchday 15,2026-2027,21920134,,,,0.0,0.0,,,176.48139239943563,6830000.0,6880000.0,0.9927325581395349
Mamelodi Sundowns,Orlando Pirates,,,UPCOMING,2027-01-09,21920062,Matchday 15,2026-2027,21920062,,,,9.0,3.0,,,61.05551098911179,40400000.0,22330000.0,1.8092252575011196
Kruger United,Sekhukhune United,,,UPCOMING,2027-01-10,21920042,Matchday 15,2026-2027,21920042,,,,0.0,1.0,,,225.8571765261528,2080000.0,9700000.0,0.21443298969072164
Milford FC,Marumo Gallants,,,UPCOMING,2027-01-10,21920091,Matchday 15,2026-2027,21920091,,,,1.0,1.0,,,455.0419854260548,,2930000.0,
Kaizer Chiefs,Durban City,,,UPCOMING,2027-01-10,21920041,Matchday 15,2026-2027,21920041,,,,3.0,1.0,,,497.6487365037908,16230000.0,6830000.0,2.376281112737921
Richards Bay,Durban City,,,UPCOMING,2027-01-15,21920020,Matchday 16,2026-2027,21920020,,,,,,,,172.9234678429387,6880000.0,6830000.0,1.007320644216691
Milford FC,Mamelodi Sundowns,,,UPCOMING,2027-01-16,21920218,Matchday 16,2026-2027,21920218,,,,1.0,6.0,,,517.5819798652949,,40400000.0,
Orlando Pirates,AmaZulu,,,UPCOMING,2027-01-16,21920103,Matchday 16,2026-2027,21920103,,,,,,,,503.02317226140366,22330000.0,10880000.0,2.052389705882353
Sekhukhune United,Kaizer Chiefs,,,UPCOMING,2027-01-16,21920210,Matchday 16,2026-2027,21920210,,,,,,,,297.22531271282986,9700000.0,16230000.0,0.5976586568083796
Kruger United,Marumo Gallants,,,UPCOMING,2027-01-16,21920033,Matchday 16,2026-2027,21920033,,,,,,,,620.8932044419288,2080000.0,2930000.0,0.7098976109215017
Stellenbosch,Polokwane City,,,UPCOMING,2027-01-16,21920056,Matchday 16,2026-2027,21920056,,,,,,,,1515.760156328165,6080000.0,4680000.0,1.2991452991452992
TS Galaxy,Siwelele,,,UPCOMING,2027-01-17,21920078,Matchday 16,2026-2027,21920078,,,,,0.0,,,620.8932044419288,3680000.0,5250000.0,0.700952380952381
Chippa United,Golden Arrows,,,UPCOMING,2027-01-17,21920240,Matchday 16,2026-2027,21920240,,,,,,,,441.1636950664042,5180000.0,6830000.0,0.7584187408491947
AmaZulu,Stellenbosch,,,UPCOMING,2027-01-22,21920003,Matchday 17,2026-2027,21920003,,,,,,,,1234.5377123884953,10880000.0,6080000.0,1.7894736842105263
Orlando Pirates,Kruger United,,,UPCOMING,2027-01-22,21920152,Matchday 17,2026-2027,21920152,,,,,,,,312.8377902530316,22330000.0,2080000.0,10.735576923076923
Golden Arrows,Siwelele,,,UPCOMING,2027-01-23,21920075,Matchday 17,2026-2027,21920075,,,,,,,,459.8354704753759,6830000.0,5250000.0,1.3009523809523809
Mamelodi Sundowns,Richards Bay,,,UPCOMING,2027-01-23,21920068,Matchday 17,2026-2027,21920068,,,,3.0,,,,504.13032975002403,40400000.0,6880000.0,5.872093023255814
Kaizer Chiefs,Chippa United,,,UPCOMING,2027-01-23,21920016,Matchday 17,2026-2027,21920016,,,,,,,,753.05841286102,16230000.0,5180000.0,3.1332046332046333
TS Galaxy,Polokwane City,,,UPCOMING,2027-01-23,21920136,Matchday 17,2026-2027,21920136,,,,,,,,225.81389740526924,3680000.0,4680000.0,0.7863247863247863
Durban City,Milford FC,,,UPCOMING,2027-01-23,21920037,Matchday 17,2026-2027,21920037,,,,,,,,15.813148756079126,6830000.0,,
Marumo Gallants,Sekhukhune United,,,UPCOMING,2027-01-24,21920015,Matchday 17,2026-2027,21920015,,,,,,,,666.410273920029,2930000.0,9700000.0,0.3020618556701031
Milford FC,AmaZulu,,,UPCOMING,2027-02-05,21920198,Matchday 18,2026-2027,21920198,,,,,,,,15.68272617208639,,10880000.0,
Golden Arrows,Orlando Pirates,,,UPCOMING,2027-02-06,21920155,Matchday 18,2026-2027,21920155,,,,,,,,507.8973058318857,6830000.0,22330000.0,0.3058665472458576
Polokwane City,Marumo Gallants,,,UPCOMING,2027-02-06,21920104,Matchday 18,2026-2027,21920104,,,,,,,,666.4603285034987,4680000.0,2930000.0,1.5972696245733788
Siwelele,Sekhukhune United,,,UPCOMING,2027-02-06,21920018,Matchday 18,2026-2027,21920018,,,,,,,,666.410273920029,5250000.0,9700000.0,0.5412371134020618
Stellenbosch,Kruger United,,,UPCOMING,2027-02-06,21920035,Matchday 18,2026-2027,21920035,,,,,,,,1496.21522813951,6080000.0,2080000.0,2.923076923076923
Richards Bay,Chippa United,,,UPCOMING,2027-02-07,21920004,Matchday 18,2026-2027,21920004,,,,,,,,617.6414829288439,6880000.0,5180000.0,1.3281853281853282
Mamelodi Sundowns,Kaizer Chiefs,,,UPCOMING,2027-02-07,21920090,Matchday 18,2026-2027,21920090,,,,,,,,58.65727490670219,40400000.0,16230000.0,2.4892174984596425
Durban City,TS Galaxy,,,UPCOMING,2027-02-07,21920017,Matchday 18,2026-2027,21920017,,,,,,,,494.69623894305175,6830000.0,3680000.0,1.8559782608695652
Chippa United,TS Galaxy,,,UPCOMING,2027-02-12,21920239,Matchday 19,2026-2027,21920239,,,,,,,,888.662992481296,5180000.0,3680000.0,1.4076086956521738
Milford FC,Golden Arrows,,,UPCOMING,2027-02-13,21920055,Matchday 19,2026-2027,21920055,,,,,,,,22.41744602797916,,6830000.0,
Marumo Gallants,Durban City,,,UPCOMING,2027-02-13,21920005,Matchday 19,2026-2027,21920005,,,,,,,,456.58950795785546,2930000.0,6830000.0,0.4289897510980966
AmaZulu,Kaizer Chiefs,,,UPCOMING,2027-02-13,21920064,Matchday 19,2026-2027,21920064,,,,,,,,499.21680619064676,10880000.0,16230000.0,0.6703635243376463
Orlando Pirates,Siwelele,,,UPCOMING,2027-02-13,21920092,Matchday 19,2026-2027,21920092,,,,,,,,367.02395017310073,22330000.0,5250000.0,4.253333333333333
Stellenbosch,Richards Bay,,,UPCOMING,2027-02-13,21920162,Matchday 19,2026-2027,21920162,,,,,,,,1377.396602947712,6080000.0,6880000.0,0.8837209302325582
Kruger United,Polokwane City,,,UPCOMING,2027-02-14,21920144,Matchday 19,2026-2027,21920144,,,,,,,,225.81389740526924,2080000.0,4680000.0,0.4444444444444444
Sekhukhune United,Mamelodi Sundowns,,,UPCOMING,2027-02-14,21920226,Matchday 19,2026-2027,21920226,,,,,,,,239.01816026096265,9700000.0,40400000.0,0.2400990099009901
Mamelodi Sundowns,Stellenbosch,,,UPCOMING,2027-02-26,21920072,Matchday 20,2026-2027,21920072,,,,,,,,1280.0575148753778,40400000.0,6080000.0,6.644736842105263
Durban City,Orlando Pirates,,,UPCOMING,2027-02-26,21920058,Matchday 20,2026-2027,21920058,,,,,,,,501.29312065190766,6830000.0,22330000.0,0.3058665472458576
TS Galaxy,Marumo Gallants,,,UPCOMING,2027-02-27,21920013,Matchday 20,2026-2027,21920013,,,,,,,,620.8932044419288,3680000.0,2930000.0,1.2559726962457338
Kaizer Chiefs,Polokwane City,,,UPCOMING,2027-02-27,21920093,Matchday 20,2026-2027,21920093,,,,,,,,297.2773652263127,16230000.0,4680000.0,3.467948717948718
Siwelele,Milford FC,,,UPCOMING,2027-02-27,21920023,Matchday 20,2026-2027,21920023,,,,,,,,455.0419854260548,5250000.0,,
Sekhukhune United,Chippa United,,,UPCOMING,2027-02-27,21920059,Matchday 20,2026-2027,21920059,,,,,,,,1021.3060443774077,9700000.0,5180000.0,1.8725868725868726
Golden Arrows,AmaZulu,,,UPCOMING,2027-02-28,21920085,Matchday 20,2026-2027,21920085,,,,,,,,20.109034086532077,6830000.0,10880000.0,0.6277573529411765
Richards Bay,Kruger United,,,UPCOMING,2027-02-28,21920044,Matchday 20,2026-2027,21920044,,,,,,,,381.57695986500306,6880000.0,2080000.0,3.3076923076923075
Mamelodi Sundowns,Golden Arrows,,,UPCOMING,2027-03-05,21920026,Matchday 21,2026-2027,21920026,,,,,,,,537.6085491295763,40400000.0,6830000.0,5.915080527086384
Stellenbosch,Siwelele,,,UPCOMING,2027-03-06,21920107,Matchday 21,2026-2027,21920107,,,,,,,,875.4385978904638,6080000.0,5250000.0,1.158095238095238
Richards Bay,Marumo Gallants,,,UPCOMING,2027-03-06,21920082,Matchday 21,2026-2027,21920082,,,,,,,,568.4884950647302,6880000.0,2930000.0,2.348122866894198
Kruger United,Milford FC,,,UPCOMING,2027-03-06,21920096,Matchday 21,2026-2027,21920096,,,,,,,,478.89266976481616,2080000.0,,
AmaZulu,Durban City,,,UPCOMING,2027-03-06,21920048,Matchday 21,2026-2027,21920048,,,,,,,,17.3943183164239,10880000.0,6830000.0,1.5929721815519766
Orlando Pirates,Chippa United,,,UPCOMING,2027-03-06,21920160,Matchday 21,2026-2027,21920160,,,,,,,,753.3552243406666,22330000.0,5180000.0,4.3108108108108105
TS Galaxy,Kaizer Chiefs,,,UPCOMING,2027-03-07,21920028,Matchday 21,2026-2027,21920028,,,,,,,,307.1715110310044,3680000.0,16230000.0,0.22674060382008626
Polokwane City,Sekhukhune United,,,UPCOMING,2027-03-07,21920029,Matchday 21,2026-2027,21920029,,,,,,,,0.08283526967326009,4680000.0,9700000.0,0.4824742268041237
AmaZulu,Polokwane City,,,UPCOMING,2027-03-12,21920009,Matchday 22,2026-2027,21920009,,,,,,,,674.548969699843,10880000.0,4680000.0,2.324786324786325
Siwelele,Richards Bay,,,UPCOMING,2027-03-13,21920021,Matchday 22,2026-2027,21920021,,,,,,,,568.4884950647302,5250000.0,6880000.0,0.7630813953488372
Milford FC,TS Galaxy,,,UPCOMING,2027-03-13,21920111,Matchday 22,2026-2027,21920111,,,,,,,,478.89266976481616,,3680000.0,
Kruger United,Golden Arrows,,,UPCOMING,2027-03-13,21920094,Matchday 22,2026-2027,21920094,,,,,,,,501.2492909934793,2080000.0,6830000.0,0.30453879941434847
Sekhukhune United,Stellenbosch,,,UPCOMING,2027-03-13,21920089,Matchday 22,2026-2027,21920089,,,,,,,,1515.6973046794312,9700000.0,6080000.0,1.5953947368421053
Chippa United,Durban City,,,UPCOMING,2027-03-13,21920039,Matchday 22,2026-2027,21920039,,,,,,,,444.9043999405845,5180000.0,6830000.0,0.7584187408491947
Marumo Gallants,Mamelodi Sundowns,,,UPCOMING,2027-03-14,21920031,Matchday 22,2026-2027,21920031,,,,,,,,428.0130608722853,2930000.0,40400000.0,0.07252475247524752
Kaizer Chiefs,Orlando Pirates,,,UPCOMING,2027-03-14,21920027,Matchday 22,2026-2027,21920027,,,,,,,,5.978268699146683,16230000.0,22330000.0,0.7268248992386923
Chippa United,Marumo Gallants,,,UPCOMING,2027-03-16,21920077,Matchday 23,2026-2027,21920077,,,,,,,,454.90581570858905,5180000.0,2930000.0,1.7679180887372015
Durban City,Mamelodi Sundowns,,,UPCOMING,2027-03-16,21920087,Matchday 23,2026-2027,21920087,,,,,,,,530.8250357544052,6830000.0,40400000.0,0.16905940594059407
Golden Arrows,TS Galaxy,,,UPCOMING,2027-03-16,21920142,Matchday 23,2026-2027,21920142,,,,,,,,501.2492909934793,6830000.0,3680000.0,1.8559782608695652
Siwelele,AmaZulu,,,UPCOMING,2027-03-17,21920154,Matchday 23,2026-2027,21920154,,,,,,,,469.9550370235814,5250000.0,10880000.0,0.48253676470588236
Stellenbosch,Kaizer Chiefs,,,UPCOMING,2027-03-17,21920025,Matchday 23,2026-2027,21920025,,,,,,,,1224.541902196886,6080000.0,16230000.0,0.37461491065927294
Orlando Pirates,Richards Bay,,,UPCOMING,2027-03-17,21920232,Matchday 23,2026-2027,21920232,,,,,,,,494.1785726193095,22330000.0,6880000.0,3.245639534883721
Milford FC,Polokwane City,,,UPCOMING,2027-03-17,21920149,Matchday 23,2026-2027,21920149,,,,,,,,664.7706830398749,,4680000.0,
Sekhukhune United,Kruger United,,,UPCOMING,2027-03-17,21920006,Matchday 23,2026-2027,21920006,,,,,,,,225.8571765261528,9700000.0,2080000.0,4.663461538461538
Polokwane City,Siwelele,,,UPCOMING,2027-04-09,21920175,Matchday 24,2026-2027,21920175,,,,,,,,666.4603285034987,4680000.0,5250000.0,0.8914285714285715
Kaizer Chiefs,Milford FC,,,UPCOMING,2027-04-10,21920106,Matchday 24,2026-2027,21920106,,,,,,,,485.29540005333604,16230000.0,,
Marumo Gallants,Stellenbosch,,,UPCOMING,2027-04-10,21920179,Matchday 24,2026-2027,21920179,,,,,,,,875.4385978904638,2930000.0,6080000.0,0.4819078947368421
Durban City,Sekhukhune United,,,UPCOMING,2027-04-10,21920133,Matchday 24,2026-2027,21920133,,,,,,,,680.0544179606063,6830000.0,9700000.0,0.7041237113402062
Mamelodi Sundowns,Kruger United,,,UPCOMING,2027-04-10,21920209,Matchday 24,2026-2027,21920209,,,,,,,,273.38745252065416,40400000.0,2080000.0,19.423076923076923
AmaZulu,Chippa United,,,UPCOMING,2027-04-10,21920143,Matchday 24,2026-2027,21920143,,,,,,,,461.27259629164047,10880000.0,5180000.0,2.1003861003861
TS Galaxy,Orlando Pirates,,,UPCOMING,2027-04-11,21920242,Matchday 24,2026-2027,21920242,,,,,,,,312.8377902530316,3680000.0,22330000.0,0.16480071652485445
Richards Bay,Golden Arrows,,,UPCOMING,2027-04-11,21920066,Matchday 24,2026-2027,21920066,,,,,,,,176.48139239943563,6880000.0,6830000.0,1.007320644216691
Polokwane City,Durban City,,,UPCOMING,2027-04-16,21920131,Matchday 25,2026-2027,21920131,,,,,,,,680.0507766550901,4680000.0,6830000.0,0.6852122986822841
Sekhukhune United,Orlando Pirates,,,UPCOMING,2027-04-17,21920220,Matchday 25,2026-2027,21920220,,,,,,,,300.02049415232636,9700000.0,22330000.0,0.4343931930138827
Milford FC,Chippa United,,,UPCOMING,2027-04-17,21920132,Matchday 25,2026-2027,21920132,,,,,,,,457.7970507657679,,5180000.0,
Kaizer Chiefs,Marumo Gallants,,,UPCOMING,2027-04-17,21920206,Matchday 25,2026-2027,21920206,,,,,,,,369.4351841819827,16230000.0,2930000.0,5.539249146757679
Stellenbosch,Golden Arrows,,,UPCOMING,2027-04-17,21920221,Matchday 25,2026-2027,21920221,,,,,,,,1216.5174700019006,6080000.0,6830000.0,0.890190336749634
Siwelele,Mamelodi Sundowns,,,UPCOMING,2027-04-17,21920081,Matchday 25,2026-2027,21920081,,,,,,,,428.0130608722853,5250000.0,40400000.0,0.12995049504950495
Kruger United,TS Galaxy,,,UPCOMING,2027-04-18,21920184,Matchday 25,2026-2027,21920184,,,,,,,,0.0,2080000.0,3680000.0,0.5652173913043478
AmaZulu,Richards Bay,,,UPCOMING,2027-04-18,21920183,Matchday 25,2026-2027,21920183,,,,,,,,156.37380129368893,10880000.0,6880000.0,1.5813953488372092
Orlando Pirates,Mamelodi Sundowns,,,UPCOMING,2027-04-23,21920128,Matchday 26,2026-2027,21920128,,,,,,,,61.05551098911179,22330000.0,40400000.0,0.5527227722772278
Marumo Gallants,AmaZulu,,,UPCOMING,2027-04-24,21920147,Matchday 26,2026-2027,21920147,,,,,,,,469.9550370235814,2930000.0,10880000.0,0.2693014705882353
Siwelele,Kruger United,,,UPCOMING,2027-04-24,21920216,Matchday 26,2026-2027,21920216,,,,,,,,620.8932044419288,5250000.0,2080000.0,2.5240384615384617
Richards Bay,Milford FC,,,UPCOMING,2027-04-24,21920161,Matchday 26,2026-2027,21920161,,,,,,,,160.96094363985532,6880000.0,,
Chippa United,Polokwane City,,,UPCOMING,2027-04-24,21920045,Matchday 26,2026-2027,21920045,,,,,,,,1021.3306183362473,5180000.0,4680000.0,1.106837606837607
TS Galaxy,Stellenbosch,,,UPCOMING,2027-04-24,21920234,Matchday 26,2026-2027,21920234,,,,,,,,1496.21522813951,3680000.0,6080000.0,0.6052631578947368
Golden Arrows,Sekhukhune United,,,UPCOMING,2027-04-24,21920235,Matchday 26,2026-2027,21920235,,,,,,,,686.9395752773827,6830000.0,9700000.0,0.7041237113402062
Durban City,Kaizer Chiefs,,,UPCOMING,2027-04-25,21920140,Matchday 26,2026-2027,21920140,,,,,,,,497.6487365037908,6830000.0,16230000.0,0.4208256315465188
Kaizer Chiefs,Golden Arrows,,,UPCOMING,2027-04-27,21920197,Matchday 27,2026-2027,21920197,,,,,,,,504.272327791487,16230000.0,6830000.0,2.376281112737921
Stellenbosch,Orlando Pirates,,,UPCOMING,2027-04-27,21920233,Matchday 27,2026-2027,21920233,,,,,,,,1220.6858842275062,6080000.0,22330000.0,0.2722794446932378
Marumo Gallants,Milford FC,,,UPCOMING,2027-04-27,21920125,Matchday 27,2026-2027,21920125,,,,,,,,455.0419854260548,2930000.0,,
AmaZulu,Sekhukhune United,,,UPCOMING,2027-04-28,21920076,Matchday 27,2026-2027,21920076,,,,,,,,674.5546298160202,10880000.0,9700000.0,1.1216494845360825
Kruger United,Chippa United,,,UPCOMING,2027-04-28,21920211,Matchday 27,2026-2027,21920211,,,,,,,,888.662992481296,2080000.0,5180000.0,0.4015444015444015
Durban City,Siwelele,,,UPCOMING,2027-04-28,21920182,Matchday 27,2026-2027,21920182,,,,,,,,456.58950795785546,6830000.0,5250000.0,1.3009523809523809
Mamelodi Sundowns,TS Galaxy,,,UPCOMING,2027-04-28,21920236,Matchday 27,2026-2027,21920236,,,,,,,,273.38745252065416,40400000.0,3680000.0,10.978260869565217
Polokwane City,Richards Bay,,,UPCOMING,2027-04-28,21920051,Matchday 27,2026-2027,21920051,,,,,,,,594.599100630916,4680000.0,6880000.0,0.6802325581395349
Sekhukhune United,Richards Bay,,,UPCOMING,2027-05-08,21920205,Matchday 28,2026-2027,21920205,,,,,,,,594.6220991882807,9700000.0,6880000.0,1.4098837209302326
Milford FC,Orlando Pirates,,,UPCOMING,2027-05-08,21920227,Matchday 28,2026-2027,21920227,,,,,,,,489.0345394467553,,22330000.0,
Polokwane City,Mamelodi Sundowns,,,UPCOMING,2027-05-08,21920167,Matchday 28,2026-2027,21920167,,,,,,,,239.07194874410342,4680000.0,40400000.0,0.11584158415841585
Chippa United,Stellenbosch,,,UPCOMING,2027-05-08,21920158,Matchday 28,2026-2027,21920158,,,,,,,,843.8903781142693,5180000.0,6080000.0,0.8519736842105263
Kaizer Chiefs,Kruger United,,,UPCOMING,2027-05-08,21920124,Matchday 28,2026-2027,21920124,,,,,,,,307.1715110310044,16230000.0,2080000.0,7.802884615384615
TS Galaxy,AmaZulu,,,UPCOMING,2027-05-09,21920208,Matchday 28,2026-2027,21920208,,,,,,,,485.7237565219576,3680000.0,10880000.0,0.3382352941176471
Golden Arrows,Durban City,,,UPCOMING,2027-05-09,21920130,Matchday 28,2026-2027,21920130,,,,,,,,6.925397570849175,6830000.0,6830000.0,1.0
Siwelele,Marumo Gallants,,,UPCOMING,2027-05-09,21920181,Matchday 28,2026-2027,21920181,,,,,,,,0.0,5250000.0,2930000.0,1.7918088737201365
Sekhukhune United,Milford FC,,,UPCOMING,2027-05-15,21920213,Matchday 29,2026-2027,21920213,,,,,,,,664.7748264029013,9700000.0,,
Orlando Pirates,Marumo Gallants,,,UPCOMING,2027-05-15,21920121,Matchday 29,2026-2027,21920121,,,,,,,,367.02395017310073,22330000.0,2930000.0,7.621160409556314
Stellenbosch,Durban City,,,UPCOMING,2027-05-15,21920241,Matchday 29,2026-2027,21920241,,,,,,,,1217.2577336136833,6080000.0,6830000.0,0.890190336749634
Richards Bay,TS Galaxy,,,UPCOMING,2027-05-15,21920163,Matchday 29,2026-2027,21920163,,,,,,,,381.57695986500306,6880000.0,3680000.0,1.8695652173913044
Siwelele,Kaizer Chiefs,,,UPCOMING,2027-05-15,21920166,Matchday 29,2026-2027,21920166,,,,,,,,369.4351841819827,5250000.0,16230000.0,0.3234750462107209
Kruger United,AmaZulu,,,UPCOMING,2027-05-15,21920074,Matchday 29,2026-2027,21920074,,,,,,,,485.7237565219576,2080000.0,10880000.0,0.19117647058823528
Mamelodi Sundowns,Chippa United,,,UPCOMING,2027-05-15,21920172,Matchday 29,2026-2027,21920172,,,,,,,,807.1414964025447,40400000.0,5180000.0,7.7992277992278
Golden Arrows,Polokwane City,,,UPCOMING,2027-05-15,21920222,Matchday 29,2026-2027,21920222,,,,,,,,686.9358434887893,6830000.0,4680000.0,1.4594017094017093
Chippa United,Siwelele,,,UPCOMING,2027-05-22,21920231,Matchday 30,2026-2027,21920231,,,,,,,,454.90581570858905,5180000.0,5250000.0,0.9866666666666667
Kaizer Chiefs,Richards Bay,,,UPCOMING,2027-05-22,21920177,Matchday 30,2026-2027,21920177,,,,,,,,489.1277826434645,16230000.0,6880000.0,2.359011627906977
Marumo Gallants,Golden Arrows,,,UPCOMING,2027-05-22,21920238,Matchday 30,2026-2027,21920238,,,,,,,,459.8354704753759,2930000.0,6830000.0,0.4289897510980966
Durban City,Kruger United,,,UPCOMING,2027-05-22,21920105,Matchday 30,2026-2027,21920105,,,,,,,,494.69623894305175,6830000.0,2080000.0,3.2836538461538463
AmaZulu,Mamelodi Sundowns,,,UPCOMING,2027-05-22,21920187,Matchday 30,2026-2027,21920187,,,,,,,,530.738182466435,10880000.0,40400000.0,0.2693069306930693
TS Galaxy,Sekhukhune United,,,UPCOMING,2027-05-22,21920102,Matchday 30,2026-2027,21920102,,,,,,,,225.8571765261528,3680000.0,9700000.0,0.37938144329896906
Polokwane City,Orlando Pirates,,,UPCOMING,2027-05-22,21920219,Matchday 30,2026-2027,21920219,,,,,,,,300.07367905105605,4680000.0,22330000.0,0.2095835199283475
Milford FC,Stellenbosch,,,UPCOMING,2027-05-22,21920190,Matchday 30,2026-2027,21920190,,,,,,,,1224.5806099226177,,6080000.0,
