home_team,away_team,home_score,away_score,status,date,netsport_id,matchday,season
Golden Arrows,Chippa United FC,0,0,FINISHED,01/08/2026,21920138,Matchday 1,2026-2027
Stellenbosch,AmaZulu FC,0,1,FINISHED,01/08/2026,21920135,Matchday 1,2026-2027
Orlando Pirates,Milford FC,2,0,FINISHED,01/08/2026,21920061,Matchday 1,2026-2027
Sekhukhune United,Durban City FC,1,0,FINISHED,01/08/2026,21920101,Matchday 1,2026-2027
Kruger United,Kaizer Chiefs,1,3,FINISHED,01/08/2026,21920046,Matchday 1,2026-2027
Richards Bay,Polokwane City,1,2,FINISHED,02/08/2026,21920230,Matchday 1,2026-2027
Siwelele FC,TS Galaxy,2,2,FINISHED,02/08/2026,21920097,Matchday 1,2026-2027
Mamelodi Sundowns,Marumo Gallants,2,0,FINISHED,19/08/2026,21920171,Matchday 1,2026-2027
TS Galaxy,Mamelodi Sundowns,2,3,FINISHED,11/08/2026,21920224,Matchday 2,2026-2027
Polokwane City,Stellenbosch,3,3,FINISHED,11/08/2026,21920174,Matchday 2,2026-2027
Marumo Gallants,Kruger United,0,0,FINISHED,11/08/2026,21920141,Matchday 2,2026-2027
Chippa United FC,Richards Bay,1,1,FINISHED,11/08/2026,21920100,Matchday 2,2026-2027
Milford FC,Siwelele FC,1,0,FINISHED,12/08/2026,21920225,Matchday 2,2026-2027
Kaizer Chiefs,Sekhukhune United,2,0,FINISHED,12/08/2026,21920052,Matchday 2,2026-2027
AmaZulu FC,Orlando Pirates,1,1,FINISHED,12/08/2026,21920117,Matchday 2,2026-2027
Durban City FC,Golden Arrows,0,0,FINISHED,12/08/2026,21920080,Matchday 2,2026-2027
Stellenbosch,Marumo Gallants,3,1,FINISHED,14/08/2026,21920036,Matchday 3,2026-2027
Kaizer Chiefs,Mamelodi Sundowns,1,1,FINISHED,15/08/2026,21920192,Matchday 3,2026-2027
AmaZulu FC,Siwelele FC,2,0,FINISHED,15/08/2026,21920126,Matchday 3,2026-2027
Sekhukhune United,Polokwane City,2,0,FINISHED,15/08/2026,21920153,Matchday 3,2026-2027
Durban City FC,Richards Bay,1,1,FINISHED,15/08/2026,21920034,Matchday 3,2026-2027
Milford FC,Kruger United,2,1,FINISHED,15/08/2026,21920115,Matchday 3,2026-2027
Chippa United FC,Orlando Pirates,0,3,FINISHED,16/08/2026,21920109,Matchday 3,2026-2027
TS Galaxy,Golden Arrows,0,0,FINISHED,16/08/2026,21920201,Matchday 3,2026-2027
Siwelele FC,Chippa United FC,1,1,FINISHED,25/08/2026,21920151,Matchday 4,2026-2027
Kruger United,Durban City FC,0,2,FINISHED,25/08/2026,21920047,Matchday 4,2026-2027
Marumo Gallants,TS Galaxy,2,3,FINISHED,25/08/2026,21920067,Matchday 4,2026-2027
Orlando Pirates,Sekhukhune United,2,0,FINISHED,25/08/2026,21920203,Matchday 4,2026-2027
Polokwane City,Milford FC,0,0,FINISHED,26/08/2026,21920159,Matchday 4,2026-2027
Golden Arrows,Stellenbosch,1,0,FINISHED,26/08/2026,21920228,Matchday 4,2026-2027
Mamelodi Sundowns,AmaZulu FC,5,2,FINISHED,26/08/2026,21920122,Matchday 4,2026-2027
Richards Bay,Kaizer Chiefs,2,2,FINISHED,26/08/2026,21920164,Matchday 4,2026-2027
Durban City FC,Stellenbosch,0,0,FINISHED,01/09/2026,21920186,Matchday 5,2026-2027
Kruger United,Orlando Pirates,0,4,FINISHED,01/09/2026,21920079,Matchday 5,2026-2027
Richards Bay,AmaZulu FC,1,2,FINISHED,04/09/2026,21920148,Matchday 5,2026-2027
Marumo Gallants,Polokwane City,2,2,FINISHED,04/09/2026,21920180,Matchday 5,2026-2027
Chippa United FC,Milford FC,0,0,FINISHED,05/09/2026,21920200,Matchday 5,2026-2027
Sekhukhune United,TS Galaxy,0,0,FINISHED,05/09/2026,21920193,Matchday 5,2026-2027
Golden Arrows,Mamelodi Sundowns,1,2,FINISHED,06/09/2026,21920120,Matchday 5,2026-2027
Kaizer Chiefs,Siwelele FC,3,2,FINISHED,06/09/2026,21920202,Matchday 5,2026-2027
Stellenbosch,Sekhukhune United,1,1,FINISHED,11/09/2026,21920185,Matchday 6,2026-2027
AmaZulu FC,Marumo Gallants,1,0,FINISHED,12/09/2026,21920146,Matchday 6,2026-2027
Polokwane City,Kaizer Chiefs,1,1,FINISHED,12/09/2026,21920215,Matchday 6,2026-2027
Chippa United FC,Mamelodi Sundowns,1,1,FINISHED,12/09/2026,21920188,Matchday 6,2026-2027
Siwelele FC,Golden Arrows,1,1,FINISHED,13/09/2026,21920116,Matchday 6,2026-2027
Milford FC,Richards Bay,5,1,FINISHED,13/09/2026,21920084,Matchday 6,2026-2027
TS Galaxy,Kruger United,0,1,FINISHED,13/09/2026,21920156,Matchday 6,2026-2027
Orlando Pirates,Durban City FC,,,UPCOMING,17/09/2026,21920112,Matchday 6,2026-2027
Mamelodi Sundowns,Siwelele FC,3,0,FINISHED,09/09/2026,21920012,Matchday 7,2026-2027
Richards Bay,Sekhukhune United,,,UPCOMING,19/09/2026,21920165,Matchday 7,2026-2027
Polokwane City,AmaZulu FC,,,UPCOMING,19/09/2026,21920050,Matchday 7,2026-2027
Kruger United,Stellenbosch,,,UPCOMING,19/09/2026,21920195,Matchday 7,2026-2027
Golden Arrows,Kaizer Chiefs,,,UPCOMING,20/09/2026,21920199,Matchday 7,2026-2027
Milford FC,Durban City FC,,,UPCOMING,20/09/2026,21920145,Matchday 7,2026-2027
Marumo Gallants,Orlando Pirates,,,UPCOMING,20/09/2026,21920170,Matchday 7,2026-2027
TS Galaxy,Chippa United FC,,,UPCOMING,20/09/2026,21920088,Matchday 7,2026-2027
Durban City FC,AmaZulu FC,,,UPCOMING,13/10/2026,21920123,Matchday 8,2026-2027
Golden Arrows,Milford FC,,,UPCOMING,17/10/2026,21920024,Matchday 8,2026-2027
Chippa United FC,Kruger United,,,UPCOMING,17/10/2026,21920176,Matchday 8,2026-2027
Kaizer Chiefs,Stellenbosch,,,UPCOMING,17/10/2026,21920173,Matchday 8,2026-2027
Sekhukhune United,Marumo Gallants,,,UPCOMING,17/10/2026,21920196,Matchday 8,2026-2027
Richards Bay,Mamelodi Sundowns,,,UPCOMING,17/10/2026,21920223,Matchday 8,2026-2027
Siwelele FC,Polokwane City,,,UPCOMING,18/10/2026,21920099,Matchday 8,2026-2027
Orlando Pirates,TS Galaxy,,,UPCOMING,18/10/2026,21920191,Matchday 8,2026-2027
Marumo Gallants,Siwelele FC,,,UPCOMING,30/10/2026,21920054,Matchday 9,2026-2027
Stellenbosch,Chippa United FC,,,UPCOMING,30/10/2026,21920007,Matchday 9,2026-2027
Orlando Pirates,Kaizer Chiefs,,,UPCOMING,31/10/2026,21920178,Matchday 9,2026-2027
AmaZulu FC,Golden Arrows,,,UPCOMING,31/10/2026,21920063,Matchday 9,2026-2027
Polokwane City,TS Galaxy,,,UPCOMING,31/10/2026,21920114,Matchday 9,2026-2027
Kruger United,Richards Bay,,,UPCOMING,31/10/2026,21920071,Matchday 9,2026-2027
Mamelodi Sundowns,Durban City FC,,,UPCOMING,01/11/2026,21920118,Matchday 9,2026-2027
Milford FC,Sekhukhune United,,,UPCOMING,01/11/2026,21920217,Matchday 9,2026-2027
Mamelodi Sundowns,Milford FC,2,0,FINISHED,02/09/2026,21920095,Matchday 10,2026-2027
Siwelele FC,Orlando Pirates,,,UPCOMING,04/11/2026,21920214,Matchday 10,2026-2027
Chippa United FC,Sekhukhune United,,,UPCOMING,04/11/2026,21920043,Matchday 10,2026-2027
Polokwane City,Kruger United,,,UPCOMING,04/11/2026,21920212,Matchday 10,2026-2027
Golden Arrows,Marumo Gallants,,,UPCOMING,04/11/2026,21920098,Matchday 10,2026-2027
Kaizer Chiefs,AmaZulu FC,,,UPCOMING,04/11/2026,21920086,Matchday 10,2026-2027
TS Galaxy,Durban City FC,,,UPCOMING,04/11/2026,21920065,Matchday 10,2026-2027
Richards Bay,Stellenbosch,,,UPCOMING,04/11/2026,21920019,Matchday 10,2026-2027
Stellenbosch,TS Galaxy,,,UPCOMING,27/11/2026,21920030,Matchday 11,2026-2027
Durban City FC,Polokwane City,,,UPCOMING,27/11/2026,21920022,Matchday 11,2026-2027
Chippa United FC,Kaizer Chiefs,,,UPCOMING,28/11/2026,21920083,Matchday 11,2026-2027
AmaZulu FC,Milford FC,,,UPCOMING,28/11/2026,21920237,Matchday 11,2026-2027
Orlando Pirates,Golden Arrows,,,UPCOMING,28/11/2026,21920110,Matchday 11,2026-2027
Kruger United,Mamelodi Sundowns,,,UPCOMING,28/11/2026,21920053,Matchday 11,2026-2027
Marumo Gallants,Richards Bay,,,UPCOMING,29/11/2026,21920168,Matchday 11,2026-2027
Sekhukhune United,Siwelele FC,,,UPCOMING,29/11/2026,21920010,Matchday 11,2026-2027
Marumo Gallants,Chippa United FC,,,UPCOMING,04/12/2026,21920194,Matchday 12,2026-2027
Golden Arrows,Kruger United,,,UPCOMING,05/12/2026,21920040,Matchday 12,2026-2027
Orlando Pirates,Stellenbosch,,,UPCOMING,05/12/2026,21920127,Matchday 12,2026-2027
Mamelodi Sundowns,Polokwane City,,,UPCOMING,05/12/2026,21920032,Matchday 12,2026-2027
Sekhukhune United,AmaZulu FC,,,UPCOMING,05/12/2026,21920139,Matchday 12,2026-2027
Milford FC,Kaizer Chiefs,,,UPCOMING,05/12/2026,21920129,Matchday 12,2026-2027
Siwelele FC,Durban City FC,,,UPCOMING,06/12/2026,21920229,Matchday 12,2026-2027
TS Galaxy,Richards Bay,,,UPCOMING,06/12/2026,21920073,Matchday 12,2026-2027
Stellenbosch,Milford FC,,,UPCOMING,15/12/2026,21920060,Matchday 13,2026-2027
Chippa United FC,AmaZulu FC,,,UPCOMING,15/12/2026,21920169,Matchday 13,2026-2027
Kruger United,Siwelele FC,,,UPCOMING,15/12/2026,21920008,Matchday 13,2026-2027
Kaizer Chiefs,TS Galaxy,,,UPCOMING,15/12/2026,21920119,Matchday 13,2026-2027
Mamelodi Sundowns,Sekhukhune United,,,UPCOMING,15/12/2026,21920014,Matchday 13,2026-2027
Durban City FC,Marumo Gallants,,,UPCOMING,15/12/2026,21920049,Matchday 13,2026-2027
Richards Bay,Orlando Pirates,,,UPCOMING,16/12/2026,21920069,Matchday 13,2026-2027
Polokwane City,Golden Arrows,,,UPCOMING,16/12/2026,21920204,Matchday 13,2026-2027
Stellenbosch,Mamelodi Sundowns,,,UPCOMING,18/12/2026,21920189,Matchday 14,2026-2027
Marumo Gallants,Kaizer Chiefs,,,UPCOMING,19/12/2026,21920070,Matchday 14,2026-2027
Sekhukhune United,Golden Arrows,,,UPCOMING,19/12/2026,21920207,Matchday 14,2026-2027
AmaZulu FC,Kruger United,,,UPCOMING,19/12/2026,21920011,Matchday 14,2026-2027
Orlando Pirates,Polokwane City,,,UPCOMING,19/12/2026,21920157,Matchday 14,2026-2027
TS Galaxy,Milford FC,,,UPCOMING,20/12/2026,21920150,Matchday 14,2026-2027
Richards Bay,Siwelele FC,,,UPCOMING,20/12/2026,21920243,Matchday 14,2026-2027
Durban City FC,Chippa United FC,,,UPCOMING,20/12/2026,21920137,Matchday 14,2026-2027
Siwelele FC,Stellenbosch,,,UPCOMING,08/01/2027,21920057,Matchday 15,2026-2027
Polokwane City,Chippa United FC,,,UPCOMING,09/01/2027,21920038,Matchday 15,2026-2027
AmaZulu FC,TS Galaxy,,,UPCOMING,09/01/2027,21920108,Matchday 15,2026-2027
Golden Arrows,Richards Bay,,,UPCOMING,09/01/2027,21920134,Matchday 15,2026-2027
Mamelodi Sundowns,Orlando Pirates,,,UPCOMING,09/01/2027,21920062,Matchday 15,2026-2027
Milford FC,Marumo Gallants,,,UPCOMING,10/01/2027,21920091,Matchday 15,2026-2027
Kruger United,Sekhukhune United,,,UPCOMING,10/01/2027,21920042,Matchday 15,2026-2027
Kaizer Chiefs,Durban City FC,,,UPCOMING,10/01/2027,21920041,Matchday 15,2026-2027
Richards Bay,Durban City FC,,,UPCOMING,15/01/2027,21920020,Matchday 16,2026-2027
Stellenbosch,Polokwane City,,,UPCOMING,16/01/2027,21920056,Matchday 16,2026-2027
Kruger United,Marumo Gallants,,,UPCOMING,16/01/2027,21920033,Matchday 16,2026-2027
Orlando Pirates,AmaZulu FC,,,UPCOMING,16/01/2027,21920103,Matchday 16,2026-2027
Milford FC,Mamelodi Sundowns,,,UPCOMING,16/01/2027,21920218,Matchday 16,2026-2027
Sekhukhune United,Kaizer Chiefs,,,UPCOMING,16/01/2027,21920210,Matchday 16,2026-2027
TS Galaxy,Siwelele FC,,,UPCOMING,17/01/2027,21920078,Matchday 16,2026-2027
Chippa United FC,Golden Arrows,,,UPCOMING,17/01/2027,21920240,Matchday 16,2026-2027
AmaZulu FC,Stellenbosch,,,UPCOMING,22/01/2027,21920003,Matchday 17,2026-2027
Orlando Pirates,Kruger United,,,UPCOMING,22/01/2027,21920152,Matchday 17,2026-2027
Golden Arrows,Siwelele FC,,,UPCOMING,23/01/2027,21920075,Matchday 17,2026-2027
Mamelodi Sundowns,Richards Bay,,,UPCOMING,23/01/2027,21920068,Matchday 17,2026-2027
Kaizer Chiefs,Chippa United FC,,,UPCOMING,23/01/2027,21920016,Matchday 17,2026-2027
TS Galaxy,Polokwane City,,,UPCOMING,23/01/2027,21920136,Matchday 17,2026-2027
Durban City FC,Milford FC,,,UPCOMING,23/01/2027,21920037,Matchday 17,2026-2027
Marumo Gallants,Sekhukhune United,,,UPCOMING,24/01/2027,21920015,Matchday 17,2026-2027
Milford FC,AmaZulu FC,,,UPCOMING,05/02/2027,21920198,Matchday 18,2026-2027
Siwelele FC,Sekhukhune United,,,UPCOMING,06/02/2027,21920018,Matchday 18,2026-2027
Stellenbosch,Kruger United,,,UPCOMING,06/02/2027,21920035,Matchday 18,2026-2027
Polokwane City,Marumo Gallants,,,UPCOMING,06/02/2027,21920104,Matchday 18,2026-2027
Golden Arrows,Orlando Pirates,,,UPCOMING,06/02/2027,21920155,Matchday 18,2026-2027
Richards Bay,Chippa United FC,,,UPCOMING,07/02/2027,21920004,Matchday 18,2026-2027
Mamelodi Sundowns,Kaizer Chiefs,,,UPCOMING,07/02/2027,21920090,Matchday 18,2026-2027
Durban City FC,TS Galaxy,,,UPCOMING,07/02/2027,21920017,Matchday 18,2026-2027
Chippa United FC,TS Galaxy,,,UPCOMING,12/02/2027,21920239,Matchday 19,2026-2027
Milford FC,Golden Arrows,,,UPCOMING,13/02/2027,21920055,Matchday 19,2026-2027
AmaZulu FC,Kaizer Chiefs,,,UPCOMING,13/02/2027,21920064,Matchday 19,2026-2027
Stellenbosch,Richards Bay,,,UPCOMING,13/02/2027,21920162,Matchday 19,2026-2027
Orlando Pirates,Siwelele FC,,,UPCOMING,13/02/2027,21920092,Matchday 19,2026-2027
Marumo Gallants,Durban City FC,,,UPCOMING,13/02/2027,21920005,Matchday 19,2026-2027
Sekhukhune United,Mamelodi Sundowns,,,UPCOMING,14/02/2027,21920226,Matchday 19,2026-2027
Kruger United,Polokwane City,,,UPCOMING,14/02/2027,21920144,Matchday 19,2026-2027
Mamelodi Sundowns,Stellenbosch,,,UPCOMING,26/02/2027,21920072,Matchday 20,2026-2027
Durban City FC,Orlando Pirates,,,UPCOMING,26/02/2027,21920058,Matchday 20,2026-2027
TS Galaxy,Marumo Gallants,,,UPCOMING,27/02/2027,21920013,Matchday 20,2026-2027
Kaizer Chiefs,Polokwane City,,,UPCOMING,27/02/2027,21920093,Matchday 20,2026-2027
Siwelele FC,Milford FC,,,UPCOMING,27/02/2027,21920023,Matchday 20,2026-2027
Sekhukhune United,Chippa United FC,,,UPCOMING,27/02/2027,21920059,Matchday 20,2026-2027
Golden Arrows,AmaZulu FC,,,UPCOMING,28/02/2027,21920085,Matchday 20,2026-2027
Richards Bay,Kruger United,,,UPCOMING,28/02/2027,21920044,Matchday 20,2026-2027
Mamelodi Sundowns,Golden Arrows,,,UPCOMING,05/03/2027,21920026,Matchday 21,2026-2027
AmaZulu FC,Durban City FC,,,UPCOMING,06/03/2027,21920048,Matchday 21,2026-2027
Orlando Pirates,Chippa United FC,,,UPCOMING,06/03/2027,21920160,Matchday 21,2026-2027
Richards Bay,Marumo Gallants,,,UPCOMING,06/03/2027,21920082,Matchday 21,2026-2027
Kruger United,Milford FC,,,UPCOMING,06/03/2027,21920096,Matchday 21,2026-2027
Stellenbosch,Siwelele FC,,,UPCOMING,06/03/2027,21920107,Matchday 21,2026-2027
TS Galaxy,Kaizer Chiefs,,,UPCOMING,07/03/2027,21920028,Matchday 21,2026-2027
Polokwane City,Sekhukhune United,,,UPCOMING,07/03/2027,21920029,Matchday 21,2026-2027
AmaZulu FC,Polokwane City,,,UPCOMING,12/03/2027,21920009,Matchday 22,2026-2027
Siwelele FC,Richards Bay,,,UPCOMING,13/03/2027,21920021,Matchday 22,2026-2027
Milford FC,TS Galaxy,,,UPCOMING,13/03/2027,21920111,Matchday 22,2026-2027
Kruger United,Golden Arrows,,,UPCOMING,13/03/2027,21920094,Matchday 22,2026-2027
Sekhukhune United,Stellenbosch,,,UPCOMING,13/03/2027,21920089,Matchday 22,2026-2027
Chippa United FC,Durban City FC,,,UPCOMING,13/03/2027,21920039,Matchday 22,2026-2027
Kaizer Chiefs,Orlando Pirates,,,UPCOMING,14/03/2027,21920027,Matchday 22,2026-2027
Marumo Gallants,Mamelodi Sundowns,,,UPCOMING,14/03/2027,21920031,Matchday 22,2026-2027
Golden Arrows,TS Galaxy,,,UPCOMING,16/03/2027,21920142,Matchday 23,2026-2027
Durban City FC,Mamelodi Sundowns,,,UPCOMING,16/03/2027,21920087,Matchday 23,2026-2027
Chippa United FC,Marumo Gallants,,,UPCOMING,16/03/2027,21920077,Matchday 23,2026-2027
Sekhukhune United,Kruger United,,,UPCOMING,17/03/2027,21920006,Matchday 23,2026-2027
Stellenbosch,Kaizer Chiefs,,,UPCOMING,17/03/2027,21920025,Matchday 23,2026-2027
Siwelele FC,AmaZulu FC,,,UPCOMING,17/03/2027,21920154,Matchday 23,2026-2027
Milford FC,Polokwane City,,,UPCOMING,17/03/2027,21920149,Matchday 23,2026-2027
Orlando Pirates,Richards Bay,,,UPCOMING,17/03/2027,21920232,Matchday 23,2026-2027
Polokwane City,Siwelele FC,,,UPCOMING,09/04/2027,21920175,Matchday 24,2026-2027
Mamelodi Sundowns,Kruger United,,,UPCOMING,10/04/2027,21920209,Matchday 24,2026-2027
Kaizer Chiefs,Milford FC,,,UPCOMING,10/04/2027,21920106,Matchday 24,2026-2027
Marumo Gallants,Stellenbosch,,,UPCOMING,10/04/2027,21920179,Matchday 24,2026-2027
AmaZulu FC,Chippa United FC,,,UPCOMING,10/04/2027,21920143,Matchday 24,2026-2027
Durban City FC,Sekhukhune United,,,UPCOMING,10/04/2027,21920133,Matchday 24,2026-2027
Richards Bay,Golden Arrows,,,UPCOMING,11/04/2027,21920066,Matchday 24,2026-2027
TS Galaxy,Orlando Pirates,,,UPCOMING,11/04/2027,21920242,Matchday 24,2026-2027
Polokwane City,Durban City FC,,,UPCOMING,16/04/2027,21920131,Matchday 25,2026-2027
Sekhukhune United,Orlando Pirates,,,UPCOMING,17/04/2027,21920220,Matchday 25,2026-2027
Milford FC,Chippa United FC,,,UPCOMING,17/04/2027,21920132,Matchday 25,2026-2027
Kaizer Chiefs,Marumo Gallants,,,UPCOMING,17/04/2027,21920206,Matchday 25,2026-2027
Stellenbosch,Golden Arrows,,,UPCOMING,17/04/2027,21920221,Matchday 25,2026-2027
Siwelele FC,Mamelodi Sundowns,,,UPCOMING,17/04/2027,21920081,Matchday 25,2026-2027
Kruger United,TS Galaxy,,,UPCOMING,18/04/2027,21920184,Matchday 25,2026-2027
AmaZulu FC,Richards Bay,,,UPCOMING,18/04/2027,21920183,Matchday 25,2026-2027
Orlando Pirates,Mamelodi Sundowns,,,UPCOMING,23/04/2027,21920128,Matchday 26,2026-2027
Chippa United FC,Polokwane City,,,UPCOMING,24/04/2027,21920045,Matchday 26,2026-2027
Golden Arrows,Sekhukhune United,,,UPCOMING,24/04/2027,21920235,Matchday 26,2026-2027
TS Galaxy,Stellenbosch,,,UPCOMING,24/04/2027,21920234,Matchday 26,2026-2027
Marumo Gallants,AmaZulu FC,,,UPCOMING,24/04/2027,21920147,Matchday 26,2026-2027
Richards Bay,Milford FC,,,UPCOMING,24/04/2027,21920161,Matchday 26,2026-2027
Siwelele FC,Kruger United,,,UPCOMING,24/04/2027,21920216,Matchday 26,2026-2027
Durban City FC,Kaizer Chiefs,,,UPCOMING,25/04/2027,21920140,Matchday 26,2026-2027
Kaizer Chiefs,Golden Arrows,,,UPCOMING,27/04/2027,21920197,Matchday 27,2026-2027
Stellenbosch,Orlando Pirates,,,UPCOMING,27/04/2027,21920233,Matchday 27,2026-2027
Marumo Gallants,Milford FC,,,UPCOMING,27/04/2027,21920125,Matchday 27,2026-2027
Mamelodi Sundowns,TS Galaxy,,,UPCOMING,28/04/2027,21920236,Matchday 27,2026-2027
Kruger United,Chippa United FC,,,UPCOMING,28/04/2027,21920211,Matchday 27,2026-2027
Polokwane City,Richards Bay,,,UPCOMING,28/04/2027,21920051,Matchday 27,2026-2027
AmaZulu FC,Sekhukhune United,,,UPCOMING,28/04/2027,21920076,Matchday 27,2026-2027
Durban City FC,Siwelele FC,,,UPCOMING,28/04/2027,21920182,Matchday 27,2026-2027
Chippa United FC,Stellenbosch,,,UPCOMING,08/05/2027,21920158,Matchday 28,2026-2027
Polokwane City,Mamelodi Sundowns,,,UPCOMING,08/05/2027,21920167,Matchday 28,2026-2027
Kaizer Chiefs,Kruger United,,,UPCOMING,08/05/2027,21920124,Matchday 28,2026-2027
Milford FC,Orlando Pirates,,,UPCOMING,08/05/2027,21920227,Matchday 28,2026-2027
Sekhukhune United,Richards Bay,,,UPCOMING,08/05/2027,21920205,Matchday 28,2026-2027
Siwelele FC,Marumo Gallants,,,UPCOMING,09/05/2027,21920181,Matchday 28,2026-2027
TS Galaxy,AmaZulu FC,,,UPCOMING,09/05/2027,21920208,Matchday 28,2026-2027
Golden Arrows,Durban City FC,,,UPCOMING,09/05/2027,21920130,Matchday 28,2026-2027
Kruger United,AmaZulu FC,,,UPCOMING,15/05/2027,21920074,Matchday 29,2026-2027
Siwelele FC,Kaizer Chiefs,,,UPCOMING,15/05/2027,21920166,Matchday 29,2026-2027
Stellenbosch,Durban City FC,,,UPCOMING,15/05/2027,21920241,Matchday 29,2026-2027
Richards Bay,TS Galaxy,,,UPCOMING,15/05/2027,21920163,Matchday 29,2026-2027
Sekhukhune United,Milford FC,,,UPCOMING,15/05/2027,21920213,Matchday 29,2026-2027
Orlando Pirates,Marumo Gallants,,,UPCOMING,15/05/2027,21920121,Matchday 29,2026-2027
Mamelodi Sundowns,Chippa United FC,,,UPCOMING,15/05/2027,21920172,Matchday 29,2026-2027
Golden Arrows,Polokwane City,,,UPCOMING,15/05/2027,21920222,Matchday 29,2026-2027
AmaZulu FC,Mamelodi Sundowns,,,UPCOMING,22/05/2027,21920187,Matchday 30,2026-2027
Polokwane City,Orlando Pirates,,,UPCOMING,22/05/2027,21920219,Matchday 30,2026-2027
TS Galaxy,Sekhukhune United,,,UPCOMING,22/05/2027,21920102,Matchday 30,2026-2027
Marumo Gallants,Golden Arrows,,,UPCOMING,22/05/2027,21920238,Matchday 30,2026-2027
Milford FC,Stellenbosch,,,UPCOMING,22/05/2027,21920190,Matchday 30,2026-2027
Durban City FC,Kruger United,,,UPCOMING,22/05/2027,21920105,Matchday 30,2026-2027
Kaizer Chiefs,Richards Bay,,,UPCOMING,22/05/2027,21920177,Matchday 30,2026-2027
Chippa United FC,Siwelele FC,,,UPCOMING,22/05/2027,21920231,Matchday 30,2026-2027
AmaZulu FC,Orbit College FC,1,0,FINISHED,09/08/2025,1634268,Matchday 1,2025-2026
Richards Bay,Marumo Gallants,1,2,FINISHED,09/08/2025,1634280,Matchday 1,2025-2026
Polokwane City,Magesi,0,0,FINISHED,09/08/2025,1634281,Matchday 1,2025-2026
Chippa United FC,Mamelodi Sundowns,1,1,FINISHED,09/08/2025,1634254,Matchday 1,2025-2026
Orlando Pirates,Sekhukhune United,0,1,FINISHED,09/08/2025,1634279,Matchday 1,2025-2026
Siwelele FC,Golden Arrows,3,1,FINISHED,09/08/2025,1634278,Matchday 1,2025-2026
TS Galaxy,Durban City FC,0,2,FINISHED,10/08/2025,1634277,Matchday 1,2025-2026
Stellenbosch,Kaizer Chiefs,0,2,FINISHED,10/08/2025,1634276,Matchday 1,2025-2026
Mamelodi Sundowns,AmaZulu FC,2,0,FINISHED,12/08/2025,1634275,Matchday 2,2025-2026
Marumo Gallants,Orlando Pirates,2,1,FINISHED,12/08/2025,1634274,Matchday 2,2025-2026
Orbit College FC,Siwelele FC,1,0,FINISHED,12/08/2025,1634273,Matchday 2,2025-2026
Magesi,Stellenbosch,1,1,FINISHED,13/08/2025,1634269,Matchday 2,2025-2026
Golden Arrows,Richards Bay,1,0,FINISHED,13/08/2025,1634271,Matchday 2,2025-2026
Kaizer Chiefs,Polokwane City,1,0,FINISHED,13/08/2025,1634283,Matchday 2,2025-2026
Durban City FC,Chippa United FC,1,0,FINISHED,13/08/2025,1634272,Matchday 2,2025-2026
Sekhukhune United,TS Galaxy,1,0,FINISHED,13/08/2025,1634284,Matchday 2,2025-2026
Siwelele FC,Polokwane City,0,1,FINISHED,19/08/2025,1634263,Matchday 3,2025-2026
Orbit College FC,Sekhukhune United,0,3,FINISHED,19/08/2025,1634264,Matchday 3,2025-2026
Kaizer Chiefs,Richards Bay,1,0,FINISHED,19/08/2025,1634265,Matchday 3,2025-2026
Chippa United FC,TS Galaxy,1,4,FINISHED,19/08/2025,1634267,Matchday 3,2025-2026
Durban City FC,Golden Arrows,1,1,FINISHED,19/08/2025,1634266,Matchday 3,2025-2026
AmaZulu FC,Marumo Gallants,1,0,FINISHED,20/08/2025,1634262,Matchday 3,2025-2026
Orlando Pirates,Stellenbosch,1,0,FINISHED,20/08/2025,1634260,Matchday 3,2025-2026
Magesi,Mamelodi Sundowns,0,2,FINISHED,20/08/2025,1634261,Matchday 3,2025-2026
TS Galaxy,Siwelele FC,2,0,FINISHED,26/08/2025,1634313,Matchday 4,2025-2026
Stellenbosch,Marumo Gallants,1,0,FINISHED,26/08/2025,1634256,Matchday 4,2025-2026
Orlando Pirates,Orbit College FC,1,0,FINISHED,26/08/2025,1634259,Matchday 4,2025-2026
Polokwane City,Durban City FC,0,0,FINISHED,26/08/2025,1634258,Matchday 4,2025-2026
Richards Bay,Chippa United FC,1,0,FINISHED,26/08/2025,1634257,Matchday 4,2025-2026
Sekhukhune United,AmaZulu FC,1,1,FINISHED,27/08/2025,1634194,Matchday 4,2025-2026
Golden Arrows,Magesi,2,1,FINISHED,27/08/2025,1634270,Matchday 4,2025-2026
Kaizer Chiefs,Mamelodi Sundowns,0,0,FINISHED,27/08/2025,1634298,Matchday 4,2025-2026
Siwelele FC,Richards Bay,0,0,FINISHED,29/08/2025,1634311,Matchday 5,2025-2026
Stellenbosch,Mamelodi Sundowns,0,1,FINISHED,30/08/2025,1634309,Matchday 5,2025-2026
Magesi,AmaZulu FC,1,1,FINISHED,30/08/2025,1634310,Matchday 5,2025-2026
Sekhukhune United,Durban City FC,2,0,FINISHED,30/08/2025,1634307,Matchday 5,2025-2026
Golden Arrows,Kaizer Chiefs,0,1,FINISHED,30/08/2025,1634308,Matchday 5,2025-2026
Orbit College FC,TS Galaxy,1,3,FINISHED,30/08/2025,1634306,Matchday 5,2025-2026
Chippa United FC,Orlando Pirates,0,3,FINISHED,31/08/2025,1634305,Matchday 5,2025-2026
Marumo Gallants,Polokwane City,1,1,FINISHED,31/08/2025,1634304,Matchday 5,2025-2026
Chippa United FC,Orbit College FC,2,1,FINISHED,16/09/2025,1634303,Matchday 6,2025-2026
Durban City FC,Siwelele FC,2,0,FINISHED,16/09/2025,1634302,Matchday 6,2025-2026
Kaizer Chiefs,Sekhukhune United,1,3,FINISHED,16/09/2025,1634282,Matchday 6,2025-2026
Marumo Gallants,Mamelodi Sundowns,1,1,FINISHED,17/09/2025,1634299,Matchday 6,2025-2026
AmaZulu FC,Stellenbosch,2,1,FINISHED,17/09/2025,1634301,Matchday 6,2025-2026
Polokwane City,Golden Arrows,2,1,FINISHED,17/09/2025,1634297,Matchday 6,2025-2026
Richards Bay,TS Galaxy,1,1,FINISHED,17/09/2025,1634296,Matchday 6,2025-2026
Orlando Pirates,Magesi,2,0,FINISHED,31/01/2026,1634253,Matchday 6,2025-2026
Sekhukhune United,Golden Arrows,1,0,FINISHED,20/09/2025,1634293,Matchday 7,2025-2026
Magesi,Siwelele FC,2,0,FINISHED,20/09/2025,1634294,Matchday 7,2025-2026
Stellenbosch,Richards Bay,0,1,FINISHED,20/09/2025,1634290,Matchday 7,2025-2026
Orbit College FC,Marumo Gallants,1,1,FINISHED,20/09/2025,1634291,Matchday 7,2025-2026
Mamelodi Sundowns,Durban City FC,3,1,FINISHED,20/09/2025,1634292,Matchday 7,2025-2026
Polokwane City,Chippa United FC,2,1,FINISHED,21/09/2025,1634289,Matchday 7,2025-2026
TS Galaxy,Kaizer Chiefs,0,0,FINISHED,07/12/2025,1634288,Matchday 7,2025-2026
AmaZulu FC,Orlando Pirates,0,2,FINISHED,03/02/2026,1634295,Matchday 7,2025-2026
Siwelele FC,Orlando Pirates,0,1,FINISHED,23/09/2025,1634287,Matchday 8,2025-2026
Golden Arrows,Mamelodi Sundowns,1,0,FINISHED,24/09/2025,1634286,Matchday 8,2025-2026
Kaizer Chiefs,Marumo Gallants,1,1,FINISHED,24/09/2025,1634285,Matchday 8,2025-2026
TS Galaxy,AmaZulu FC,3,1,FINISHED,24/09/2025,1634220,Matchday 8,2025-2026
Orbit College FC,Polokwane City,1,0,FINISHED,24/09/2025,1634300,Matchday 8,2025-2026
Richards Bay,Magesi,1,0,FINISHED,24/09/2025,1634208,Matchday 8,2025-2026
Stellenbosch,Durban City FC,0,0,FINISHED,24/09/2025,1634221,Matchday 8,2025-2026
Sekhukhune United,Chippa United FC,1,1,FINISHED,24/09/2025,1634255,Matchday 8,2025-2026
Golden Arrows,Orbit College FC,3,0,FINISHED,27/09/2025,1634219,Matchday 9,2025-2026
Polokwane City,Sekhukhune United,1,0,FINISHED,27/09/2025,1634218,Matchday 9,2025-2026
Mamelodi Sundowns,Richards Bay,4,1,FINISHED,27/09/2025,1634216,Matchday 9,2025-2026
Durban City FC,Magesi,3,1,FINISHED,27/09/2025,1634215,Matchday 9,2025-2026
Siwelele FC,Marumo Gallants,1,0,FINISHED,28/09/2025,1634213,Matchday 9,2025-2026
Chippa United FC,Stellenbosch,0,0,FINISHED,28/09/2025,1634212,Matchday 9,2025-2026
Orlando Pirates,TS Galaxy,2,0,FINISHED,30/09/2025,1634214,Matchday 9,2025-2026
Kaizer Chiefs,AmaZulu FC,1,1,FINISHED,01/10/2025,1634217,Matchday 9,2025-2026
Richards Bay,Orbit College FC,1,2,FINISHED,17/10/2025,1634211,Matchday 10,2025-2026
AmaZulu FC,Durban City FC,1,0,FINISHED,18/10/2025,1634223,Matchday 10,2025-2026
Magesi,TS Galaxy,2,1,FINISHED,18/10/2025,1634224,Matchday 10,2025-2026
Marumo Gallants,Chippa United FC,2,1,FINISHED,19/10/2025,1634205,Matchday 10,2025-2026
Kaizer Chiefs,Siwelele FC,0,0,FINISHED,22/10/2025,1634204,Matchday 10,2025-2026
Orlando Pirates,Polokwane City,1,0,FINISHED,22/10/2025,1634209,Matchday 10,2025-2026
Stellenbosch,Golden Arrows,4,3,FINISHED,22/10/2025,1634206,Matchday 10,2025-2026
Sekhukhune United,Mamelodi Sundowns,0,2,FINISHED,27/01/2026,1634207,Matchday 10,2025-2026
Durban City FC,Kaizer Chiefs,0,1,FINISHED,31/10/2025,1634203,Matchday 11,2025-2026
Siwelele FC,Sekhukhune United,1,0,FINISHED,31/10/2025,1634202,Matchday 11,2025-2026
Orbit College FC,Magesi,3,1,FINISHED,01/11/2025,1634200,Matchday 11,2025-2026
Mamelodi Sundowns,Orlando Pirates,1,1,FINISHED,01/11/2025,1634201,Matchday 11,2025-2026
Polokwane City,Richards Bay,1,1,FINISHED,01/11/2025,1634199,Matchday 11,2025-2026
Chippa United FC,AmaZulu FC,0,3,FINISHED,01/11/2025,1634198,Matchday 11,2025-2026
TS Galaxy,Stellenbosch,2,0,FINISHED,02/11/2025,1634197,Matchday 11,2025-2026
Golden Arrows,Marumo Gallants,4,0,FINISHED,02/11/2025,1634196,Matchday 11,2025-2026
Chippa United FC,Magesi,0,0,FINISHED,04/11/2025,1634210,Matchday 12,2025-2026
AmaZulu FC,Polokwane City,0,1,FINISHED,04/11/2025,1634195,Matchday 12,2025-2026
Kaizer Chiefs,Orbit College FC,4,1,FINISHED,04/11/2025,1634238,Matchday 12,2025-2026
Sekhukhune United,Richards Bay,1,1,FINISHED,04/11/2025,1634252,Matchday 12,2025-2026
Mamelodi Sundowns,TS Galaxy,1,0,FINISHED,05/11/2025,1634249,Matchday 12,2025-2026
Golden Arrows,Orlando Pirates,1,3,FINISHED,05/11/2025,1634250,Matchday 12,2025-2026
Durban City FC,Marumo Gallants,1,0,FINISHED,05/11/2025,1634251,Matchday 12,2025-2026
Stellenbosch,Siwelele FC,0,2,FINISHED,05/11/2025,1634248,Matchday 12,2025-2026
AmaZulu FC,Siwelele FC,2,0,FINISHED,22/11/2025,1634247,Matchday 13,2025-2026
Marumo Gallants,Sekhukhune United,1,1,FINISHED,22/11/2025,1634244,Matchday 13,2025-2026
TS Galaxy,Golden Arrows,2,1,FINISHED,23/11/2025,1634241,Matchday 13,2025-2026
Richards Bay,Durban City FC,0,0,FINISHED,23/11/2025,1634222,Matchday 13,2025-2026
Orlando Pirates,Chippa United FC,2,0,FINISHED,25/11/2025,1634246,Matchday 13,2025-2026
Orbit College FC,Stellenbosch,1,2,FINISHED,26/11/2025,1634243,Matchday 13,2025-2026
Magesi,Kaizer Chiefs,1,4,FINISHED,15/04/2026,1634245,Matchday 13,2025-2026
Polokwane City,Mamelodi Sundowns,0,1,FINISHED,29/04/2026,1634242,Matchday 13,2025-2026
Richards Bay,AmaZulu FC,2,0,FINISHED,28/11/2025,1634239,Matchday 14,2025-2026
Durban City FC,Orlando Pirates,0,2,FINISHED,29/11/2025,1634314,Matchday 14,2025-2026
Polokwane City,TS Galaxy,0,0,FINISHED,29/11/2025,1634237,Matchday 14,2025-2026
Siwelele FC,Chippa United FC,0,0,FINISHED,29/11/2025,1634236,Matchday 14,2025-2026
Marumo Gallants,Magesi,1,1,FINISHED,30/11/2025,1634234,Matchday 14,2025-2026
Mamelodi Sundowns,Orbit College FC,2,0,FINISHED,19/01/2026,1634235,Matchday 14,2025-2026
Kaizer Chiefs,Golden Arrows,1,0,FINISHED,20/01/2026,1634232,Matchday 14,2025-2026
Sekhukhune United,Stellenbosch,0,1,FINISHED,20/01/2026,1634233,Matchday 14,2025-2026
Golden Arrows,AmaZulu FC,0,1,FINISHED,02/12/2025,1634228,Matchday 15,2025-2026
Magesi,Sekhukhune United,0,1,FINISHED,03/12/2025,1634227,Matchday 15,2025-2026
Siwelele FC,Mamelodi Sundowns,1,1,FINISHED,03/12/2025,1634230,Matchday 15,2025-2026
Chippa United FC,Kaizer Chiefs,0,0,FINISHED,03/12/2025,1634229,Matchday 15,2025-2026
Orbit College FC,Durban City FC,0,3,FINISHED,03/12/2025,1634226,Matchday 15,2025-2026
Stellenbosch,Polokwane City,1,2,FINISHED,03/12/2025,1634225,Matchday 15,2025-2026
TS Galaxy,Marumo Gallants,2,0,FINISHED,21/01/2026,1634240,Matchday 15,2025-2026
Orlando Pirates,Richards Bay,2,0,FINISHED,11/03/2026,1634231,Matchday 15,2025-2026
Mamelodi Sundowns,Magesi,3,0,FINISHED,14/09/2025,1634398,Matchday 16,2025-2026
Richards Bay,Siwelele FC,1,1,FINISHED,23/01/2026,1634388,Matchday 16,2025-2026
Orbit College FC,Chippa United FC,0,1,FINISHED,24/01/2026,1634374,Matchday 16,2025-2026
Sekhukhune United,Orlando Pirates,0,0,FINISHED,24/01/2026,1634401,Matchday 16,2025-2026
AmaZulu FC,TS Galaxy,3,2,FINISHED,25/01/2026,1634397,Matchday 16,2025-2026
Durban City FC,Polokwane City,1,0,FINISHED,25/01/2026,1634396,Matchday 16,2025-2026
Marumo Gallants,Kaizer Chiefs,0,1,FINISHED,28/01/2026,1634399,Matchday 16,2025-2026
Golden Arrows,Stellenbosch,1,1,FINISHED,18/03/2026,1634400,Matchday 16,2025-2026
Richards Bay,Golden Arrows,2,2,FINISHED,30/01/2026,1634395,Matchday 17,2025-2026
Marumo Gallants,AmaZulu FC,0,1,FINISHED,31/01/2026,1634393,Matchday 17,2025-2026
Chippa United FC,Durban City FC,2,0,FINISHED,31/01/2026,1634403,Matchday 17,2025-2026
Polokwane City,Orbit College FC,2,2,FINISHED,31/01/2026,1634391,Matchday 17,2025-2026
TS Galaxy,Sekhukhune United,0,1,FINISHED,01/02/2026,1634389,Matchday 17,2025-2026
Stellenbosch,Magesi,1,1,FINISHED,18/02/2026,1634394,Matchday 17,2025-2026
Orlando Pirates,Mamelodi Sundowns,1,2,FINISHED,18/02/2026,1634392,Matchday 17,2025-2026
Siwelele FC,Kaizer Chiefs,2,0,FINISHED,29/04/2026,1634404,Matchday 17,2025-2026
Magesi,Golden Arrows,0,2,FINISHED,13/02/2026,1634386,Matchday 18,2025-2026
Durban City FC,TS Galaxy,2,0,FINISHED,13/02/2026,1634387,Matchday 18,2025-2026
Orlando Pirates,Marumo Gallants,3,0,FINISHED,14/02/2026,1634381,Matchday 18,2025-2026
Polokwane City,Siwelele FC,0,0,FINISHED,14/02/2026,1634384,Matchday 18,2025-2026
Chippa United FC,Richards Bay,3,0,FINISHED,14/02/2026,1634382,Matchday 18,2025-2026
Sekhukhune United,Orbit College FC,2,0,FINISHED,15/02/2026,1634380,Matchday 18,2025-2026
Kaizer Chiefs,Stellenbosch,1,2,FINISHED,24/02/2026,1634383,Matchday 18,2025-2026
AmaZulu FC,Mamelodi Sundowns,0,1,FINISHED,24/02/2026,1634385,Matchday 18,2025-2026
Magesi,Polokwane City,0,2,FINISHED,27/02/2026,1634379,Matchday 19,2025-2026
Stellenbosch,AmaZulu FC,1,0,FINISHED,27/02/2026,1634378,Matchday 19,2025-2026
Kaizer Chiefs,Orlando Pirates,0,3,FINISHED,28/02/2026,1634377,Matchday 19,2025-2026
Siwelele FC,TS Galaxy,1,0,FINISHED,28/02/2026,1634312,Matchday 19,2025-2026
Golden Arrows,Chippa United FC,0,0,FINISHED,28/02/2026,1634376,Matchday 19,2025-2026
Orbit College FC,Richards Bay,0,0,FINISHED,28/02/2026,1634390,Matchday 19,2025-2026
Mamelodi Sundowns,Sekhukhune United,3,1,FINISHED,01/03/2026,1634418,Matchday 19,2025-2026
Marumo Gallants,Durban City FC,0,1,FINISHED,01/03/2026,1634432,Matchday 19,2025-2026
TS Galaxy,Orbit College FC,1,2,FINISHED,03/03/2026,1634429,Matchday 20,2025-2026
Richards Bay,Kaizer Chiefs,1,0,FINISHED,03/03/2026,1634431,Matchday 20,2025-2026
Siwelele FC,Stellenbosch,0,0,FINISHED,03/03/2026,1634430,Matchday 20,2025-2026
Chippa United FC,Marumo Gallants,1,3,FINISHED,04/03/2026,1634427,Matchday 20,2025-2026
Mamelodi Sundowns,Golden Arrows,2,1,FINISHED,04/03/2026,1634425,Matchday 20,2025-2026
Polokwane City,Orlando Pirates,1,2,FINISHED,04/03/2026,1634424,Matchday 20,2025-2026
Durban City FC,Sekhukhune United,1,1,FINISHED,04/03/2026,1634426,Matchday 20,2025-2026
AmaZulu FC,Magesi,0,0,FINISHED,04/03/2026,1634428,Matchday 20,2025-2026
Orbit College FC,Mamelodi Sundowns,0,2,FINISHED,10/03/2026,1634373,Matchday 21,2025-2026
Stellenbosch,TS Galaxy,1,1,FINISHED,13/03/2026,1634422,Matchday 21,2025-2026
Marumo Gallants,Golden Arrows,1,2,FINISHED,14/03/2026,1634416,Matchday 21,2025-2026
Orlando Pirates,Siwelele FC,1,1,FINISHED,14/03/2026,1634402,Matchday 21,2025-2026
Magesi,Chippa United FC,2,2,FINISHED,14/03/2026,1634423,Matchday 21,2025-2026
AmaZulu FC,Richards Bay,2,1,FINISHED,14/03/2026,1634421,Matchday 21,2025-2026
Sekhukhune United,Polokwane City,0,0,FINISHED,14/03/2026,1634419,Matchday 21,2025-2026
Kaizer Chiefs,Durban City FC,1,0,FINISHED,15/03/2026,1634417,Matchday 21,2025-2026
Mamelodi Sundowns,Marumo Gallants,3,1,FINISHED,17/03/2026,1634410,Matchday 22,2025-2026
Stellenbosch,Chippa United FC,2,1,FINISHED,21/03/2026,1634413,Matchday 22,2025-2026
Polokwane City,AmaZulu FC,0,1,FINISHED,21/03/2026,1634414,Matchday 22,2025-2026
Kaizer Chiefs,Magesi,2,0,FINISHED,21/03/2026,1634411,Matchday 22,2025-2026
TS Galaxy,Orlando Pirates,0,6,FINISHED,22/03/2026,1634409,Matchday 22,2025-2026
Golden Arrows,Sekhukhune United,1,0,FINISHED,22/03/2026,1634412,Matchday 22,2025-2026
Siwelele FC,Orbit College FC,1,0,FINISHED,22/03/2026,1634415,Matchday 22,2025-2026
Durban City FC,Richards Bay,1,0,FINISHED,22/03/2026,1634408,Matchday 22,2025-2026
Orbit College FC,Kaizer Chiefs,1,3,FINISHED,06/04/2026,1634328,Matchday 23,2025-2026
AmaZulu FC,Sekhukhune United,2,2,FINISHED,06/04/2026,1634407,Matchday 23,2025-2026
Richards Bay,Stellenbosch,2,1,FINISHED,07/04/2026,1634341,Matchday 23,2025-2026
Orlando Pirates,Golden Arrows,5,0,FINISHED,07/04/2026,1634375,Matchday 23,2025-2026
Chippa United FC,Siwelele FC,1,0,FINISHED,07/04/2026,1634406,Matchday 23,2025-2026
Magesi,Marumo Gallants,3,0,FINISHED,07/04/2026,1634420,Matchday 23,2025-2026
Durban City FC,Mamelodi Sundowns,0,1,FINISHED,07/04/2026,1634405,Matchday 23,2025-2026
TS Galaxy,Polokwane City,1,2,FINISHED,08/04/2026,1634340,Matchday 23,2025-2026
Richards Bay,Orlando Pirates,2,2,FINISHED,10/04/2026,1634339,Matchday 24,2025-2026
Golden Arrows,Durban City FC,1,0,FINISHED,11/04/2026,1634338,Matchday 24,2025-2026
Siwelele FC,AmaZulu FC,1,1,FINISHED,11/04/2026,1634337,Matchday 24,2025-2026
Sekhukhune United,Magesi,1,0,FINISHED,11/04/2026,1634335,Matchday 24,2025-2026
Chippa United FC,Polokwane City,1,1,FINISHED,11/04/2026,1634334,Matchday 24,2025-2026
Kaizer Chiefs,TS Galaxy,2,0,FINISHED,12/04/2026,1634333,Matchday 24,2025-2026
Marumo Gallants,Orbit College FC,0,0,FINISHED,12/04/2026,1634332,Matchday 24,2025-2026
Mamelodi Sundowns,Stellenbosch,1,1,FINISHED,22/04/2026,1634336,Matchday 24,2025-2026
Mamelodi Sundowns,Chippa United FC,4,1,FINISHED,03/04/2026,1634327,Matchday 25,2025-2026
Stellenbosch,Sekhukhune United,3,1,FINISHED,17/04/2026,1634331,Matchday 25,2025-2026
Orbit College FC,Golden Arrows,1,2,FINISHED,18/04/2026,1634329,Matchday 25,2025-2026
Marumo Gallants,Siwelele FC,0,0,FINISHED,18/04/2026,1634343,Matchday 25,2025-2026
Orlando Pirates,AmaZulu FC,3,0,FINISHED,18/04/2026,1634344,Matchday 25,2025-2026
Polokwane City,Kaizer Chiefs,0,0,FINISHED,18/04/2026,1634326,Matchday 25,2025-2026
TS Galaxy,Richards Bay,0,1,FINISHED,19/04/2026,1634325,Matchday 25,2025-2026
Magesi,Durban City FC,5,2,FINISHED,19/04/2026,1634324,Matchday 25,2025-2026
Durban City FC,Orbit College FC,1,1,FINISHED,24/04/2026,1634323,Matchday 26,2025-2026
Golden Arrows,Siwelele FC,0,0,FINISHED,24/04/2026,1634322,Matchday 26,2025-2026
AmaZulu FC,Chippa United FC,5,1,FINISHED,25/04/2026,1634318,Matchday 26,2025-2026
Sekhukhune United,Marumo Gallants,1,1,FINISHED,25/04/2026,1634319,Matchday 26,2025-2026
Polokwane City,Stellenbosch,1,0,FINISHED,26/04/2026,1634317,Matchday 26,2025-2026
TS Galaxy,Magesi,0,0,FINISHED,26/04/2026,1634316,Matchday 26,2025-2026
Orlando Pirates,Kaizer Chiefs,1,1,FINISHED,26/04/2026,1634321,Matchday 26,2025-2026
Richards Bay,Mamelodi Sundowns,0,0,FINISHED,26/04/2026,1634320,Matchday 26,2025-2026
Stellenbosch,Orlando Pirates,0,2,FINISHED,05/05/2026,1634372,Matchday 27,2025-2026
Siwelele FC,Durban City FC,2,2,FINISHED,05/05/2026,1634358,Matchday 27,2025-2026
Magesi,Orbit College FC,1,2,FINISHED,05/05/2026,1634330,Matchday 27,2025-2026
Chippa United FC,Sekhukhune United,1,3,FINISHED,06/05/2026,1634315,Matchday 27,2025-2026
Mamelodi Sundowns,Kaizer Chiefs,1,1,FINISHED,06/05/2026,1634370,Matchday 27,2025-2026
AmaZulu FC,Golden Arrows,1,1,FINISHED,06/05/2026,1634371,Matchday 27,2025-2026
Richards Bay,Polokwane City,0,0,FINISHED,06/05/2026,1634368,Matchday 27,2025-2026
Marumo Gallants,TS Galaxy,1,1,FINISHED,06/05/2026,1634369,Matchday 27,2025-2026
Durban City FC,Stellenbosch,0,0,FINISHED,08/05/2026,1634367,Matchday 28,2025-2026
Marumo Gallants,Richards Bay,1,1,FINISHED,09/05/2026,1634366,Matchday 28,2025-2026
TS Galaxy,Chippa United FC,1,1,FINISHED,09/05/2026,1634361,Matchday 28,2025-2026
Golden Arrows,Polokwane City,0,0,FINISHED,09/05/2026,1634364,Matchday 28,2025-2026
Orbit College FC,AmaZulu FC,0,0,FINISHED,09/05/2026,1634365,Matchday 28,2025-2026
Mamelodi Sundowns,Siwelele FC,7,4,FINISHED,09/05/2026,1634363,Matchday 28,2025-2026
Magesi,Orlando Pirates,0,3,FINISHED,09/05/2026,1634362,Matchday 28,2025-2026
Sekhukhune United,Kaizer Chiefs,0,2,FINISHED,10/05/2026,1634342,Matchday 28,2025-2026
TS Galaxy,Mamelodi Sundowns,3,2,FINISHED,12/05/2026,1634353,Matchday 29,2025-2026
Siwelele FC,Magesi,1,0,FINISHED,16/05/2026,1634355,Matchday 29,2025-2026
Orlando Pirates,Durban City FC,0,0,FINISHED,16/05/2026,1634357,Matchday 29,2025-2026
Stellenbosch,Orbit College FC,2,0,FINISHED,16/05/2026,1634354,Matchday 29,2025-2026
Polokwane City,Marumo Gallants,1,1,FINISHED,16/05/2026,1634352,Matchday 29,2025-2026
Richards Bay,Sekhukhune United,1,1,FINISHED,16/05/2026,1634356,Matchday 29,2025-2026
Chippa United FC,Golden Arrows,0,2,FINISHED,16/05/2026,1634433,Matchday 29,2025-2026
AmaZulu FC,Kaizer Chiefs,0,1,FINISHED,16/05/2026,1634359,Matchday 29,2025-2026
Mamelodi Sundowns,Polokwane City,3,0,FINISHED,03/05/2026,1634347,Matchday 30,2025-2026
Magesi,Richards Bay,1,0,FINISHED,23/05/2026,1634348,Matchday 30,2025-2026
Durban City FC,AmaZulu FC,0,1,FINISHED,23/05/2026,1634351,Matchday 30,2025-2026
Kaizer Chiefs,Chippa United FC,0,1,FINISHED,23/05/2026,1634349,Matchday 30,2025-2026
Golden Arrows,TS Galaxy,0,0,FINISHED,23/05/2026,1634350,Matchday 30,2025-2026
Orbit College FC,Orlando Pirates,0,2,FINISHED,23/05/2026,1634345,Matchday 30,2025-2026
Marumo Gallants,Stellenbosch,0,0,FINISHED,23/05/2026,1634346,Matchday 30,2025-2026
Sekhukhune United,Siwelele FC,2,2,FINISHED,23/05/2026,1634360,Matchday 30,2025-2026
Royal AM,Cape Town City,1,1,FINISHED,14/09/2024,1557198,Matchday 1,2024-2025
Marumo Gallants,Kaizer Chiefs,1,2,FINISHED,14/09/2024,1557225,Matchday 1,2024-2025
Polokwane City,AmaZulu FC,2,1,FINISHED,14/09/2024,1557223,Matchday 1,2024-2025
Richards Bay,TS Galaxy,1,0,FINISHED,15/09/2024,1557221,Matchday 1,2024-2025
Mamelodi Sundowns,Siwelele FC,2,0,FINISHED,17/09/2024,1557212,Matchday 1,2024-2025
Sekhukhune United,Magesi,1,0,FINISHED,18/09/2024,1557222,Matchday 1,2024-2025
Stellenbosch,Golden Arrows,0,2,FINISHED,18/09/2024,1557220,Matchday 1,2024-2025
Orlando Pirates,Chippa United FC,2,1,FINISHED,18/09/2024,1557224,Matchday 1,2024-2025
Magesi,Polokwane City,0,2,FINISHED,21/09/2024,1557216,Matchday 2,2024-2025
Golden Arrows,Marumo Gallants,2,0,FINISHED,21/09/2024,1557217,Matchday 2,2024-2025
Siwelele FC,Royal AM,0,0,FINISHED,21/09/2024,1557215,Matchday 2,2024-2025
Chippa United FC,Richards Bay,1,0,FINISHED,21/09/2024,1557227,Matchday 2,2024-2025
Cape Town City,Orlando Pirates,1,0,FINISHED,08/01/2025,1557218,Matchday 2,2024-2025
Kaizer Chiefs,Stellenbosch,2,1,FINISHED,08/01/2025,1557213,Matchday 2,2024-2025
AmaZulu FC,Sekhukhune United,0,2,FINISHED,08/01/2025,1557228,Matchday 2,2024-2025
TS Galaxy,Mamelodi Sundowns,1,0,FINISHED,11/02/2025,1557219,Matchday 2,2024-2025
Orlando Pirates,Polokwane City,3,0,FINISHED,24/09/2024,1557211,Matchday 3,2024-2025
Mamelodi Sundowns,Marumo Gallants,4,1,FINISHED,24/09/2024,1557210,Matchday 3,2024-2025
Royal AM,Richards Bay,0,0,FINISHED,24/09/2024,1557209,Matchday 3,2024-2025
Siwelele FC,TS Galaxy,1,0,FINISHED,25/09/2024,1557206,Matchday 3,2024-2025
Stellenbosch,Cape Town City,3,0,FINISHED,25/09/2024,1557205,Matchday 3,2024-2025
Sekhukhune United,Chippa United FC,1,1,FINISHED,25/09/2024,1557207,Matchday 3,2024-2025
AmaZulu FC,Kaizer Chiefs,1,3,FINISHED,25/09/2024,1557204,Matchday 3,2024-2025
Golden Arrows,Magesi,0,1,FINISHED,26/09/2024,1557208,Matchday 3,2024-2025
Sekhukhune United,Golden Arrows,2,0,FINISHED,28/09/2024,1557203,Matchday 4,2024-2025
Kaizer Chiefs,Mamelodi Sundowns,1,2,FINISHED,28/09/2024,1557202,Matchday 4,2024-2025
Magesi,Royal AM,0,0,FINISHED,28/09/2024,1557201,Matchday 4,2024-2025
Cape Town City,Siwelele FC,1,0,FINISHED,28/09/2024,1557200,Matchday 4,2024-2025
Marumo Gallants,AmaZulu FC,1,0,FINISHED,28/09/2024,1557257,Matchday 4,2024-2025
Chippa United FC,TS Galaxy,2,1,FINISHED,29/09/2024,1557242,Matchday 4,2024-2025
Richards Bay,Orlando Pirates,0,1,FINISHED,29/09/2024,1557214,Matchday 4,2024-2025
Polokwane City,Stellenbosch,1,1,FINISHED,29/09/2024,1557138,Matchday 4,2024-2025
Orlando Pirates,AmaZulu FC,2,1,FINISHED,25/10/2024,1557255,Matchday 5,2024-2025
Royal AM,Sekhukhune United,2,0,FINISHED,26/10/2024,1557250,Matchday 5,2024-2025
Richards Bay,Stellenbosch,0,0,FINISHED,26/10/2024,1557254,Matchday 5,2024-2025
Marumo Gallants,TS Galaxy,1,1,FINISHED,26/10/2024,1557253,Matchday 5,2024-2025
Siwelele FC,Kaizer Chiefs,1,0,FINISHED,26/10/2024,1557252,Matchday 5,2024-2025
Chippa United FC,Golden Arrows,2,0,FINISHED,26/10/2024,1557251,Matchday 5,2024-2025
Cape Town City,Magesi,0,0,FINISHED,27/10/2024,1557249,Matchday 5,2024-2025
Polokwane City,Mamelodi Sundowns,1,0,FINISHED,27/10/2024,1557248,Matchday 5,2024-2025
AmaZulu FC,Chippa United FC,2,0,FINISHED,29/10/2024,1557247,Matchday 6,2024-2025
Sekhukhune United,Richards Bay,2,0,FINISHED,29/10/2024,1557246,Matchday 6,2024-2025
TS Galaxy,Orlando Pirates,0,2,FINISHED,29/10/2024,1557245,Matchday 6,2024-2025
Mamelodi Sundowns,Cape Town City,3,0,FINISHED,30/10/2024,1557197,Matchday 6,2024-2025
Golden Arrows,Siwelele FC,0,0,FINISHED,30/10/2024,1557226,Matchday 6,2024-2025
Royal AM,Polokwane City,0,1,FINISHED,30/10/2024,1557240,Matchday 6,2024-2025
Magesi,Kaizer Chiefs,2,2,FINISHED,30/10/2024,1557241,Matchday 6,2024-2025
Stellenbosch,Marumo Gallants,1,0,FINISHED,31/10/2024,1557243,Matchday 6,2024-2025
Siwelele FC,Marumo Gallants,0,1,FINISHED,29/11/2024,1557232,Matchday 7,2024-2025
Richards Bay,AmaZulu FC,1,3,FINISHED,30/11/2024,1557239,Matchday 7,2024-2025
Kaizer Chiefs,Royal AM,2,2,FINISHED,30/11/2024,1557236,Matchday 7,2024-2025
Mamelodi Sundowns,Sekhukhune United,3,0,FINISHED,30/11/2024,1557237,Matchday 7,2024-2025
Chippa United FC,Magesi,2,0,FINISHED,30/11/2024,1557234,Matchday 7,2024-2025
Orlando Pirates,Stellenbosch,0,1,FINISHED,01/12/2024,1557233,Matchday 7,2024-2025
Golden Arrows,Cape Town City,3,2,FINISHED,01/12/2024,1557238,Matchday 7,2024-2025
Polokwane City,TS Galaxy,1,1,FINISHED,01/12/2024,1557235,Matchday 7,2024-2025
Sekhukhune United,TS Galaxy,1,3,FINISHED,26/11/2024,1557244,Matchday 8,2024-2025
Chippa United FC,Siwelele FC,0,0,FINISHED,26/11/2024,1557231,Matchday 8,2024-2025
Royal AM,Golden Arrows,2,3,FINISHED,26/11/2024,1557229,Matchday 8,2024-2025
Kaizer Chiefs,Richards Bay,2,1,FINISHED,27/11/2024,1557164,Matchday 8,2024-2025
Cape Town City,Polokwane City,1,0,FINISHED,27/11/2024,1557199,Matchday 8,2024-2025
AmaZulu FC,Mamelodi Sundowns,0,1,FINISHED,24/12/2024,1557165,Matchday 8,2024-2025
Marumo Gallants,Orlando Pirates,2,0,FINISHED,01/03/2025,1557230,Matchday 8,2024-2025
Magesi,Stellenbosch,1,0,FINISHED,29/03/2025,1557152,Matchday 8,2024-2025
Richards Bay,Siwelele FC,0,1,FINISHED,06/12/2024,1557161,Matchday 9,2024-2025
TS Galaxy,AmaZulu FC,1,0,FINISHED,07/12/2024,1557159,Matchday 9,2024-2025
Marumo Gallants,Magesi,3,1,FINISHED,07/12/2024,1557160,Matchday 9,2024-2025
Stellenbosch,Royal AM,,,UPCOMING,07/12/2024,1557163,Matchday 9,2024-2025
Sekhukhune United,Cape Town City,1,0,FINISHED,07/12/2024,1557158,Matchday 9,2024-2025
Polokwane City,Kaizer Chiefs,2,0,FINISHED,08/12/2024,1557156,Matchday 9,2024-2025
Mamelodi Sundowns,Chippa United FC,3,0,FINISHED,07/05/2025,1557157,Matchday 9,2024-2025
Orlando Pirates,Golden Arrows,3,0,FINISHED,13/05/2025,1557162,Matchday 9,2024-2025
AmaZulu FC,Royal AM,2,1,FINISHED,13/12/2024,1557155,Matchday 10,2024-2025
Golden Arrows,Richards Bay,0,1,FINISHED,14/12/2024,1557153,Matchday 10,2024-2025
Chippa United FC,Cape Town City,0,1,FINISHED,14/12/2024,1557168,Matchday 10,2024-2025
Siwelele FC,Magesi,1,0,FINISHED,14/12/2024,1557150,Matchday 10,2024-2025
Polokwane City,Marumo Gallants,1,0,FINISHED,15/12/2024,1557149,Matchday 10,2024-2025
TS Galaxy,Kaizer Chiefs,1,1,FINISHED,16/12/2024,1557148,Matchday 10,2024-2025
Stellenbosch,Mamelodi Sundowns,0,1,FINISHED,18/12/2024,1557151,Matchday 10,2024-2025
Orlando Pirates,Sekhukhune United,0,1,FINISHED,30/04/2025,1557167,Matchday 10,2024-2025
Golden Arrows,Polokwane City,0,0,FINISHED,28/12/2024,1557146,Matchday 11,2024-2025
Richards Bay,Mamelodi Sundowns,0,2,FINISHED,28/12/2024,1557147,Matchday 11,2024-2025
Sekhukhune United,Marumo Gallants,1,0,FINISHED,28/12/2024,1557145,Matchday 11,2024-2025
Siwelele FC,Stellenbosch,1,1,FINISHED,28/12/2024,1557144,Matchday 11,2024-2025
Royal AM,TS Galaxy,1,3,FINISHED,29/12/2024,1557143,Matchday 11,2024-2025
Magesi,Orlando Pirates,0,1,FINISHED,29/12/2024,1557142,Matchday 11,2024-2025
Cape Town City,AmaZulu FC,0,1,FINISHED,29/12/2024,1557141,Matchday 11,2024-2025
Kaizer Chiefs,Chippa United FC,1,0,FINISHED,29/12/2024,1557140,Matchday 11,2024-2025
Orlando Pirates,Siwelele FC,2,0,FINISHED,22/10/2024,1557139,Matchday 12,2024-2025
Chippa United FC,Stellenbosch,0,2,FINISHED,23/10/2024,1557314,Matchday 12,2024-2025
Mamelodi Sundowns,Royal AM,2,1,FINISHED,23/10/2024,1557195,Matchday 12,2024-2025
AmaZulu FC,Golden Arrows,0,0,FINISHED,04/01/2025,1557196,Matchday 12,2024-2025
TS Galaxy,Magesi,0,0,FINISHED,04/01/2025,1557182,Matchday 12,2024-2025
Marumo Gallants,Richards Bay,0,0,FINISHED,04/01/2025,1557194,Matchday 12,2024-2025
Polokwane City,Sekhukhune United,1,1,FINISHED,05/01/2025,1557193,Matchday 12,2024-2025
Cape Town City,Kaizer Chiefs,1,0,FINISHED,05/01/2025,1557192,Matchday 12,2024-2025
Stellenbosch,TS Galaxy,1,1,FINISHED,06/11/2024,1557186,Matchday 13,2024-2025
Magesi,AmaZulu FC,0,1,FINISHED,11/01/2025,1557190,Matchday 13,2024-2025
Marumo Gallants,Cape Town City,1,0,FINISHED,11/01/2025,1557188,Matchday 13,2024-2025
Chippa United FC,Royal AM,,,UPCOMING,11/01/2025,1557187,Matchday 13,2024-2025
Kaizer Chiefs,Golden Arrows,0,1,FINISHED,12/01/2025,1557185,Matchday 13,2024-2025
Siwelele FC,Sekhukhune United,0,3,FINISHED,12/01/2025,1557166,Matchday 13,2024-2025
Mamelodi Sundowns,Orlando Pirates,4,1,FINISHED,08/02/2025,1557189,Matchday 13,2024-2025
Richards Bay,Polokwane City,2,0,FINISHED,08/02/2025,1557191,Matchday 13,2024-2025
Cape Town City,Richards Bay,2,1,FINISHED,17/01/2025,1557181,Matchday 14,2024-2025
Siwelele FC,Polokwane City,0,1,FINISHED,17/01/2025,1557258,Matchday 14,2024-2025
Golden Arrows,TS Galaxy,1,1,FINISHED,18/01/2025,1557180,Matchday 14,2024-2025
Chippa United FC,Marumo Gallants,2,2,FINISHED,18/01/2025,1557178,Matchday 14,2024-2025
Kaizer Chiefs,Sekhukhune United,1,0,FINISHED,19/01/2025,1557177,Matchday 14,2024-2025
Magesi,Mamelodi Sundowns,1,2,FINISHED,22/01/2025,1557179,Matchday 14,2024-2025
AmaZulu FC,Stellenbosch,0,5,FINISHED,23/01/2025,1557176,Matchday 14,2024-2025
Royal AM,Orlando Pirates,,,UPCOMING,23/01/2025,1557183,Matchday 14,2024-2025
Richards Bay,Magesi,0,0,FINISHED,31/01/2025,1557175,Matchday 15,2024-2025
Orlando Pirates,Kaizer Chiefs,1,0,FINISHED,01/02/2025,1557172,Matchday 15,2024-2025
Marumo Gallants,Royal AM,,,UPCOMING,01/02/2025,1557173,Matchday 15,2024-2025
Stellenbosch,Sekhukhune United,1,1,FINISHED,01/02/2025,1557174,Matchday 15,2024-2025
Polokwane City,Chippa United FC,1,0,FINISHED,01/02/2025,1557171,Matchday 15,2024-2025
AmaZulu FC,Siwelele FC,2,1,FINISHED,01/02/2025,1557170,Matchday 15,2024-2025
TS Galaxy,Cape Town City,2,0,FINISHED,02/02/2025,1557169,Matchday 15,2024-2025
Mamelodi Sundowns,Golden Arrows,4,0,FINISHED,02/02/2025,1557184,Matchday 15,2024-2025
Royal AM,Stellenbosch,,,UPCOMING,04/02/2025,1557345,Matchday 16,2024-2025
Richards Bay,Marumo Gallants,2,1,FINISHED,04/02/2025,1557332,Matchday 16,2024-2025
Kaizer Chiefs,AmaZulu FC,2,2,FINISHED,04/02/2025,1557344,Matchday 16,2024-2025
Magesi,Chippa United FC,1,4,FINISHED,05/02/2025,1557318,Matchday 16,2024-2025
Cape Town City,Golden Arrows,1,1,FINISHED,05/02/2025,1557343,Matchday 16,2024-2025
Siwelele FC,Mamelodi Sundowns,0,3,FINISHED,05/02/2025,1557341,Matchday 16,2024-2025
Sekhukhune United,Orlando Pirates,1,2,FINISHED,05/02/2025,1557342,Matchday 16,2024-2025
TS Galaxy,Polokwane City,0,0,FINISHED,05/02/2025,1557340,Matchday 16,2024-2025
Orlando Pirates,Richards Bay,1,0,FINISHED,05/11/2024,1557333,Matchday 17,2024-2025
Mamelodi Sundowns,Polokwane City,2,0,FINISHED,06/11/2024,1557336,Matchday 17,2024-2025
Stellenbosch,Kaizer Chiefs,0,1,FINISHED,07/02/2025,1557338,Matchday 17,2024-2025
AmaZulu FC,Marumo Gallants,2,0,FINISHED,07/02/2025,1557339,Matchday 17,2024-2025
Magesi,Cape Town City,2,0,FINISHED,08/02/2025,1557337,Matchday 17,2024-2025
TS Galaxy,Chippa United FC,1,0,FINISHED,08/02/2025,1557335,Matchday 17,2024-2025
Sekhukhune United,Siwelele FC,1,1,FINISHED,09/02/2025,1557348,Matchday 17,2024-2025
Golden Arrows,Royal AM,,,UPCOMING,09/02/2025,1557347,Matchday 17,2024-2025
Richards Bay,Royal AM,,,UPCOMING,18/02/2025,1557328,Matchday 18,2024-2025
Polokwane City,Magesi,0,1,FINISHED,18/02/2025,1557329,Matchday 18,2024-2025
Kaizer Chiefs,Siwelele FC,1,4,FINISHED,18/02/2025,1557331,Matchday 18,2024-2025
Cape Town City,Chippa United FC,0,2,FINISHED,18/02/2025,1557330,Matchday 18,2024-2025
TS Galaxy,Stellenbosch,2,3,FINISHED,18/02/2025,1557327,Matchday 18,2024-2025
Sekhukhune United,AmaZulu FC,4,2,FINISHED,19/02/2025,1557326,Matchday 18,2024-2025
Marumo Gallants,Mamelodi Sundowns,1,3,FINISHED,19/02/2025,1557325,Matchday 18,2024-2025
Golden Arrows,Orlando Pirates,1,2,FINISHED,06/05/2025,1557324,Matchday 18,2024-2025
Royal AM,Kaizer Chiefs,,,UPCOMING,21/02/2025,1557322,Matchday 19,2024-2025
Stellenbosch,Richards Bay,1,1,FINISHED,21/02/2025,1557323,Matchday 19,2024-2025
Orlando Pirates,Cape Town City,2,1,FINISHED,22/02/2025,1557321,Matchday 19,2024-2025
Chippa United FC,Sekhukhune United,0,1,FINISHED,22/02/2025,1557320,Matchday 19,2024-2025
Mamelodi Sundowns,TS Galaxy,4,1,FINISHED,22/02/2025,1557256,Matchday 19,2024-2025
AmaZulu FC,Magesi,3,0,FINISHED,22/02/2025,1557334,Matchday 19,2024-2025
Marumo Gallants,Polokwane City,0,0,FINISHED,23/02/2025,1557362,Matchday 19,2024-2025
Siwelele FC,Golden Arrows,1,1,FINISHED,29/05/2025,1557376,Matchday 19,2024-2025
Orlando Pirates,Marumo Gallants,8,1,FINISHED,24/12/2024,1557375,Matchday 20,2024-2025
Stellenbosch,Polokwane City,1,1,FINISHED,28/02/2025,1557374,Matchday 20,2024-2025
Magesi,Siwelele FC,1,0,FINISHED,01/03/2025,1557373,Matchday 20,2024-2025
Mamelodi Sundowns,Kaizer Chiefs,1,0,FINISHED,01/03/2025,1557372,Matchday 20,2024-2025
TS Galaxy,Golden Arrows,2,0,FINISHED,01/03/2025,1557371,Matchday 20,2024-2025
Richards Bay,Chippa United FC,0,0,FINISHED,01/03/2025,1557370,Matchday 20,2024-2025
AmaZulu FC,Cape Town City,2,0,FINISHED,02/03/2025,1557368,Matchday 20,2024-2025
Sekhukhune United,Royal AM,,,UPCOMING,02/03/2025,1557369,Matchday 20,2024-2025
Kaizer Chiefs,Magesi,1,0,FINISHED,04/03/2025,1557366,Matchday 21,2024-2025
Marumo Gallants,Stellenbosch,0,1,FINISHED,04/03/2025,1557367,Matchday 21,2024-2025
Polokwane City,Royal AM,,,UPCOMING,05/03/2025,1557363,Matchday 21,2024-2025
Richards Bay,Sekhukhune United,2,1,FINISHED,05/03/2025,1557317,Matchday 21,2024-2025
Chippa United FC,Orlando Pirates,0,1,FINISHED,05/03/2025,1557361,Matchday 21,2024-2025
Siwelele FC,AmaZulu FC,0,0,FINISHED,05/03/2025,1557365,Matchday 21,2024-2025
Cape Town City,TS Galaxy,1,1,FINISHED,05/03/2025,1557360,Matchday 21,2024-2025
Golden Arrows,Mamelodi Sundowns,1,1,FINISHED,05/03/2025,1557346,Matchday 21,2024-2025
Royal AM,Chippa United FC,,,UPCOMING,11/03/2025,1557356,Matchday 22,2024-2025
Stellenbosch,Orlando Pirates,0,0,FINISHED,11/03/2025,1557357,Matchday 22,2024-2025
Mamelodi Sundowns,AmaZulu FC,2,0,FINISHED,11/03/2025,1557358,Matchday 22,2024-2025
TS Galaxy,Siwelele FC,3,1,FINISHED,11/03/2025,1557359,Matchday 22,2024-2025
Magesi,Richards Bay,1,0,FINISHED,11/03/2025,1557355,Matchday 22,2024-2025
Kaizer Chiefs,Cape Town City,0,0,FINISHED,12/03/2025,1557354,Matchday 22,2024-2025
Polokwane City,Golden Arrows,0,1,FINISHED,12/03/2025,1557352,Matchday 22,2024-2025
Marumo Gallants,Sekhukhune United,1,2,FINISHED,12/03/2025,1557353,Matchday 22,2024-2025
Royal AM,Siwelele FC,,,UPCOMING,14/03/2025,1557351,Matchday 23,2024-2025
AmaZulu FC,TS Galaxy,1,2,FINISHED,14/03/2025,1557350,Matchday 23,2024-2025
Magesi,Golden Arrows,1,0,FINISHED,15/03/2025,1557349,Matchday 23,2024-2025
Cape Town City,Marumo Gallants,0,1,FINISHED,15/03/2025,1557364,Matchday 23,2024-2025
Chippa United FC,Polokwane City,2,0,FINISHED,15/03/2025,1557319,Matchday 23,2024-2025
Richards Bay,Kaizer Chiefs,2,0,FINISHED,16/03/2025,1557285,Matchday 23,2024-2025
Orlando Pirates,Mamelodi Sundowns,2,1,FINISHED,16/03/2025,1557272,Matchday 23,2024-2025
Sekhukhune United,Stellenbosch,1,2,FINISHED,16/03/2025,1557284,Matchday 23,2024-2025
Stellenbosch,Magesi,2,1,FINISHED,25/02/2025,1557280,Matchday 24,2024-2025
Sekhukhune United,Mamelodi Sundowns,2,4,FINISHED,26/02/2025,1557281,Matchday 24,2024-2025
Golden Arrows,Kaizer Chiefs,2,1,FINISHED,29/03/2025,1557278,Matchday 24,2024-2025
Chippa United FC,AmaZulu FC,2,1,FINISHED,29/03/2025,1557283,Matchday 24,2024-2025
Orlando Pirates,Royal AM,,,UPCOMING,29/03/2025,1557282,Matchday 24,2024-2025
Polokwane City,Richards Bay,3,1,FINISHED,30/03/2025,1557279,Matchday 24,2024-2025
TS Galaxy,Marumo Gallants,1,2,FINISHED,30/03/2025,1557276,Matchday 24,2024-2025
Siwelele FC,Cape Town City,0,0,FINISHED,30/03/2025,1557277,Matchday 24,2024-2025
AmaZulu FC,Richards Bay,1,0,FINISHED,04/04/2025,1557275,Matchday 25,2024-2025
Polokwane City,Orlando Pirates,0,1,FINISHED,05/04/2025,1557269,Matchday 25,2024-2025
Golden Arrows,Chippa United FC,0,0,FINISHED,05/04/2025,1557288,Matchday 25,2024-2025
Marumo Gallants,Siwelele FC,1,1,FINISHED,05/04/2025,1557273,Matchday 25,2024-2025
Kaizer Chiefs,TS Galaxy,1,1,FINISHED,05/04/2025,1557287,Matchday 25,2024-2025
Royal AM,Magesi,,,UPCOMING,05/04/2025,1557270,Matchday 25,2024-2025
Cape Town City,Sekhukhune United,1,2,FINISHED,06/04/2025,1557268,Matchday 25,2024-2025
Mamelodi Sundowns,Stellenbosch,3,0,FINISHED,11/05/2025,1557271,Matchday 25,2024-2025
Stellenbosch,AmaZulu FC,1,0,FINISHED,15/04/2025,1557262,Matchday 26,2024-2025
Royal AM,Mamelodi Sundowns,,,UPCOMING,18/04/2025,1557267,Matchday 26,2024-2025
Richards Bay,Cape Town City,1,0,FINISHED,18/04/2025,1557266,Matchday 26,2024-2025
Marumo Gallants,Golden Arrows,1,1,FINISHED,19/04/2025,1557265,Matchday 26,2024-2025
Chippa United FC,Kaizer Chiefs,0,0,FINISHED,19/04/2025,1557264,Matchday 26,2024-2025
Sekhukhune United,Polokwane City,2,0,FINISHED,19/04/2025,1557263,Matchday 26,2024-2025
Magesi,TS Galaxy,2,1,FINISHED,20/04/2025,1557261,Matchday 26,2024-2025
Siwelele FC,Orlando Pirates,0,1,FINISHED,20/05/2025,1557260,Matchday 26,2024-2025
Kaizer Chiefs,Marumo Gallants,1,2,FINISHED,26/04/2025,1557274,Matchday 27,2024-2025
Golden Arrows,AmaZulu FC,0,1,FINISHED,26/04/2025,1557313,Matchday 27,2024-2025
Polokwane City,Siwelele FC,1,1,FINISHED,26/04/2025,1557302,Matchday 27,2024-2025
Cape Town City,Royal AM,,,UPCOMING,26/04/2025,1557316,Matchday 27,2024-2025
TS Galaxy,Sekhukhune United,1,1,FINISHED,27/04/2025,1557312,Matchday 27,2024-2025
Mamelodi Sundowns,Richards Bay,3,0,FINISHED,30/04/2025,1557315,Matchday 27,2024-2025
Stellenbosch,Chippa United FC,1,0,FINISHED,30/04/2025,1557154,Matchday 27,2024-2025
Orlando Pirates,Magesi,1,1,FINISHED,28/05/2025,1557259,Matchday 27,2024-2025
Royal AM,Marumo Gallants,,,UPCOMING,02/05/2025,1557311,Matchday 28,2024-2025
AmaZulu FC,Polokwane City,1,1,FINISHED,02/05/2025,1557310,Matchday 28,2024-2025
Golden Arrows,Stellenbosch,0,3,FINISHED,03/05/2025,1557305,Matchday 28,2024-2025
Kaizer Chiefs,Orlando Pirates,1,2,FINISHED,03/05/2025,1557309,Matchday 28,2024-2025
Magesi,Sekhukhune United,1,1,FINISHED,03/05/2025,1557307,Matchday 28,2024-2025
Siwelele FC,Chippa United FC,2,0,FINISHED,03/05/2025,1557308,Matchday 28,2024-2025
Cape Town City,Mamelodi Sundowns,0,2,FINISHED,03/05/2025,1557286,Matchday 28,2024-2025
TS Galaxy,Richards Bay,0,1,FINISHED,04/05/2025,1557306,Matchday 28,2024-2025
Polokwane City,Cape Town City,0,2,FINISHED,17/05/2025,1557299,Matchday 29,2024-2025
Richards Bay,Golden Arrows,0,0,FINISHED,17/05/2025,1557298,Matchday 29,2024-2025
Marumo Gallants,Chippa United FC,1,1,FINISHED,17/05/2025,1557301,Matchday 29,2024-2025
Sekhukhune United,Kaizer Chiefs,1,1,FINISHED,17/05/2025,1557377,Matchday 29,2024-2025
Orlando Pirates,TS Galaxy,1,1,FINISHED,17/05/2025,1557300,Matchday 29,2024-2025
Stellenbosch,Siwelele FC,2,1,FINISHED,17/05/2025,1557297,Matchday 29,2024-2025
Royal AM,AmaZulu FC,,,UPCOMING,17/05/2025,1557303,Matchday 29,2024-2025
Mamelodi Sundowns,Magesi,2,0,FINISHED,18/05/2025,1557296,Matchday 29,2024-2025
Chippa United FC,Mamelodi Sundowns,0,3,FINISHED,14/05/2025,1557292,Matchday 30,2024-2025
AmaZulu FC,Orlando Pirates,1,1,FINISHED,24/05/2025,1557304,Matchday 30,2024-2025
Siwelele FC,Richards Bay,0,2,FINISHED,24/05/2025,1557289,Matchday 30,2024-2025
Cape Town City,Stellenbosch,0,0,FINISHED,24/05/2025,1557294,Matchday 30,2024-2025
Golden Arrows,Sekhukhune United,3,2,FINISHED,24/05/2025,1557295,Matchday 30,2024-2025
Kaizer Chiefs,Polokwane City,0,0,FINISHED,24/05/2025,1557291,Matchday 30,2024-2025
Magesi,Marumo Gallants,1,1,FINISHED,24/05/2025,1557290,Matchday 30,2024-2025
TS Galaxy,Royal AM,,,UPCOMING,24/05/2025,1557293,Matchday 30,2024-2025
Sekhukhune United,Mamelodi Sundowns,1,2,FINISHED,04/08/2023,1455696,Matchday 1,2023-2024
Siwelele FC,Richards Bay,2,0,FINISHED,05/08/2023,1455707,Matchday 1,2023-2024
Golden Arrows,Swallows FC,1,1,FINISHED,05/08/2023,1455682,Matchday 1,2023-2024
Royal AM,AmaZulu FC,0,0,FINISHED,05/08/2023,1455709,Matchday 1,2023-2024
Stellenbosch,Orlando Pirates,1,0,FINISHED,05/08/2023,1455708,Matchday 1,2023-2024
TS Galaxy,Cape Town Spurs,1,0,FINISHED,06/08/2023,1455705,Matchday 1,2023-2024
Kaizer Chiefs,Chippa United FC,0,0,FINISHED,06/08/2023,1455706,Matchday 1,2023-2024
Cape Town City,Polokwane City,1,0,FINISHED,06/08/2023,1455704,Matchday 1,2023-2024
Richards Bay,Golden Arrows,1,2,FINISHED,08/08/2023,1455703,Matchday 2,2023-2024
Orlando Pirates,Royal AM,4,2,FINISHED,08/08/2023,1455702,Matchday 2,2023-2024
Swallows FC,Cape Town City,0,1,FINISHED,09/08/2023,1455701,Matchday 2,2023-2024
Mamelodi Sundowns,Kaizer Chiefs,2,1,FINISHED,09/08/2023,1455700,Matchday 2,2023-2024
AmaZulu FC,Siwelele FC,0,0,FINISHED,09/08/2023,1455699,Matchday 2,2023-2024
Polokwane City,Stellenbosch,1,0,FINISHED,09/08/2023,1455697,Matchday 2,2023-2024
Cape Town Spurs,Sekhukhune United,0,2,FINISHED,09/08/2023,1455712,Matchday 2,2023-2024
Chippa United FC,TS Galaxy,0,0,FINISHED,09/08/2023,1455711,Matchday 2,2023-2024
Mamelodi Sundowns,Golden Arrows,4,0,FINISHED,15/08/2023,1455690,Matchday 3,2023-2024
Chippa United FC,Orlando Pirates,1,1,FINISHED,15/08/2023,1455691,Matchday 3,2023-2024
Sekhukhune United,Swallows FC,1,2,FINISHED,16/08/2023,1455688,Matchday 3,2023-2024
Siwelele FC,Cape Town City,1,0,FINISHED,18/08/2023,1455693,Matchday 3,2023-2024
Royal AM,Stellenbosch,1,3,FINISHED,18/08/2023,1455695,Matchday 3,2023-2024
Polokwane City,Cape Town Spurs,3,1,FINISHED,19/08/2023,1455694,Matchday 3,2023-2024
AmaZulu FC,Richards Bay,0,0,FINISHED,19/08/2023,1455692,Matchday 3,2023-2024
TS Galaxy,Kaizer Chiefs,1,0,FINISHED,20/08/2023,1455689,Matchday 3,2023-2024
Richards Bay,Mamelodi Sundowns,0,1,FINISHED,23/08/2023,1455741,Matchday 4,2023-2024
Cape Town City,Sekhukhune United,0,1,FINISHED,23/08/2023,1455685,Matchday 4,2023-2024
Cape Town Spurs,Chippa United FC,0,1,FINISHED,25/08/2023,1455687,Matchday 4,2023-2024
Golden Arrows,Polokwane City,3,2,FINISHED,26/08/2023,1455686,Matchday 4,2023-2024
Kaizer Chiefs,AmaZulu FC,3,0,FINISHED,26/08/2023,1455684,Matchday 4,2023-2024
Stellenbosch,Siwelele FC,1,2,FINISHED,26/08/2023,1455622,Matchday 4,2023-2024
Royal AM,TS Galaxy,1,0,FINISHED,27/08/2023,1455698,Matchday 4,2023-2024
Orlando Pirates,Swallows FC,2,0,FINISHED,05/12/2023,1455726,Matchday 4,2023-2024
Siwelele FC,Golden Arrows,0,3,FINISHED,29/08/2023,1455739,Matchday 5,2023-2024
Orlando Pirates,Cape Town City,2,0,FINISHED,29/08/2023,1455738,Matchday 5,2023-2024
Polokwane City,Mamelodi Sundowns,0,2,FINISHED,30/08/2023,1455736,Matchday 5,2023-2024
Stellenbosch,Kaizer Chiefs,0,2,FINISHED,30/08/2023,1455734,Matchday 5,2023-2024
Chippa United FC,Royal AM,2,3,FINISHED,30/08/2023,1455735,Matchday 5,2023-2024
AmaZulu FC,TS Galaxy,1,0,FINISHED,30/08/2023,1455732,Matchday 5,2023-2024
Richards Bay,Sekhukhune United,1,1,FINISHED,30/08/2023,1455737,Matchday 5,2023-2024
Swallows FC,Cape Town Spurs,3,1,FINISHED,30/08/2023,1455733,Matchday 5,2023-2024
Chippa United FC,Mamelodi Sundowns,0,2,FINISHED,19/08/2023,1455729,Matchday 6,2023-2024
Swallows FC,Richards Bay,0,1,FINISHED,15/09/2023,1455731,Matchday 6,2023-2024
Golden Arrows,Stellenbosch,0,0,FINISHED,16/09/2023,1455730,Matchday 6,2023-2024
Kaizer Chiefs,Royal AM,0,0,FINISHED,16/09/2023,1455681,Matchday 6,2023-2024
AmaZulu FC,Cape Town City,3,2,FINISHED,17/09/2023,1455724,Matchday 6,2023-2024
Sekhukhune United,Polokwane City,0,0,FINISHED,08/10/2023,1455725,Matchday 6,2023-2024
TS Galaxy,Siwelele FC,2,3,FINISHED,01/11/2023,1455710,Matchday 6,2023-2024
Cape Town Spurs,Orlando Pirates,2,1,FINISHED,01/11/2023,1455727,Matchday 6,2023-2024
Stellenbosch,Swallows FC,0,2,FINISHED,19/09/2023,1455720,Matchday 7,2023-2024
Richards Bay,Chippa United FC,1,2,FINISHED,19/09/2023,1455721,Matchday 7,2023-2024
Cape Town Spurs,Golden Arrows,1,2,FINISHED,19/09/2023,1455723,Matchday 7,2023-2024
Royal AM,Sekhukhune United,0,1,FINISHED,20/09/2023,1455718,Matchday 7,2023-2024
Siwelele FC,Kaizer Chiefs,1,0,FINISHED,20/09/2023,1455717,Matchday 7,2023-2024
Orlando Pirates,Mamelodi Sundowns,0,1,FINISHED,20/09/2023,1455722,Matchday 7,2023-2024
TS Galaxy,Cape Town City,0,0,FINISHED,20/09/2023,1455719,Matchday 7,2023-2024
Polokwane City,AmaZulu FC,0,0,FINISHED,25/09/2023,1455716,Matchday 7,2023-2024
Chippa United FC,Siwelele FC,1,0,FINISHED,26/09/2023,1455683,Matchday 8,2023-2024
Kaizer Chiefs,Sekhukhune United,2,1,FINISHED,27/09/2023,1455728,Matchday 8,2023-2024
Mamelodi Sundowns,Stellenbosch,3,1,FINISHED,27/09/2023,1455636,Matchday 8,2023-2024
Swallows FC,AmaZulu FC,2,1,FINISHED,29/09/2023,1455715,Matchday 8,2023-2024
Cape Town City,Cape Town Spurs,3,1,FINISHED,30/09/2023,1455714,Matchday 8,2023-2024
Polokwane City,Royal AM,1,0,FINISHED,30/09/2023,1455713,Matchday 8,2023-2024
TS Galaxy,Richards Bay,1,1,FINISHED,01/10/2023,1455648,Matchday 8,2023-2024
Golden Arrows,Orlando Pirates,1,2,FINISHED,17/12/2023,1455649,Matchday 8,2023-2024
Kaizer Chiefs,Cape Town City,0,1,FINISHED,03/10/2023,1455646,Matchday 9,2023-2024
Swallows FC,Chippa United FC,0,0,FINISHED,04/10/2023,1455645,Matchday 9,2023-2024
Cape Town Spurs,Siwelele FC,1,2,FINISHED,04/10/2023,1455643,Matchday 9,2023-2024
Richards Bay,Polokwane City,0,1,FINISHED,04/10/2023,1455642,Matchday 9,2023-2024
Stellenbosch,TS Galaxy,3,0,FINISHED,04/10/2023,1455640,Matchday 9,2023-2024
Sekhukhune United,Golden Arrows,0,1,FINISHED,05/10/2023,1455641,Matchday 9,2023-2024
AmaZulu FC,Orlando Pirates,0,0,FINISHED,24/10/2023,1455644,Matchday 9,2023-2024
Royal AM,Mamelodi Sundowns,0,2,FINISHED,14/05/2024,1455647,Matchday 9,2023-2024
Siwelele FC,Royal AM,3,1,FINISHED,26/10/2023,1455632,Matchday 10,2023-2024
Orlando Pirates,Polokwane City,1,1,FINISHED,27/10/2023,1455639,Matchday 10,2023-2024
Golden Arrows,Kaizer Chiefs,2,1,FINISHED,28/10/2023,1455652,Matchday 10,2023-2024
Chippa United FC,AmaZulu FC,1,1,FINISHED,28/10/2023,1455637,Matchday 10,2023-2024
TS Galaxy,Sekhukhune United,2,0,FINISHED,29/10/2023,1455633,Matchday 10,2023-2024
Richards Bay,Cape Town City,1,3,FINISHED,29/10/2023,1455634,Matchday 10,2023-2024
Cape Town Spurs,Stellenbosch,0,3,FINISHED,28/11/2023,1455651,Matchday 10,2023-2024
Mamelodi Sundowns,Swallows FC,3,0,FINISHED,27/12/2023,1455635,Matchday 10,2023-2024
Stellenbosch,Richards Bay,2,1,FINISHED,07/11/2023,1455628,Matchday 11,2023-2024
Orlando Pirates,Sekhukhune United,1,0,FINISHED,07/11/2023,1455630,Matchday 11,2023-2024
Cape Town City,Chippa United FC,2,1,FINISHED,07/11/2023,1455631,Matchday 11,2023-2024
Royal AM,Golden Arrows,1,0,FINISHED,07/11/2023,1455629,Matchday 11,2023-2024
Kaizer Chiefs,Cape Town Spurs,3,2,FINISHED,08/11/2023,1455626,Matchday 11,2023-2024
Polokwane City,Siwelele FC,1,1,FINISHED,08/11/2023,1455625,Matchday 11,2023-2024
Swallows FC,TS Galaxy,1,0,FINISHED,08/11/2023,1455624,Matchday 11,2023-2024
AmaZulu FC,Mamelodi Sundowns,0,1,FINISHED,06/12/2023,1455627,Matchday 11,2023-2024
Cape Town City,Royal AM,2,0,FINISHED,10/11/2023,1455623,Matchday 12,2023-2024
Kaizer Chiefs,Orlando Pirates,0,1,FINISHED,11/11/2023,1455638,Matchday 12,2023-2024
Polokwane City,Swallows FC,0,0,FINISHED,11/11/2023,1455666,Matchday 12,2023-2024
Chippa United FC,Stellenbosch,0,0,FINISHED,11/11/2023,1455680,Matchday 12,2023-2024
Golden Arrows,AmaZulu FC,1,3,FINISHED,12/11/2023,1455679,Matchday 12,2023-2024
Richards Bay,Cape Town Spurs,1,0,FINISHED,12/11/2023,1455678,Matchday 12,2023-2024
Sekhukhune United,Siwelele FC,2,1,FINISHED,12/11/2023,1455676,Matchday 12,2023-2024
Mamelodi Sundowns,TS Galaxy,3,0,FINISHED,29/04/2024,1455677,Matchday 12,2023-2024
Richards Bay,Orlando Pirates,0,0,FINISHED,25/11/2023,1455674,Matchday 13,2023-2024
AmaZulu FC,Stellenbosch,0,1,FINISHED,25/11/2023,1455675,Matchday 13,2023-2024
Cape Town Spurs,Royal AM,1,2,FINISHED,25/11/2023,1455673,Matchday 13,2023-2024
TS Galaxy,Polokwane City,3,0,FINISHED,26/11/2023,1455669,Matchday 13,2023-2024
Swallows FC,Kaizer Chiefs,0,1,FINISHED,26/11/2023,1455670,Matchday 13,2023-2024
Golden Arrows,Cape Town City,0,1,FINISHED,26/11/2023,1455650,Matchday 13,2023-2024
Siwelele FC,Mamelodi Sundowns,0,2,FINISHED,29/11/2023,1455671,Matchday 13,2023-2024
Sekhukhune United,Chippa United FC,2,0,FINISHED,06/12/2023,1455672,Matchday 13,2023-2024
Stellenbosch,Cape Town City,1,0,FINISHED,08/12/2023,1455667,Matchday 14,2023-2024
Polokwane City,Kaizer Chiefs,0,1,FINISHED,09/12/2023,1455742,Matchday 14,2023-2024
Chippa United FC,Golden Arrows,2,0,FINISHED,09/12/2023,1455663,Matchday 14,2023-2024
Orlando Pirates,TS Galaxy,1,0,FINISHED,09/12/2023,1455661,Matchday 14,2023-2024
Royal AM,Richards Bay,3,2,FINISHED,10/12/2023,1455660,Matchday 14,2023-2024
Mamelodi Sundowns,Cape Town Spurs,3,0,FINISHED,13/12/2023,1455662,Matchday 14,2023-2024
AmaZulu FC,Sekhukhune United,1,0,FINISHED,13/12/2023,1455664,Matchday 14,2023-2024
Swallows FC,Siwelele FC,1,2,FINISHED,15/12/2023,1455665,Matchday 14,2023-2024
AmaZulu FC,Cape Town Spurs,1,1,FINISHED,22/12/2023,1455658,Matchday 15,2023-2024
Chippa United FC,Polokwane City,1,2,FINISHED,23/12/2023,1455657,Matchday 15,2023-2024
Royal AM,Swallows FC,0,0,FINISHED,23/12/2023,1455654,Matchday 15,2023-2024
Golden Arrows,TS Galaxy,0,2,FINISHED,23/12/2023,1455656,Matchday 15,2023-2024
Kaizer Chiefs,Richards Bay,1,0,FINISHED,23/12/2023,1455655,Matchday 15,2023-2024
Siwelele FC,Orlando Pirates,3,1,FINISHED,23/12/2023,1455653,Matchday 15,2023-2024
Cape Town City,Mamelodi Sundowns,0,0,FINISHED,24/12/2023,1455668,Matchday 15,2023-2024
Sekhukhune United,Stellenbosch,1,1,FINISHED,17/04/2024,1455659,Matchday 15,2023-2024
AmaZulu FC,Royal AM,3,0,FINISHED,29/12/2023,1455802,Matchday 16,2023-2024
Orlando Pirates,Stellenbosch,2,3,FINISHED,29/12/2023,1455829,Matchday 16,2023-2024
Richards Bay,Siwelele FC,3,1,FINISHED,30/12/2023,1455827,Matchday 16,2023-2024
Swallows FC,Golden Arrows,0,3,FINISHED,30/12/2023,1455816,Matchday 16,2023-2024
TS Galaxy,Chippa United FC,2,0,FINISHED,30/12/2023,1455826,Matchday 16,2023-2024
Mamelodi Sundowns,Polokwane City,0,0,FINISHED,30/12/2023,1455825,Matchday 16,2023-2024
Sekhukhune United,Kaizer Chiefs,1,1,FINISHED,30/12/2023,1455824,Matchday 16,2023-2024
Cape Town Spurs,Cape Town City,0,2,FINISHED,31/12/2023,1455828,Matchday 16,2023-2024
Royal AM,Cape Town Spurs,0,1,FINISHED,07/05/2024,1455832,Matchday 17,2023-2024
Kaizer Chiefs,TS Galaxy,2,2,FINISHED,07/05/2024,1455822,Matchday 17,2023-2024
Cape Town City,Swallows FC,2,0,FINISHED,07/05/2024,1455823,Matchday 17,2023-2024
Siwelele FC,Sekhukhune United,1,1,FINISHED,07/05/2024,1455820,Matchday 17,2023-2024
Orlando Pirates,Chippa United FC,2,0,FINISHED,08/05/2024,1455831,Matchday 17,2023-2024
Polokwane City,Richards Bay,0,0,FINISHED,08/05/2024,1455817,Matchday 17,2023-2024
Stellenbosch,AmaZulu FC,0,0,FINISHED,08/05/2024,1455821,Matchday 17,2023-2024
Golden Arrows,Mamelodi Sundowns,0,0,FINISHED,08/05/2024,1455819,Matchday 17,2023-2024
Siwelele FC,Stellenbosch,1,1,FINISHED,16/02/2024,1455815,Matchday 18,2023-2024
Chippa United FC,Cape Town City,1,1,FINISHED,17/02/2024,1455814,Matchday 18,2023-2024
Swallows FC,Polokwane City,0,1,FINISHED,17/02/2024,1455813,Matchday 18,2023-2024
Sekhukhune United,Richards Bay,3,1,FINISHED,17/02/2024,1455811,Matchday 18,2023-2024
Cape Town Spurs,AmaZulu FC,3,1,FINISHED,17/02/2024,1455812,Matchday 18,2023-2024
Mamelodi Sundowns,Orlando Pirates,1,1,FINISHED,17/02/2024,1455810,Matchday 18,2023-2024
Royal AM,Kaizer Chiefs,0,0,FINISHED,18/02/2024,1455809,Matchday 18,2023-2024
TS Galaxy,Golden Arrows,3,1,FINISHED,18/02/2024,1455808,Matchday 18,2023-2024
Mamelodi Sundowns,AmaZulu FC,3,0,FINISHED,27/02/2024,1455818,Matchday 19,2023-2024
Cape Town City,Siwelele FC,1,1,FINISHED,28/02/2024,1455804,Matchday 19,2023-2024
Golden Arrows,Sekhukhune United,0,1,FINISHED,28/02/2024,1455806,Matchday 19,2023-2024
Stellenbosch,Chippa United FC,1,1,FINISHED,01/03/2024,1455807,Matchday 19,2023-2024
Polokwane City,Orlando Pirates,0,1,FINISHED,02/03/2024,1455805,Matchday 19,2023-2024
Kaizer Chiefs,Swallows FC,0,0,FINISHED,02/03/2024,1455740,Matchday 19,2023-2024
Richards Bay,Royal AM,1,2,FINISHED,02/03/2024,1455860,Matchday 19,2023-2024
Cape Town Spurs,TS Galaxy,2,0,FINISHED,03/03/2024,1455846,Matchday 19,2023-2024
Cape Town City,Stellenbosch,0,1,FINISHED,05/03/2024,1455858,Matchday 20,2023-2024
AmaZulu FC,Swallows FC,1,1,FINISHED,05/03/2024,1455859,Matchday 20,2023-2024
Kaizer Chiefs,Golden Arrows,1,0,FINISHED,05/03/2024,1455857,Matchday 20,2023-2024
Sekhukhune United,Royal AM,1,0,FINISHED,06/03/2024,1455854,Matchday 20,2023-2024
Chippa United FC,Richards Bay,3,0,FINISHED,06/03/2024,1455856,Matchday 20,2023-2024
Orlando Pirates,Cape Town Spurs,1,1,FINISHED,06/03/2024,1455855,Matchday 20,2023-2024
Siwelele FC,Polokwane City,1,1,FINISHED,17/04/2024,1455853,Matchday 20,2023-2024
TS Galaxy,Mamelodi Sundowns,1,1,FINISHED,21/05/2024,1455852,Matchday 20,2023-2024
Orlando Pirates,Kaizer Chiefs,3,2,FINISHED,09/03/2024,1455851,Matchday 21,2023-2024
Siwelele FC,AmaZulu FC,1,1,FINISHED,09/03/2024,1455830,Matchday 21,2023-2024
Stellenbosch,Cape Town Spurs,1,1,FINISHED,09/03/2024,1455849,Matchday 21,2023-2024
Swallows FC,Sekhukhune United,1,4,FINISHED,09/03/2024,1455847,Matchday 21,2023-2024
Mamelodi Sundowns,Chippa United FC,2,0,FINISHED,09/03/2024,1455850,Matchday 21,2023-2024
Richards Bay,TS Galaxy,0,0,FINISHED,09/03/2024,1455801,Matchday 21,2023-2024
Polokwane City,Golden Arrows,0,1,FINISHED,10/03/2024,1455845,Matchday 21,2023-2024
Royal AM,Cape Town City,2,0,FINISHED,10/03/2024,1455844,Matchday 21,2023-2024
Mamelodi Sundowns,Siwelele FC,1,1,FINISHED,12/03/2024,1455838,Matchday 22,2023-2024
Polokwane City,Chippa United FC,1,0,FINISHED,30/03/2024,1455842,Matchday 22,2023-2024
Stellenbosch,Royal AM,3,0,FINISHED,30/03/2024,1455841,Matchday 22,2023-2024
Cape Town City,Kaizer Chiefs,0,0,FINISHED,30/03/2024,1455843,Matchday 22,2023-2024
Golden Arrows,Richards Bay,2,1,FINISHED,30/03/2024,1455836,Matchday 22,2023-2024
TS Galaxy,AmaZulu FC,2,0,FINISHED,30/03/2024,1455840,Matchday 22,2023-2024
Sekhukhune United,Orlando Pirates,2,1,FINISHED,30/03/2024,1455839,Matchday 22,2023-2024
Cape Town Spurs,Swallows FC,0,1,FINISHED,31/03/2024,1455837,Matchday 22,2023-2024
Mamelodi Sundowns,Richards Bay,1,0,FINISHED,02/04/2024,1455803,Matchday 23,2023-2024
Kaizer Chiefs,Stellenbosch,0,1,FINISHED,02/04/2024,1455834,Matchday 23,2023-2024
Sekhukhune United,Cape Town City,2,2,FINISHED,02/04/2024,1455833,Matchday 23,2023-2024
AmaZulu FC,Polokwane City,0,0,FINISHED,02/04/2024,1455835,Matchday 23,2023-2024
TS Galaxy,Royal AM,3,0,FINISHED,03/04/2024,1455768,Matchday 23,2023-2024
Golden Arrows,Siwelele FC,2,2,FINISHED,03/04/2024,1455756,Matchday 23,2023-2024
Swallows FC,Orlando Pirates,1,1,FINISHED,03/04/2024,1455769,Matchday 23,2023-2024
Chippa United FC,Cape Town Spurs,2,0,FINISHED,03/04/2024,1455848,Matchday 23,2023-2024
Richards Bay,Swallows FC,1,0,FINISHED,06/04/2024,1455765,Matchday 24,2023-2024
Chippa United FC,Kaizer Chiefs,2,0,FINISHED,06/04/2024,1455766,Matchday 24,2023-2024
Stellenbosch,Sekhukhune United,0,0,FINISHED,06/04/2024,1455767,Matchday 24,2023-2024
Orlando Pirates,Golden Arrows,7,1,FINISHED,06/04/2024,1455764,Matchday 24,2023-2024
Siwelele FC,TS Galaxy,0,1,FINISHED,06/04/2024,1455763,Matchday 24,2023-2024
Cape Town City,AmaZulu FC,0,1,FINISHED,07/04/2024,1455760,Matchday 24,2023-2024
Royal AM,Polokwane City,3,2,FINISHED,07/04/2024,1455761,Matchday 24,2023-2024
Cape Town Spurs,Mamelodi Sundowns,0,1,FINISHED,09/04/2024,1455762,Matchday 24,2023-2024
Swallows FC,Mamelodi Sundowns,2,2,FINISHED,15/04/2024,1455757,Matchday 25,2023-2024
Golden Arrows,Royal AM,1,1,FINISHED,20/04/2024,1455759,Matchday 25,2023-2024
Sekhukhune United,Cape Town Spurs,1,0,FINISHED,20/04/2024,1455755,Matchday 25,2023-2024
Orlando Pirates,AmaZulu FC,1,0,FINISHED,20/04/2024,1455772,Matchday 25,2023-2024
Siwelele FC,Chippa United FC,0,2,FINISHED,20/04/2024,1455754,Matchday 25,2023-2024
Richards Bay,Kaizer Chiefs,1,0,FINISHED,21/04/2024,1455771,Matchday 25,2023-2024
Polokwane City,Cape Town City,2,2,FINISHED,21/04/2024,1455753,Matchday 25,2023-2024
TS Galaxy,Stellenbosch,1,2,FINISHED,21/04/2024,1455752,Matchday 25,2023-2024
Mamelodi Sundowns,Sekhukhune United,2,1,FINISHED,23/04/2024,1455751,Matchday 26,2023-2024
TS Galaxy,Swallows FC,2,1,FINISHED,26/04/2024,1455745,Matchday 26,2023-2024
Cape Town Spurs,Richards Bay,1,0,FINISHED,26/04/2024,1455747,Matchday 26,2023-2024
AmaZulu FC,Chippa United FC,2,1,FINISHED,27/04/2024,1455749,Matchday 26,2023-2024
Kaizer Chiefs,Siwelele FC,2,1,FINISHED,27/04/2024,1455748,Matchday 26,2023-2024
Stellenbosch,Polokwane City,5,0,FINISHED,27/04/2024,1455750,Matchday 26,2023-2024
Royal AM,Orlando Pirates,0,4,FINISHED,28/04/2024,1455746,Matchday 26,2023-2024
Cape Town City,Golden Arrows,1,1,FINISHED,28/04/2024,1455744,Matchday 26,2023-2024
Cape Town Spurs,Polokwane City,0,1,FINISHED,30/04/2024,1455743,Matchday 27,2023-2024
Richards Bay,AmaZulu FC,2,1,FINISHED,30/04/2024,1455786,Matchday 27,2023-2024
Cape Town City,Orlando Pirates,0,2,FINISHED,01/05/2024,1455800,Matchday 27,2023-2024
Chippa United FC,Swallows FC,1,2,FINISHED,01/05/2024,1455799,Matchday 27,2023-2024
Stellenbosch,Golden Arrows,3,0,FINISHED,01/05/2024,1455796,Matchday 27,2023-2024
Royal AM,Siwelele FC,0,1,FINISHED,01/05/2024,1455798,Matchday 27,2023-2024
Kaizer Chiefs,Mamelodi Sundowns,1,5,FINISHED,02/05/2024,1455758,Matchday 27,2023-2024
Sekhukhune United,TS Galaxy,0,0,FINISHED,03/05/2024,1455797,Matchday 27,2023-2024
Siwelele FC,Cape Town Spurs,0,0,FINISHED,10/05/2024,1455795,Matchday 28,2023-2024
Polokwane City,Sekhukhune United,0,0,FINISHED,11/05/2024,1455794,Matchday 28,2023-2024
Swallows FC,Stellenbosch,2,0,FINISHED,11/05/2024,1455793,Matchday 28,2023-2024
Mamelodi Sundowns,Royal AM,1,0,FINISHED,11/05/2024,1455791,Matchday 28,2023-2024
Orlando Pirates,Richards Bay,0,1,FINISHED,11/05/2024,1455790,Matchday 28,2023-2024
Cape Town City,TS Galaxy,1,1,FINISHED,12/05/2024,1455789,Matchday 28,2023-2024
Golden Arrows,Chippa United FC,1,1,FINISHED,12/05/2024,1455770,Matchday 28,2023-2024
AmaZulu FC,Kaizer Chiefs,1,1,FINISHED,12/05/2024,1455792,Matchday 28,2023-2024
Stellenbosch,Mamelodi Sundowns,0,1,FINISHED,18/05/2024,1455782,Matchday 29,2023-2024
Golden Arrows,Cape Town Spurs,1,1,FINISHED,18/05/2024,1455861,Matchday 29,2023-2024
Sekhukhune United,AmaZulu FC,0,1,FINISHED,18/05/2024,1455783,Matchday 29,2023-2024
Cape Town City,Richards Bay,3,1,FINISHED,18/05/2024,1455787,Matchday 29,2023-2024
Kaizer Chiefs,Polokwane City,0,0,FINISHED,18/05/2024,1455785,Matchday 29,2023-2024
TS Galaxy,Orlando Pirates,1,0,FINISHED,18/05/2024,1455780,Matchday 29,2023-2024
Royal AM,Chippa United FC,0,0,FINISHED,18/05/2024,1455784,Matchday 29,2023-2024
Siwelele FC,Swallows FC,2,0,FINISHED,18/05/2024,1455781,Matchday 29,2023-2024
Cape Town Spurs,Kaizer Chiefs,2,0,FINISHED,25/05/2024,1455778,Matchday 30,2023-2024
AmaZulu FC,Golden Arrows,1,3,FINISHED,25/05/2024,1455779,Matchday 30,2023-2024
Orlando Pirates,Siwelele FC,1,1,FINISHED,25/05/2024,1455775,Matchday 30,2023-2024
Chippa United FC,Sekhukhune United,0,1,FINISHED,25/05/2024,1455777,Matchday 30,2023-2024
Richards Bay,Stellenbosch,2,1,FINISHED,25/05/2024,1455773,Matchday 30,2023-2024
Mamelodi Sundowns,Cape Town City,0,1,FINISHED,25/05/2024,1455776,Matchday 30,2023-2024
Swallows FC,Royal AM,1,2,FINISHED,25/05/2024,1455788,Matchday 30,2023-2024
Polokwane City,TS Galaxy,1,0,FINISHED,25/05/2024,1455774,Matchday 30,2023-2024
Cape Town City,Mamelodi Sundowns,0,2,FINISHED,05/08/2022,1376401,Matchday 1,2022-2023
Golden Arrows,Richards Bay,0,2,FINISHED,06/08/2022,1376387,Matchday 1,2022-2023
Orlando Pirates,Swallows FC,1,0,FINISHED,06/08/2022,1376413,Matchday 1,2022-2023
Marumo Gallants,Stellenbosch,0,0,FINISHED,06/08/2022,1376414,Matchday 1,2022-2023
Royal AM,Kaizer Chiefs,1,0,FINISHED,06/08/2022,1376412,Matchday 1,2022-2023
Maritzburg United,Sekhukhune United,1,1,FINISHED,06/08/2022,1376411,Matchday 1,2022-2023
TS Galaxy,AmaZulu FC,0,0,FINISHED,07/08/2022,1376410,Matchday 1,2022-2023
Siwelele FC,Chippa United FC,1,1,FINISHED,07/08/2022,1376409,Matchday 1,2022-2023
Richards Bay,Marumo Gallants,0,0,FINISHED,09/08/2022,1376408,Matchday 2,2022-2023
Swallows FC,Cape Town City,3,2,FINISHED,09/08/2022,1376407,Matchday 2,2022-2023
Kaizer Chiefs,Maritzburg United,3,0,FINISHED,09/08/2022,1376406,Matchday 2,2022-2023
AmaZulu FC,Siwelele FC,2,1,FINISHED,10/08/2022,1376405,Matchday 2,2022-2023
Chippa United FC,Royal AM,1,3,FINISHED,10/08/2022,1376404,Matchday 2,2022-2023
Stellenbosch,Orlando Pirates,1,1,FINISHED,10/08/2022,1376417,Matchday 2,2022-2023
Mamelodi Sundowns,TS Galaxy,0,1,FINISHED,10/08/2022,1376416,Matchday 2,2022-2023
Sekhukhune United,Golden Arrows,1,0,FINISHED,10/08/2022,1376402,Matchday 2,2022-2023
Maritzburg United,Swallows FC,0,0,FINISHED,12/08/2022,1376400,Matchday 3,2022-2023
Marumo Gallants,Golden Arrows,1,1,FINISHED,13/08/2022,1376399,Matchday 3,2022-2023
Stellenbosch,Royal AM,3,1,FINISHED,13/08/2022,1376398,Matchday 3,2022-2023
Mamelodi Sundowns,Kaizer Chiefs,4,0,FINISHED,13/08/2022,1376397,Matchday 3,2022-2023
Richards Bay,Sekhukhune United,1,0,FINISHED,13/08/2022,1376396,Matchday 3,2022-2023
AmaZulu FC,Cape Town City,2,1,FINISHED,13/08/2022,1376395,Matchday 3,2022-2023
Orlando Pirates,Chippa United FC,0,1,FINISHED,14/08/2022,1376394,Matchday 3,2022-2023
TS Galaxy,Siwelele FC,2,0,FINISHED,14/08/2022,1376393,Matchday 3,2022-2023
Swallows FC,AmaZulu FC,2,3,FINISHED,19/08/2022,1376392,Matchday 4,2022-2023
Golden Arrows,TS Galaxy,0,0,FINISHED,20/08/2022,1376391,Matchday 4,2022-2023
Sekhukhune United,Mamelodi Sundowns,1,1,FINISHED,20/08/2022,1376390,Matchday 4,2022-2023
Cape Town City,Stellenbosch,1,1,FINISHED,20/08/2022,1376389,Matchday 4,2022-2023
Kaizer Chiefs,Richards Bay,1,0,FINISHED,20/08/2022,1376446,Matchday 4,2022-2023
Maritzburg United,Chippa United FC,2,1,FINISHED,20/08/2022,1376403,Matchday 4,2022-2023
Royal AM,Marumo Gallants,2,2,FINISHED,21/08/2022,1376431,Matchday 4,2022-2023
Siwelele FC,Orlando Pirates,0,0,FINISHED,21/08/2022,1376327,Matchday 4,2022-2023
Cape Town City,Kaizer Chiefs,2,0,FINISHED,23/08/2022,1376444,Matchday 5,2022-2023
Swallows FC,Sekhukhune United,2,1,FINISHED,23/08/2022,1376443,Matchday 5,2022-2023
Mamelodi Sundowns,Stellenbosch,3,0,FINISHED,24/08/2022,1376442,Matchday 5,2022-2023
Chippa United FC,TS Galaxy,0,0,FINISHED,24/08/2022,1376440,Matchday 5,2022-2023
Richards Bay,Siwelele FC,0,1,FINISHED,24/08/2022,1376438,Matchday 5,2022-2023
Orlando Pirates,Marumo Gallants,1,0,FINISHED,24/08/2022,1376439,Matchday 5,2022-2023
Royal AM,Maritzburg United,1,0,FINISHED,24/08/2022,1376437,Matchday 5,2022-2023
AmaZulu FC,Golden Arrows,0,1,FINISHED,24/08/2022,1376441,Matchday 5,2022-2023
Siwelele FC,Mamelodi Sundowns,2,1,FINISHED,02/09/2022,1376436,Matchday 6,2022-2023
Golden Arrows,Chippa United FC,3,2,FINISHED,03/09/2022,1376435,Matchday 6,2022-2023
Stellenbosch,Richards Bay,1,2,FINISHED,03/09/2022,1376434,Matchday 6,2022-2023
Kaizer Chiefs,AmaZulu FC,0,0,FINISHED,03/09/2022,1376415,Matchday 6,2022-2023
Sekhukhune United,Royal AM,1,2,FINISHED,03/09/2022,1376432,Matchday 6,2022-2023
TS Galaxy,Cape Town City,0,1,FINISHED,03/09/2022,1376386,Matchday 6,2022-2023
Marumo Gallants,Swallows FC,1,1,FINISHED,04/09/2022,1376430,Matchday 6,2022-2023
Maritzburg United,Orlando Pirates,1,0,FINISHED,04/09/2022,1376429,Matchday 6,2022-2023
Royal AM,Richards Bay,0,1,FINISHED,06/09/2022,1376421,Matchday 7,2022-2023
Cape Town City,Sekhukhune United,0,0,FINISHED,06/09/2022,1376424,Matchday 7,2022-2023
Maritzburg United,Siwelele FC,1,2,FINISHED,09/09/2022,1376428,Matchday 7,2022-2023
AmaZulu FC,Chippa United FC,1,2,FINISHED,10/09/2022,1376427,Matchday 7,2022-2023
Swallows FC,Stellenbosch,1,2,FINISHED,10/09/2022,1376426,Matchday 7,2022-2023
Orlando Pirates,TS Galaxy,2,0,FINISHED,10/09/2022,1376425,Matchday 7,2022-2023
Mamelodi Sundowns,Golden Arrows,2,1,FINISHED,10/09/2022,1376423,Matchday 7,2022-2023
Marumo Gallants,Kaizer Chiefs,1,1,FINISHED,11/09/2022,1376422,Matchday 7,2022-2023
Cape Town City,Maritzburg United,0,0,FINISHED,16/08/2022,1376420,Matchday 8,2022-2023
Royal AM,Orlando Pirates,0,1,FINISHED,17/08/2022,1376354,Matchday 8,2022-2023
Chippa United FC,Marumo Gallants,1,0,FINISHED,17/09/2022,1376419,Matchday 8,2022-2023
Golden Arrows,Swallows FC,4,0,FINISHED,17/09/2022,1376418,Matchday 8,2022-2023
Sekhukhune United,Stellenbosch,1,1,FINISHED,17/09/2022,1376341,Matchday 8,2022-2023
Kaizer Chiefs,Siwelele FC,2,1,FINISHED,17/09/2022,1376388,Matchday 8,2022-2023
Mamelodi Sundowns,AmaZulu FC,1,0,FINISHED,18/09/2022,1376433,Matchday 8,2022-2023
Richards Bay,TS Galaxy,0,0,FINISHED,18/09/2022,1376353,Matchday 8,2022-2023
Chippa United FC,Mamelodi Sundowns,0,1,FINISHED,07/09/2022,1376351,Matchday 9,2022-2023
Sekhukhune United,Orlando Pirates,2,0,FINISHED,04/10/2022,1376352,Matchday 9,2022-2023
Siwelele FC,Royal AM,3,1,FINISHED,04/10/2022,1376348,Matchday 9,2022-2023
TS Galaxy,Marumo Gallants,0,1,FINISHED,04/10/2022,1376347,Matchday 9,2022-2023
Golden Arrows,Cape Town City,1,1,FINISHED,04/10/2022,1376350,Matchday 9,2022-2023
Stellenbosch,Maritzburg United,3,0,FINISHED,04/10/2022,1376349,Matchday 9,2022-2023
AmaZulu FC,Richards Bay,0,1,FINISHED,05/10/2022,1376346,Matchday 9,2022-2023
Swallows FC,Kaizer Chiefs,1,2,FINISHED,05/10/2022,1376345,Matchday 9,2022-2023
Siwelele FC,Sekhukhune United,3,1,FINISHED,07/10/2022,1376344,Matchday 10,2022-2023
TS Galaxy,Swallows FC,0,0,FINISHED,08/10/2022,1376338,Matchday 10,2022-2023
Orlando Pirates,Richards Bay,0,0,FINISHED,08/10/2022,1376342,Matchday 10,2022-2023
Stellenbosch,Kaizer Chiefs,1,3,FINISHED,09/10/2022,1376339,Matchday 10,2022-2023
Royal AM,Golden Arrows,3,1,FINISHED,25/10/2022,1376357,Matchday 10,2022-2023
Cape Town City,Chippa United FC,2,1,FINISHED,25/10/2022,1376337,Matchday 10,2022-2023
Maritzburg United,Mamelodi Sundowns,0,5,FINISHED,25/10/2022,1376340,Matchday 10,2022-2023
Marumo Gallants,AmaZulu FC,0,0,FINISHED,26/10/2022,1376356,Matchday 10,2022-2023
Golden Arrows,Stellenbosch,1,1,FINISHED,14/10/2022,1376335,Matchday 11,2022-2023
Orlando Pirates,AmaZulu FC,1,1,FINISHED,14/10/2022,1376336,Matchday 11,2022-2023
Richards Bay,Maritzburg United,0,0,FINISHED,15/10/2022,1376334,Matchday 11,2022-2023
Kaizer Chiefs,Chippa United FC,1,2,FINISHED,15/10/2022,1376333,Matchday 11,2022-2023
Cape Town City,Siwelele FC,0,1,FINISHED,03/01/2023,1376332,Matchday 11,2022-2023
Mamelodi Sundowns,Swallows FC,2,0,FINISHED,03/01/2023,1376329,Matchday 11,2022-2023
Royal AM,TS Galaxy,0,0,FINISHED,03/01/2023,1376330,Matchday 11,2022-2023
Sekhukhune United,Marumo Gallants,3,2,FINISHED,03/01/2023,1376331,Matchday 11,2022-2023
Chippa United FC,Sekhukhune United,1,0,FINISHED,18/10/2022,1376328,Matchday 12,2022-2023
Stellenbosch,Siwelele FC,0,2,FINISHED,18/10/2022,1376371,Matchday 12,2022-2023
Golden Arrows,Orlando Pirates,0,2,FINISHED,18/10/2022,1376343,Matchday 12,2022-2023
AmaZulu FC,Maritzburg United,1,1,FINISHED,19/10/2022,1376385,Matchday 12,2022-2023
Kaizer Chiefs,TS Galaxy,2,2,FINISHED,19/10/2022,1376383,Matchday 12,2022-2023
Richards Bay,Cape Town City,1,0,FINISHED,19/10/2022,1376382,Matchday 12,2022-2023
Mamelodi Sundowns,Marumo Gallants,1,0,FINISHED,19/10/2022,1376384,Matchday 12,2022-2023
Swallows FC,Royal AM,2,0,FINISHED,19/10/2022,1376381,Matchday 12,2022-2023
Maritzburg United,Golden Arrows,0,2,FINISHED,28/10/2022,1376380,Matchday 13,2022-2023
Orlando Pirates,Kaizer Chiefs,0,1,FINISHED,29/10/2022,1376379,Matchday 13,2022-2023
Marumo Gallants,Cape Town City,2,1,FINISHED,29/10/2022,1376378,Matchday 13,2022-2023
Royal AM,Mamelodi Sundowns,0,3,FINISHED,29/10/2022,1376377,Matchday 13,2022-2023
Chippa United FC,Richards Bay,3,3,FINISHED,30/10/2022,1376375,Matchday 13,2022-2023
AmaZulu FC,Stellenbosch,1,0,FINISHED,30/10/2022,1376376,Matchday 13,2022-2023
TS Galaxy,Sekhukhune United,1,1,FINISHED,30/10/2022,1376374,Matchday 13,2022-2023
Siwelele FC,Swallows FC,1,1,FINISHED,30/10/2022,1376355,Matchday 13,2022-2023
Mamelodi Sundowns,Orlando Pirates,2,0,FINISHED,30/12/2022,1376367,Matchday 14,2022-2023
Cape Town City,Royal AM,2,1,FINISHED,30/12/2022,1376366,Matchday 14,2022-2023
Stellenbosch,Chippa United FC,1,1,FINISHED,30/12/2022,1376369,Matchday 14,2022-2023
Siwelele FC,Marumo Gallants,1,0,FINISHED,30/12/2022,1376372,Matchday 14,2022-2023
Maritzburg United,TS Galaxy,1,2,FINISHED,30/12/2022,1376447,Matchday 14,2022-2023
Richards Bay,Swallows FC,1,0,FINISHED,31/12/2022,1376370,Matchday 14,2022-2023
Golden Arrows,Kaizer Chiefs,0,2,FINISHED,31/12/2022,1376368,Matchday 14,2022-2023
Sekhukhune United,AmaZulu FC,0,0,FINISHED,31/12/2022,1376365,Matchday 14,2022-2023
Swallows FC,Chippa United FC,2,0,FINISHED,06/01/2023,1376364,Matchday 15,2022-2023
Richards Bay,Mamelodi Sundowns,0,2,FINISHED,06/01/2023,1376363,Matchday 15,2022-2023
Marumo Gallants,Maritzburg United,0,1,FINISHED,07/01/2023,1376361,Matchday 15,2022-2023
Golden Arrows,Siwelele FC,2,1,FINISHED,07/01/2023,1376362,Matchday 15,2022-2023
Cape Town City,Orlando Pirates,2,1,FINISHED,07/01/2023,1376360,Matchday 15,2022-2023
Kaizer Chiefs,Sekhukhune United,0,1,FINISHED,07/01/2023,1376359,Matchday 15,2022-2023
Royal AM,AmaZulu FC,2,0,FINISHED,08/01/2023,1376358,Matchday 15,2022-2023
TS Galaxy,Stellenbosch,0,0,FINISHED,08/01/2023,1376373,Matchday 15,2022-2023
AmaZulu FC,Kaizer Chiefs,4,0,FINISHED,13/01/2023,1376521,Matchday 16,2022-2023
Marumo Gallants,Richards Bay,0,2,FINISHED,14/01/2023,1376507,Matchday 16,2022-2023
Orlando Pirates,Golden Arrows,3,1,FINISHED,14/01/2023,1376534,Matchday 16,2022-2023
Stellenbosch,Sekhukhune United,0,1,FINISHED,14/01/2023,1376532,Matchday 16,2022-2023
Chippa United FC,Cape Town City,1,1,FINISHED,14/01/2023,1376533,Matchday 16,2022-2023
Swallows FC,TS Galaxy,0,0,FINISHED,15/01/2023,1376530,Matchday 16,2022-2023
Maritzburg United,Royal AM,3,1,FINISHED,15/01/2023,1376529,Matchday 16,2022-2023
Mamelodi Sundowns,Siwelele FC,1,0,FINISHED,16/01/2023,1376531,Matchday 16,2022-2023
Sekhukhune United,Swallows FC,1,0,FINISHED,20/01/2023,1376528,Matchday 17,2022-2023
Cape Town City,TS Galaxy,1,0,FINISHED,20/01/2023,1376525,Matchday 17,2022-2023
Royal AM,Chippa United FC,1,1,FINISHED,21/01/2023,1376527,Matchday 17,2022-2023
Golden Arrows,Maritzburg United,0,1,FINISHED,21/01/2023,1376526,Matchday 17,2022-2023
AmaZulu FC,Marumo Gallants,1,1,FINISHED,21/01/2023,1376524,Matchday 17,2022-2023
Kaizer Chiefs,Mamelodi Sundowns,0,1,FINISHED,21/01/2023,1376536,Matchday 17,2022-2023
Orlando Pirates,Stellenbosch,4,1,FINISHED,22/01/2023,1376522,Matchday 17,2022-2023
Siwelele FC,Richards Bay,1,1,FINISHED,22/01/2023,1376537,Matchday 17,2022-2023
Stellenbosch,Cape Town City,3,2,FINISHED,27/01/2023,1376520,Matchday 18,2022-2023
Mamelodi Sundowns,Sekhukhune United,2,0,FINISHED,28/01/2023,1376519,Matchday 18,2022-2023
Swallows FC,Siwelele FC,0,0,FINISHED,28/01/2023,1376518,Matchday 18,2022-2023
Marumo Gallants,Orlando Pirates,0,2,FINISHED,28/01/2023,1376517,Matchday 18,2022-2023
Chippa United FC,Maritzburg United,1,0,FINISHED,29/01/2023,1376515,Matchday 18,2022-2023
Richards Bay,AmaZulu FC,1,1,FINISHED,29/01/2023,1376516,Matchday 18,2022-2023
TS Galaxy,Golden Arrows,4,0,FINISHED,29/01/2023,1376513,Matchday 18,2022-2023
Kaizer Chiefs,Royal AM,2,0,FINISHED,29/01/2023,1376514,Matchday 18,2022-2023
Swallows FC,Richards Bay,1,0,FINISHED,03/02/2023,1376551,Matchday 19,2022-2023
Maritzburg United,AmaZulu FC,1,1,FINISHED,03/02/2023,1376512,Matchday 19,2022-2023
Golden Arrows,Royal AM,1,2,FINISHED,04/02/2023,1376510,Matchday 19,2022-2023
Orlando Pirates,Mamelodi Sundowns,0,1,FINISHED,04/02/2023,1376509,Matchday 19,2022-2023
Chippa United FC,Stellenbosch,1,2,FINISHED,04/02/2023,1376511,Matchday 19,2022-2023
Siwelele FC,Cape Town City,2,0,FINISHED,04/02/2023,1376445,Matchday 19,2022-2023
Marumo Gallants,Sekhukhune United,2,0,FINISHED,04/02/2023,1376523,Matchday 19,2022-2023
TS Galaxy,Kaizer Chiefs,0,0,FINISHED,05/02/2023,1376565,Matchday 19,2022-2023
Mamelodi Sundowns,Chippa United FC,2,1,FINISHED,10/01/2023,1376563,Matchday 20,2022-2023
Stellenbosch,Marumo Gallants,1,1,FINISHED,11/01/2023,1376562,Matchday 20,2022-2023
Orlando Pirates,Maritzburg United,2,1,FINISHED,17/02/2023,1376564,Matchday 20,2022-2023
Royal AM,Siwelele FC,1,1,FINISHED,18/02/2023,1376558,Matchday 20,2022-2023
Sekhukhune United,Richards Bay,2,0,FINISHED,18/02/2023,1376560,Matchday 20,2022-2023
AmaZulu FC,TS Galaxy,1,2,FINISHED,18/02/2023,1376559,Matchday 20,2022-2023
Kaizer Chiefs,Golden Arrows,2,3,FINISHED,19/02/2023,1376561,Matchday 20,2022-2023
Cape Town City,Swallows FC,2,0,FINISHED,19/02/2023,1376557,Matchday 20,2022-2023
TS Galaxy,Mamelodi Sundowns,1,2,FINISHED,24/01/2023,1376549,Matchday 21,2022-2023
Golden Arrows,Marumo Gallants,3,2,FINISHED,25/01/2023,1376550,Matchday 21,2022-2023
Siwelele FC,Maritzburg United,2,0,FINISHED,24/02/2023,1376556,Matchday 21,2022-2023
Kaizer Chiefs,Orlando Pirates,1,0,FINISHED,25/02/2023,1376555,Matchday 21,2022-2023
Richards Bay,Stellenbosch,1,2,FINISHED,25/02/2023,1376554,Matchday 21,2022-2023
Sekhukhune United,Cape Town City,0,1,FINISHED,25/02/2023,1376535,Matchday 21,2022-2023
AmaZulu FC,Royal AM,1,1,FINISHED,25/02/2023,1376552,Matchday 21,2022-2023
Chippa United FC,Swallows FC,1,2,FINISHED,26/02/2023,1376506,Matchday 21,2022-2023
Swallows FC,Orlando Pirates,1,4,FINISHED,03/03/2023,1376548,Matchday 22,2022-2023
Richards Bay,Kaizer Chiefs,0,1,FINISHED,04/03/2023,1376546,Matchday 22,2022-2023
Royal AM,Sekhukhune United,2,0,FINISHED,04/03/2023,1376545,Matchday 22,2022-2023
Maritzburg United,Cape Town City,1,2,FINISHED,04/03/2023,1376543,Matchday 22,2022-2023
Stellenbosch,Mamelodi Sundowns,1,1,FINISHED,05/03/2023,1376544,Matchday 22,2022-2023
Chippa United FC,AmaZulu FC,0,2,FINISHED,05/03/2023,1376542,Matchday 22,2022-2023
Marumo Gallants,TS Galaxy,0,0,FINISHED,05/03/2023,1376547,Matchday 22,2022-2023
Siwelele FC,Golden Arrows,2,1,FINISHED,05/03/2023,1376541,Matchday 22,2022-2023
Mamelodi Sundowns,Royal AM,5,1,FINISHED,14/03/2023,1376539,Matchday 23,2022-2023
Cape Town City,Marumo Gallants,2,2,FINISHED,14/03/2023,1376473,Matchday 23,2022-2023
Swallows FC,Golden Arrows,0,1,FINISHED,17/03/2023,1376540,Matchday 23,2022-2023
Stellenbosch,AmaZulu FC,2,0,FINISHED,17/03/2023,1376553,Matchday 23,2022-2023
Sekhukhune United,Chippa United FC,1,1,FINISHED,18/03/2023,1376461,Matchday 23,2022-2023
Orlando Pirates,Siwelele FC,1,0,FINISHED,18/03/2023,1376538,Matchday 23,2022-2023
Maritzburg United,Kaizer Chiefs,2,3,FINISHED,18/03/2023,1376508,Matchday 23,2022-2023
TS Galaxy,Richards Bay,4,0,FINISHED,19/03/2023,1376474,Matchday 23,2022-2023
Richards Bay,Orlando Pirates,0,2,FINISHED,01/04/2023,1376470,Matchday 24,2022-2023
Chippa United FC,Siwelele FC,1,1,FINISHED,01/04/2023,1376472,Matchday 24,2022-2023
Kaizer Chiefs,Stellenbosch,2,1,FINISHED,01/04/2023,1376469,Matchday 24,2022-2023
AmaZulu FC,Swallows FC,0,1,FINISHED,01/04/2023,1376467,Matchday 24,2022-2023
Golden Arrows,Sekhukhune United,0,0,FINISHED,02/04/2023,1376466,Matchday 24,2022-2023
TS Galaxy,Maritzburg United,1,2,FINISHED,02/04/2023,1376465,Matchday 24,2022-2023
Mamelodi Sundowns,Cape Town City,0,0,FINISHED,04/04/2023,1376468,Matchday 24,2022-2023
Marumo Gallants,Royal AM,3,1,FINISHED,05/04/2023,1376471,Matchday 24,2022-2023
Siwelele FC,TS Galaxy,2,0,FINISHED,07/04/2023,1376464,Matchday 25,2022-2023
Richards Bay,Golden Arrows,0,1,FINISHED,08/04/2023,1376476,Matchday 25,2022-2023
Sekhukhune United,Maritzburg United,1,0,FINISHED,08/04/2023,1376462,Matchday 25,2022-2023
Chippa United FC,Orlando Pirates,0,2,FINISHED,08/04/2023,1376457,Matchday 25,2022-2023
Kaizer Chiefs,Marumo Gallants,1,1,FINISHED,08/04/2023,1376477,Matchday 25,2022-2023
Swallows FC,Mamelodi Sundowns,0,0,FINISHED,09/04/2023,1376459,Matchday 25,2022-2023
Royal AM,Stellenbosch,3,1,FINISHED,09/04/2023,1376460,Matchday 25,2022-2023
Cape Town City,AmaZulu FC,2,2,FINISHED,09/04/2023,1376458,Matchday 25,2022-2023
Golden Arrows,Mamelodi Sundowns,1,1,FINISHED,12/04/2023,1376455,Matchday 26,2022-2023
Marumo Gallants,Chippa United FC,3,1,FINISHED,12/04/2023,1376452,Matchday 26,2022-2023
Maritzburg United,Richards Bay,1,1,FINISHED,21/04/2023,1376456,Matchday 26,2022-2023
TS Galaxy,Royal AM,1,1,FINISHED,22/04/2023,1376451,Matchday 26,2022-2023
Orlando Pirates,Cape Town City,2,1,FINISHED,22/04/2023,1376454,Matchday 26,2022-2023
Stellenbosch,Swallows FC,3,0,FINISHED,22/04/2023,1376453,Matchday 26,2022-2023
Sekhukhune United,Kaizer Chiefs,1,0,FINISHED,23/04/2023,1376450,Matchday 26,2022-2023
Siwelele FC,AmaZulu FC,2,1,FINISHED,23/04/2023,1376449,Matchday 26,2022-2023
Marumo Gallants,Siwelele FC,0,0,FINISHED,18/04/2023,1376491,Matchday 27,2022-2023
Mamelodi Sundowns,Richards Bay,1,0,FINISHED,25/04/2023,1376504,Matchday 27,2022-2023
Chippa United FC,Kaizer Chiefs,0,1,FINISHED,27/04/2023,1376448,Matchday 27,2022-2023
Swallows FC,Maritzburg United,1,0,FINISHED,27/04/2023,1376463,Matchday 27,2022-2023
Royal AM,Cape Town City,1,2,FINISHED,29/04/2023,1376502,Matchday 27,2022-2023
Stellenbosch,Golden Arrows,5,2,FINISHED,29/04/2023,1376505,Matchday 27,2022-2023
AmaZulu FC,Sekhukhune United,2,0,FINISHED,29/04/2023,1376503,Matchday 27,2022-2023
TS Galaxy,Orlando Pirates,1,2,FINISHED,30/04/2023,1376501,Matchday 27,2022-2023
Kaizer Chiefs,Swallows FC,1,2,FINISHED,01/05/2023,1376500,Matchday 28,2022-2023
Siwelele FC,Stellenbosch,0,0,FINISHED,02/05/2023,1376499,Matchday 28,2022-2023
Orlando Pirates,Royal AM,1,1,FINISHED,03/05/2023,1376495,Matchday 28,2022-2023
Sekhukhune United,TS Galaxy,1,1,FINISHED,03/05/2023,1376475,Matchday 28,2022-2023
Cape Town City,Golden Arrows,0,0,FINISHED,03/05/2023,1376497,Matchday 28,2022-2023
AmaZulu FC,Mamelodi Sundowns,2,2,FINISHED,03/05/2023,1376498,Matchday 28,2022-2023
Maritzburg United,Marumo Gallants,2,2,FINISHED,03/05/2023,1376496,Matchday 28,2022-2023
Richards Bay,Chippa United FC,2,3,FINISHED,03/05/2023,1376494,Matchday 28,2022-2023
Marumo Gallants,Mamelodi Sundowns,0,2,FINISHED,06/05/2023,1376489,Matchday 29,2022-2023
TS Galaxy,Chippa United FC,4,0,FINISHED,13/05/2023,1376485,Matchday 29,2022-2023
Golden Arrows,AmaZulu FC,1,0,FINISHED,13/05/2023,1376566,Matchday 29,2022-2023
Maritzburg United,Stellenbosch,1,0,FINISHED,13/05/2023,1376490,Matchday 29,2022-2023
Cape Town City,Richards Bay,2,0,FINISHED,13/05/2023,1376492,Matchday 29,2022-2023
Siwelele FC,Kaizer Chiefs,1,0,FINISHED,13/05/2023,1376486,Matchday 29,2022-2023
Orlando Pirates,Sekhukhune United,1,1,FINISHED,13/05/2023,1376488,Matchday 29,2022-2023
Royal AM,Swallows FC,0,1,FINISHED,13/05/2023,1376487,Matchday 29,2022-2023
Mamelodi Sundowns,Maritzburg United,1,1,FINISHED,16/05/2023,1376481,Matchday 30,2022-2023
Richards Bay,Royal AM,0,0,FINISHED,20/05/2023,1376480,Matchday 30,2022-2023
AmaZulu FC,Orlando Pirates,0,4,FINISHED,20/05/2023,1376484,Matchday 30,2022-2023
Chippa United FC,Golden Arrows,0,0,FINISHED,20/05/2023,1376483,Matchday 30,2022-2023
Swallows FC,Marumo Gallants,2,0,FINISHED,20/05/2023,1376493,Matchday 30,2022-2023
Kaizer Chiefs,Cape Town City,0,1,FINISHED,20/05/2023,1376482,Matchday 30,2022-2023
Sekhukhune United,Siwelele FC,1,0,FINISHED,20/05/2023,1376479,Matchday 30,2022-2023
Stellenbosch,TS Galaxy,2,1,FINISHED,20/05/2023,1376478,Matchday 30,2022-2023
Mamelodi Sundowns,AmaZulu FC,1,0,FINISHED,20/08/2021,1297526,Matchday 1,2021-2022
Golden Arrows,Maritzburg United,2,1,FINISHED,21/08/2021,1297513,Matchday 1,2021-2022
Orlando Pirates,Stellenbosch,2,2,FINISHED,21/08/2021,1297525,Matchday 1,2021-2022
Sekhukhune United,Chippa United FC,0,1,FINISHED,21/08/2021,1297499,Matchday 1,2021-2022
Baroka FC,Marumo Gallants,2,0,FINISHED,21/08/2021,1297524,Matchday 1,2021-2022
Cape Town City,Siwelele FC,0,0,FINISHED,21/08/2021,1297523,Matchday 1,2021-2022
Swallows FC,Royal AM,1,0,FINISHED,22/08/2021,1297522,Matchday 1,2021-2022
TS Galaxy,Kaizer Chiefs,0,0,FINISHED,22/08/2021,1297521,Matchday 1,2021-2022
Marumo Gallants,Orlando Pirates,0,0,FINISHED,24/08/2021,1297520,Matchday 2,2021-2022
Chippa United FC,Mamelodi Sundowns,0,0,FINISHED,24/08/2021,1297519,Matchday 2,2021-2022
Siwelele FC,Golden Arrows,3,1,FINISHED,25/08/2021,1297517,Matchday 2,2021-2022
Maritzburg United,Sekhukhune United,0,2,FINISHED,25/08/2021,1297528,Matchday 2,2021-2022
Royal AM,Cape Town City,1,2,FINISHED,25/08/2021,1297516,Matchday 2,2021-2022
Stellenbosch,TS Galaxy,1,0,FINISHED,25/08/2021,1297529,Matchday 2,2021-2022
AmaZulu FC,Swallows FC,0,0,FINISHED,25/08/2021,1297514,Matchday 2,2021-2022
Kaizer Chiefs,Baroka FC,2,1,FINISHED,25/08/2021,1297518,Matchday 2,2021-2022
TS Galaxy,Golden Arrows,2,2,FINISHED,11/09/2021,1297510,Matchday 3,2021-2022
Orlando Pirates,Swallows FC,1,0,FINISHED,11/09/2021,1297511,Matchday 3,2021-2022
Sekhukhune United,Stellenbosch,1,1,FINISHED,11/09/2021,1297508,Matchday 3,2021-2022
Baroka FC,Maritzburg United,0,1,FINISHED,11/09/2021,1297507,Matchday 3,2021-2022
Royal AM,Chippa United FC,1,0,FINISHED,12/09/2021,1297506,Matchday 3,2021-2022
Mamelodi Sundowns,Kaizer Chiefs,2,0,FINISHED,12/09/2021,1297505,Matchday 3,2021-2022
AmaZulu FC,Siwelele FC,0,0,FINISHED,14/09/2021,1297512,Matchday 3,2021-2022
Cape Town City,Marumo Gallants,1,0,FINISHED,19/03/2022,1297509,Matchday 3,2021-2022
Chippa United FC,Orlando Pirates,1,3,FINISHED,18/09/2021,1297503,Matchday 4,2021-2022
Cape Town City,Stellenbosch,0,3,FINISHED,18/09/2021,1297501,Matchday 4,2021-2022
Baroka FC,Sekhukhune United,1,0,FINISHED,18/09/2021,1297515,Matchday 4,2021-2022
Kaizer Chiefs,Royal AM,1,4,FINISHED,18/09/2021,1297558,Matchday 4,2021-2022
Swallows FC,Siwelele FC,0,3,FINISHED,19/09/2021,1297543,Matchday 4,2021-2022
Mamelodi Sundowns,TS Galaxy,3,0,FINISHED,19/09/2021,1297439,Matchday 4,2021-2022
Golden Arrows,AmaZulu FC,2,2,FINISHED,22/09/2021,1297504,Matchday 4,2021-2022
Maritzburg United,Marumo Gallants,1,0,FINISHED,22/09/2021,1297502,Matchday 4,2021-2022
Swallows FC,Cape Town City,0,0,FINISHED,24/09/2021,1297550,Matchday 5,2021-2022
Orlando Pirates,Mamelodi Sundowns,0,2,FINISHED,25/09/2021,1297555,Matchday 5,2021-2022
Sekhukhune United,Golden Arrows,1,1,FINISHED,25/09/2021,1297553,Matchday 5,2021-2022
AmaZulu FC,Baroka FC,1,0,FINISHED,25/09/2021,1297556,Matchday 5,2021-2022
Siwelele FC,Maritzburg United,2,1,FINISHED,25/09/2021,1297554,Matchday 5,2021-2022
Stellenbosch,Chippa United FC,2,1,FINISHED,25/09/2021,1297552,Matchday 5,2021-2022
Royal AM,TS Galaxy,4,2,FINISHED,26/09/2021,1297551,Matchday 5,2021-2022
Marumo Gallants,Kaizer Chiefs,0,0,FINISHED,26/09/2021,1297549,Matchday 5,2021-2022
AmaZulu FC,Kaizer Chiefs,1,1,FINISHED,02/10/2021,1297548,Matchday 6,2021-2022
Chippa United FC,Siwelele FC,0,0,FINISHED,02/10/2021,1297547,Matchday 6,2021-2022
TS Galaxy,Sekhukhune United,0,1,FINISHED,02/10/2021,1297546,Matchday 6,2021-2022
Baroka FC,Stellenbosch,1,1,FINISHED,02/10/2021,1297544,Matchday 6,2021-2022
Cape Town City,Orlando Pirates,1,1,FINISHED,02/10/2021,1297527,Matchday 6,2021-2022
Golden Arrows,Marumo Gallants,3,1,FINISHED,03/10/2021,1297542,Matchday 6,2021-2022
Royal AM,Maritzburg United,2,1,FINISHED,03/10/2021,1297498,Matchday 6,2021-2022
Mamelodi Sundowns,Swallows FC,3,0,FINISHED,03/10/2021,1297541,Matchday 6,2021-2022
Sekhukhune United,Cape Town City,1,0,FINISHED,16/10/2021,1297540,Matchday 7,2021-2022
Siwelele FC,Baroka FC,2,0,FINISHED,16/10/2021,1297537,Matchday 7,2021-2022
Kaizer Chiefs,Chippa United FC,4,0,FINISHED,16/10/2021,1297536,Matchday 7,2021-2022
Swallows FC,Stellenbosch,1,1,FINISHED,17/10/2021,1297534,Matchday 7,2021-2022
Marumo Gallants,Royal AM,2,2,FINISHED,19/10/2021,1297539,Matchday 7,2021-2022
TS Galaxy,AmaZulu FC,0,1,FINISHED,19/10/2021,1297535,Matchday 7,2021-2022
Golden Arrows,Mamelodi Sundowns,0,1,FINISHED,20/10/2021,1297538,Matchday 7,2021-2022
Maritzburg United,Orlando Pirates,0,0,FINISHED,20/10/2021,1297533,Matchday 7,2021-2022
Maritzburg United,TS Galaxy,1,0,FINISHED,23/10/2021,1297545,Matchday 8,2021-2022
Cape Town City,Golden Arrows,4,3,FINISHED,23/10/2021,1297500,Matchday 8,2021-2022
Chippa United FC,Swallows FC,0,0,FINISHED,24/10/2021,1297466,Matchday 8,2021-2022
Siwelele FC,Kaizer Chiefs,1,2,FINISHED,24/10/2021,1297465,Matchday 8,2021-2022
Stellenbosch,Marumo Gallants,1,0,FINISHED,27/10/2021,1297530,Matchday 8,2021-2022
Sekhukhune United,AmaZulu FC,2,0,FINISHED,27/10/2021,1297531,Matchday 8,2021-2022
Orlando Pirates,Royal AM,1,1,FINISHED,28/10/2021,1297532,Matchday 8,2021-2022
Baroka FC,Mamelodi Sundowns,1,1,FINISHED,14/02/2022,1297453,Matchday 8,2021-2022
Kaizer Chiefs,Stellenbosch,0,1,FINISHED,02/11/2021,1297464,Matchday 9,2021-2022
TS Galaxy,Baroka FC,2,1,FINISHED,02/11/2021,1297460,Matchday 9,2021-2022
Golden Arrows,Swallows FC,0,0,FINISHED,02/11/2021,1297462,Matchday 9,2021-2022
Orlando Pirates,Sekhukhune United,2,1,FINISHED,02/11/2021,1297461,Matchday 9,2021-2022
Royal AM,Siwelele FC,2,1,FINISHED,02/11/2021,1297459,Matchday 9,2021-2022
Cape Town City,Chippa United FC,1,0,FINISHED,03/11/2021,1297463,Matchday 9,2021-2022
Mamelodi Sundowns,Maritzburg United,1,0,FINISHED,03/11/2021,1297457,Matchday 9,2021-2022
AmaZulu FC,Marumo Gallants,0,0,FINISHED,04/11/2021,1297458,Matchday 9,2021-2022
Siwelele FC,TS Galaxy,2,1,FINISHED,05/11/2021,1297456,Matchday 10,2021-2022
Kaizer Chiefs,Orlando Pirates,2,1,FINISHED,06/11/2021,1297468,Matchday 10,2021-2022
Stellenbosch,Golden Arrows,0,0,FINISHED,06/11/2021,1297469,Matchday 10,2021-2022
Swallows FC,Sekhukhune United,0,1,FINISHED,07/11/2021,1297450,Matchday 10,2021-2022
Chippa United FC,Maritzburg United,0,0,FINISHED,07/11/2021,1297449,Matchday 10,2021-2022
Royal AM,Baroka FC,1,1,FINISHED,07/11/2021,1297452,Matchday 10,2021-2022
Marumo Gallants,Mamelodi Sundowns,0,4,FINISHED,07/11/2021,1297451,Matchday 10,2021-2022
AmaZulu FC,Cape Town City,2,0,FINISHED,07/11/2021,1297454,Matchday 10,2021-2022
Golden Arrows,Orlando Pirates,0,0,FINISHED,20/11/2021,1297446,Matchday 11,2021-2022
Stellenbosch,AmaZulu FC,2,2,FINISHED,20/11/2021,1297448,Matchday 11,2021-2022
Siwelele FC,Marumo Gallants,1,2,FINISHED,20/11/2021,1297445,Matchday 11,2021-2022
Baroka FC,Chippa United FC,0,1,FINISHED,20/11/2021,1297443,Matchday 11,2021-2022
Cape Town City,Mamelodi Sundowns,0,0,FINISHED,20/11/2021,1297444,Matchday 11,2021-2022
Sekhukhune United,Royal AM,1,0,FINISHED,20/11/2021,1297447,Matchday 11,2021-2022
TS Galaxy,Swallows FC,1,0,FINISHED,21/11/2021,1297442,Matchday 11,2021-2022
Maritzburg United,Kaizer Chiefs,0,1,FINISHED,21/11/2021,1297441,Matchday 11,2021-2022
Mamelodi Sundowns,Sekhukhune United,2,0,FINISHED,27/11/2021,1297483,Matchday 12,2021-2022
TS Galaxy,Cape Town City,2,2,FINISHED,27/11/2021,1297440,Matchday 12,2021-2022
Swallows FC,Kaizer Chiefs,1,3,FINISHED,28/11/2021,1297495,Matchday 12,2021-2022
Royal AM,Stellenbosch,1,0,FINISHED,28/11/2021,1297494,Matchday 12,2021-2022
Golden Arrows,Baroka FC,3,2,FINISHED,28/11/2021,1297455,Matchday 12,2021-2022
Maritzburg United,AmaZulu FC,1,1,FINISHED,28/11/2021,1297493,Matchday 12,2021-2022
Marumo Gallants,Chippa United FC,0,0,FINISHED,16/03/2022,1297497,Matchday 12,2021-2022
Orlando Pirates,Siwelele FC,3,2,FINISHED,16/03/2022,1297496,Matchday 12,2021-2022
Marumo Gallants,TS Galaxy,3,1,FINISHED,01/12/2021,1297489,Matchday 13,2021-2022
Orlando Pirates,Baroka FC,0,0,FINISHED,02/12/2021,1297492,Matchday 13,2021-2022
Swallows FC,Maritzburg United,1,1,FINISHED,04/12/2021,1297488,Matchday 13,2021-2022
AmaZulu FC,Royal AM,0,0,FINISHED,04/12/2021,1297491,Matchday 13,2021-2022
Chippa United FC,Golden Arrows,1,2,FINISHED,04/12/2021,1297490,Matchday 13,2021-2022
Stellenbosch,Mamelodi Sundowns,1,1,FINISHED,04/12/2021,1297486,Matchday 13,2021-2022
Siwelele FC,Sekhukhune United,0,1,FINISHED,05/12/2021,1297467,Matchday 13,2021-2022
Kaizer Chiefs,Cape Town City,1,2,FINISHED,30/04/2022,1297487,Matchday 13,2021-2022
TS Galaxy,Chippa United FC,3,1,FINISHED,07/12/2021,1297484,Matchday 14,2021-2022
Cape Town City,Maritzburg United,3,2,FINISHED,07/12/2021,1297559,Matchday 14,2021-2022
Mamelodi Sundowns,Royal AM,3,2,FINISHED,08/12/2021,1297479,Matchday 14,2021-2022
Sekhukhune United,Marumo Gallants,0,1,FINISHED,08/12/2021,1297478,Matchday 14,2021-2022
Baroka FC,Swallows FC,0,1,FINISHED,08/12/2021,1297481,Matchday 14,2021-2022
Stellenbosch,Siwelele FC,0,1,FINISHED,08/12/2021,1297477,Matchday 14,2021-2022
AmaZulu FC,Orlando Pirates,1,1,FINISHED,08/12/2021,1297482,Matchday 14,2021-2022
Golden Arrows,Kaizer Chiefs,2,1,FINISHED,27/04/2022,1297480,Matchday 14,2021-2022
Chippa United FC,AmaZulu FC,1,1,FINISHED,11/12/2021,1297474,Matchday 15,2021-2022
Swallows FC,Marumo Gallants,0,1,FINISHED,11/12/2021,1297476,Matchday 15,2021-2022
Baroka FC,Cape Town City,0,0,FINISHED,11/12/2021,1297473,Matchday 15,2021-2022
Orlando Pirates,TS Galaxy,2,0,FINISHED,11/12/2021,1297475,Matchday 15,2021-2022
Siwelele FC,Mamelodi Sundowns,0,1,FINISHED,11/12/2021,1297472,Matchday 15,2021-2022
Royal AM,Golden Arrows,0,0,FINISHED,12/12/2021,1297471,Matchday 15,2021-2022
Maritzburg United,Stellenbosch,0,0,FINISHED,12/12/2021,1297485,Matchday 15,2021-2022
Kaizer Chiefs,Sekhukhune United,2,0,FINISHED,12/12/2021,1297470,Matchday 15,2021-2022
Marumo Gallants,AmaZulu FC,0,1,FINISHED,17/12/2021,1297633,Matchday 16,2021-2022
Mamelodi Sundowns,Orlando Pirates,4,1,FINISHED,17/12/2021,1297619,Matchday 16,2021-2022
Golden Arrows,TS Galaxy,1,1,FINISHED,18/12/2021,1297645,Matchday 16,2021-2022
Stellenbosch,Baroka FC,1,0,FINISHED,18/12/2021,1297646,Matchday 16,2021-2022
Sekhukhune United,Siwelele FC,0,0,FINISHED,18/12/2021,1297644,Matchday 16,2021-2022
Cape Town City,Swallows FC,2,1,FINISHED,18/12/2021,1297643,Matchday 16,2021-2022
Royal AM,Kaizer Chiefs,1,0,FINISHED,19/12/2021,1297642,Matchday 16,2021-2022
Maritzburg United,Chippa United FC,0,2,FINISHED,19/12/2021,1297641,Matchday 16,2021-2022
Orlando Pirates,Marumo Gallants,2,1,FINISHED,20/12/2021,1297639,Matchday 17,2021-2022
AmaZulu FC,Mamelodi Sundowns,1,0,FINISHED,20/12/2021,1297640,Matchday 17,2021-2022
TS Galaxy,Stellenbosch,0,1,FINISHED,22/12/2021,1297634,Matchday 17,2021-2022
Baroka FC,Royal AM,1,0,FINISHED,22/12/2021,1297637,Matchday 17,2021-2022
Swallows FC,Golden Arrows,2,2,FINISHED,22/12/2021,1297648,Matchday 17,2021-2022
Chippa United FC,Sekhukhune United,0,0,FINISHED,22/12/2021,1297649,Matchday 17,2021-2022
Siwelele FC,Cape Town City,3,2,FINISHED,22/12/2021,1297638,Matchday 17,2021-2022
Kaizer Chiefs,Maritzburg United,2,0,FINISHED,22/12/2021,1297636,Matchday 17,2021-2022
Mamelodi Sundowns,Chippa United FC,2,0,FINISHED,07/02/2022,1297628,Matchday 18,2021-2022
Royal AM,Sekhukhune United,1,0,FINISHED,15/02/2022,1297632,Matchday 18,2021-2022
Cape Town City,Kaizer Chiefs,0,0,FINISHED,15/02/2022,1297630,Matchday 18,2021-2022
Maritzburg United,Siwelele FC,2,1,FINISHED,15/02/2022,1297631,Matchday 18,2021-2022
Stellenbosch,Swallows FC,1,1,FINISHED,16/02/2022,1297627,Matchday 18,2021-2022
Orlando Pirates,Golden Arrows,0,0,FINISHED,16/02/2022,1297625,Matchday 18,2021-2022
AmaZulu FC,TS Galaxy,0,0,FINISHED,22/02/2022,1297629,Matchday 18,2021-2022
Marumo Gallants,Baroka FC,3,0,FINISHED,02/03/2022,1297626,Matchday 18,2021-2022
Marumo Gallants,Maritzburg United,0,0,FINISHED,24/11/2021,1297624,Matchday 19,2021-2022
Kaizer Chiefs,AmaZulu FC,1,1,FINISHED,24/11/2021,1297621,Matchday 19,2021-2022
Stellenbosch,Orlando Pirates,0,3,FINISHED,24/11/2021,1297623,Matchday 19,2021-2022
Mamelodi Sundowns,Siwelele FC,2,2,FINISHED,24/11/2021,1297677,Matchday 19,2021-2022
Chippa United FC,Royal AM,2,2,FINISHED,19/02/2022,1297622,Matchday 19,2021-2022
Swallows FC,TS Galaxy,0,1,FINISHED,19/02/2022,1297663,Matchday 19,2021-2022
Golden Arrows,Cape Town City,0,1,FINISHED,20/02/2022,1297635,Matchday 19,2021-2022
Sekhukhune United,Baroka FC,4,0,FINISHED,20/02/2022,1297557,Matchday 19,2021-2022
Maritzburg United,Golden Arrows,1,2,FINISHED,25/02/2022,1297676,Matchday 20,2021-2022
Chippa United FC,Marumo Gallants,2,3,FINISHED,26/02/2022,1297673,Matchday 20,2021-2022
Sekhukhune United,Swallows FC,0,1,FINISHED,26/02/2022,1297671,Matchday 20,2021-2022
Baroka FC,Kaizer Chiefs,0,1,FINISHED,26/02/2022,1297672,Matchday 20,2021-2022
Siwelele FC,Royal AM,0,2,FINISHED,27/02/2022,1297669,Matchday 20,2021-2022
Orlando Pirates,Cape Town City,0,0,FINISHED,02/03/2022,1297675,Matchday 20,2021-2022
TS Galaxy,Mamelodi Sundowns,0,3,FINISHED,02/03/2022,1297670,Matchday 20,2021-2022
AmaZulu FC,Stellenbosch,2,2,FINISHED,02/03/2022,1297674,Matchday 20,2021-2022
Orlando Pirates,Kaizer Chiefs,1,2,FINISHED,05/03/2022,1297668,Matchday 21,2021-2022
Baroka FC,TS Galaxy,1,0,FINISHED,05/03/2022,1297666,Matchday 21,2021-2022
Cape Town City,Sekhukhune United,2,1,FINISHED,05/03/2022,1297664,Matchday 21,2021-2022
Siwelele FC,AmaZulu FC,2,0,FINISHED,05/03/2022,1297647,Matchday 21,2021-2022
Maritzburg United,Mamelodi Sundowns,2,1,FINISHED,05/03/2022,1297667,Matchday 21,2021-2022
Golden Arrows,Chippa United FC,1,2,FINISHED,06/03/2022,1297618,Matchday 21,2021-2022
Royal AM,Swallows FC,1,0,FINISHED,06/03/2022,1297661,Matchday 21,2021-2022
Marumo Gallants,Stellenbosch,1,0,FINISHED,06/03/2022,1297662,Matchday 21,2021-2022
AmaZulu FC,Chippa United FC,2,2,FINISHED,14/12/2021,1297658,Matchday 22,2021-2022
Marumo Gallants,Cape Town City,0,0,FINISHED,14/12/2021,1297655,Matchday 22,2021-2022
Mamelodi Sundowns,Baroka FC,2,1,FINISHED,14/12/2021,1297653,Matchday 22,2021-2022
Swallows FC,Orlando Pirates,1,1,FINISHED,14/12/2021,1297654,Matchday 22,2021-2022
Sekhukhune United,Maritzburg United,1,1,FINISHED,16/03/2022,1297656,Matchday 22,2021-2022
TS Galaxy,Siwelele FC,1,1,FINISHED,19/03/2022,1297659,Matchday 22,2021-2022
Kaizer Chiefs,Golden Arrows,0,1,FINISHED,19/03/2022,1297657,Matchday 22,2021-2022
Stellenbosch,Royal AM,2,2,FINISHED,20/03/2022,1297660,Matchday 22,2021-2022
Mamelodi Sundowns,Marumo Gallants,1,1,FINISHED,23/12/2021,1297585,Matchday 23,2021-2022
Orlando Pirates,AmaZulu FC,2,1,FINISHED,23/12/2021,1297573,Matchday 23,2021-2022
Stellenbosch,Sekhukhune United,1,1,FINISHED,02/04/2022,1297651,Matchday 23,2021-2022
TS Galaxy,Royal AM,1,4,FINISHED,02/04/2022,1297650,Matchday 23,2021-2022
Chippa United FC,Kaizer Chiefs,1,3,FINISHED,02/04/2022,1297652,Matchday 23,2021-2022
Golden Arrows,Siwelele FC,3,2,FINISHED,02/04/2022,1297665,Matchday 23,2021-2022
Cape Town City,Baroka FC,5,1,FINISHED,03/04/2022,1297586,Matchday 23,2021-2022
Maritzburg United,Swallows FC,1,1,FINISHED,12/04/2022,1297620,Matchday 23,2021-2022
Siwelele FC,Chippa United FC,1,1,FINISHED,05/04/2022,1297583,Matchday 24,2021-2022
Kaizer Chiefs,TS Galaxy,0,0,FINISHED,05/04/2022,1297584,Matchday 24,2021-2022
Baroka FC,AmaZulu FC,0,1,FINISHED,06/04/2022,1297578,Matchday 24,2021-2022
Royal AM,Marumo Gallants,2,0,FINISHED,06/04/2022,1297579,Matchday 24,2021-2022
Golden Arrows,Stellenbosch,0,2,FINISHED,06/04/2022,1297582,Matchday 24,2021-2022
Sekhukhune United,Orlando Pirates,0,1,FINISHED,06/04/2022,1297577,Matchday 24,2021-2022
Swallows FC,Mamelodi Sundowns,2,4,FINISHED,06/04/2022,1297581,Matchday 24,2021-2022
Maritzburg United,Cape Town City,0,1,FINISHED,06/04/2022,1297580,Matchday 24,2021-2022
Mamelodi Sundowns,Golden Arrows,6,0,FINISHED,12/04/2022,1297569,Matchday 25,2021-2022
Baroka FC,Orlando Pirates,0,0,FINISHED,12/04/2022,1297576,Matchday 25,2021-2022
Sekhukhune United,TS Galaxy,0,1,FINISHED,16/04/2022,1297574,Matchday 25,2021-2022
AmaZulu FC,Maritzburg United,1,0,FINISHED,16/04/2022,1297588,Matchday 25,2021-2022
Cape Town City,Royal AM,1,1,FINISHED,16/04/2022,1297572,Matchday 25,2021-2022
Kaizer Chiefs,Siwelele FC,0,1,FINISHED,16/04/2022,1297589,Matchday 25,2021-2022
Chippa United FC,Stellenbosch,1,0,FINISHED,17/04/2022,1297571,Matchday 25,2021-2022
Marumo Gallants,Swallows FC,1,1,FINISHED,17/04/2022,1297570,Matchday 25,2021-2022
Golden Arrows,Sekhukhune United,0,0,FINISHED,23/04/2022,1297566,Matchday 26,2021-2022
TS Galaxy,Maritzburg United,1,1,FINISHED,23/04/2022,1297565,Matchday 26,2021-2022
Stellenbosch,Kaizer Chiefs,1,0,FINISHED,23/04/2022,1297564,Matchday 26,2021-2022
Marumo Gallants,Siwelele FC,0,0,FINISHED,23/04/2022,1297567,Matchday 26,2021-2022
Swallows FC,Baroka FC,3,2,FINISHED,24/04/2022,1297562,Matchday 26,2021-2022
Royal AM,AmaZulu FC,0,0,FINISHED,24/04/2022,1297563,Matchday 26,2021-2022
Orlando Pirates,Chippa United FC,0,0,FINISHED,27/04/2022,1297568,Matchday 26,2021-2022
Mamelodi Sundowns,Cape Town City,0,0,FINISHED,27/04/2022,1297561,Matchday 26,2021-2022
TS Galaxy,Orlando Pirates,1,0,FINISHED,02/05/2022,1297560,Matchday 27,2021-2022
Siwelele FC,Stellenbosch,0,0,FINISHED,03/05/2022,1297617,Matchday 27,2021-2022
Swallows FC,AmaZulu FC,0,1,FINISHED,03/05/2022,1297575,Matchday 27,2021-2022
Sekhukhune United,Mamelodi Sundowns,0,2,FINISHED,03/05/2022,1297616,Matchday 27,2021-2022
Kaizer Chiefs,Marumo Gallants,1,0,FINISHED,03/05/2022,1297603,Matchday 27,2021-2022
Baroka FC,Golden Arrows,1,0,FINISHED,04/05/2022,1297613,Matchday 27,2021-2022
Chippa United FC,Cape Town City,0,0,FINISHED,04/05/2022,1297615,Matchday 27,2021-2022
Maritzburg United,Royal AM,1,0,FINISHED,04/05/2022,1297614,Matchday 27,2021-2022
Siwelele FC,Swallows FC,2,2,FINISHED,06/05/2022,1297612,Matchday 28,2021-2022
Marumo Gallants,Golden Arrows,0,0,FINISHED,07/05/2022,1297611,Matchday 28,2021-2022
Chippa United FC,Baroka FC,2,2,FINISHED,07/05/2022,1297610,Matchday 28,2021-2022
Stellenbosch,Maritzburg United,1,1,FINISHED,07/05/2022,1297608,Matchday 28,2021-2022
AmaZulu FC,Sekhukhune United,0,0,FINISHED,07/05/2022,1297609,Matchday 28,2021-2022
Cape Town City,TS Galaxy,2,0,FINISHED,07/05/2022,1297607,Matchday 28,2021-2022
Kaizer Chiefs,Mamelodi Sundowns,1,1,FINISHED,08/05/2022,1297587,Matchday 28,2021-2022
Royal AM,Orlando Pirates,2,2,FINISHED,27/05/2022,1297606,Matchday 28,2021-2022
Cape Town City,AmaZulu FC,0,0,FINISHED,14/05/2022,1297604,Matchday 29,2021-2022
Swallows FC,Chippa United FC,0,0,FINISHED,14/05/2022,1297597,Matchday 29,2021-2022
TS Galaxy,Marumo Gallants,0,0,FINISHED,14/05/2022,1297599,Matchday 29,2021-2022
Mamelodi Sundowns,Stellenbosch,0,3,FINISHED,14/05/2022,1297600,Matchday 29,2021-2022
Baroka FC,Siwelele FC,3,1,FINISHED,14/05/2022,1297602,Matchday 29,2021-2022
Golden Arrows,Royal AM,2,2,FINISHED,14/05/2022,1297601,Matchday 29,2021-2022
Sekhukhune United,Kaizer Chiefs,0,1,FINISHED,14/05/2022,1297678,Matchday 29,2021-2022
Orlando Pirates,Maritzburg United,4,1,FINISHED,24/05/2022,1297598,Matchday 29,2021-2022
Marumo Gallants,Sekhukhune United,2,2,FINISHED,21/05/2022,1297590,Matchday 30,2021-2022
Maritzburg United,Baroka FC,1,0,FINISHED,21/05/2022,1297591,Matchday 30,2021-2022
Kaizer Chiefs,Swallows FC,2,2,FINISHED,21/05/2022,1297593,Matchday 30,2021-2022
Stellenbosch,Cape Town City,1,0,FINISHED,21/05/2022,1297596,Matchday 30,2021-2022
Chippa United FC,TS Galaxy,0,1,FINISHED,21/05/2022,1297595,Matchday 30,2021-2022
Royal AM,Mamelodi Sundowns,2,3,FINISHED,23/05/2022,1297605,Matchday 30,2021-2022
AmaZulu FC,Golden Arrows,1,2,FINISHED,24/05/2022,1297592,Matchday 30,2021-2022
Siwelele FC,Orlando Pirates,2,0,FINISHED,30/05/2022,1297594,Matchday 30,2021-2022
